2026-10-09 09:47:43,090 INFO o.a.j.u.JMeterUtils: Setting Locale to en_EN
2026-10-09 09:47:43,123 INFO o.a.j.JMeter: Loading user properties from: C:\Users\joseb\Desktop\apache-jmeter-5.6.3\bin\user.properties
2026-10-09 09:47:43,125 INFO o.a.j.JMeter: Loading system properties from: C:\Users\joseb\Desktop\apache-jmeter-5.6.3\bin\system.properties
2026-10-09 09:47:43,125 INFO o.a.j.JMeter: Setting JMeter property: jmeter=.save.saveservice.output_format=csv
2026-10-09 09:47:43,138 INFO o.a.j.JMeter: Copyright (c) 1998-2024 The Apache Software Foundation
2026-10-09 09:47:43,138 INFO o.a.j.JMeter: Version 5.6.3
2026-10-09 09:47:43,138 INFO o.a.j.JMeter: java.version=21.0.12.1
2026-10-09 09:47:43,138 INFO o.a.j.JMeter: java.vm.name=OpenJDK 64-Bit Server VM
2026-10-09 09:47:43,138 INFO o.a.j.JMeter: os.name=Windows 11
2026-10-09 09:47:43,138 INFO o.a.j.JMeter: os.arch=amd64
2026-10-09 09:47:43,138 INFO o.a.j.JMeter: os.version=10.0
2026-10-09 09:47:43,138 INFO o.a.j.JMeter: file.encoding=UTF-8
2026-10-09 09:47:43,138 INFO o.a.j.JMeter: java.awt.headless=true
2026-10-09 09:47:43,138 INFO o.a.j.JMeter: Max memory     =1073741824
2026-10-09 09:47:43,138 INFO o.a.j.JMeter: Available Processors =12
2026-10-09 09:47:43,154 INFO o.a.j.JMeter: Default Locale=English (EN)
2026-10-09 09:47:43,154 INFO o.a.j.JMeter: JMeter  Locale=English (EN)
2026-10-09 09:47:43,154 INFO o.a.j.JMeter: JMeterHome=C:\Users\joseb\Desktop\apache-jmeter-5.6.3
2026-10-09 09:47:43,154 INFO o.a.j.JMeter: user.dir  =C:\Users\joseb\Desktop\prueba
2026-10-09 09:47:43,154 INFO o.a.j.JMeter: PWD       =C:\Users\joseb\Desktop\prueba
2026-10-09 09:47:43,156 INFO o.a.j.JMeter: IP: 192.168.100.7 Name: DESKTOP-1QP6N77 FullName: DESKTOP-1QP6N77
2026-10-09 09:47:43,176 INFO o.a.j.JMeter: Setting property 'jmeter.reportgenerator.outputdir' to:'C:\Users\joseb\Desktop\prueba\pruebas\jmeter\resultados\render-20261009-094740\html'
2026-10-09 09:47:43,182 INFO o.a.j.s.FileServer: Default base='C:\Users\joseb\Desktop\prueba'
2026-10-09 09:47:43,183 INFO o.a.j.s.FileServer: Set new base='C:\Users\joseb\Desktop\prueba\pruebas\jmeter'
2026-10-09 09:47:43,475 INFO o.a.j.s.SaveService: Testplan (JMX) version: 2.2. Testlog (JTL) version: 2.2
2026-10-09 09:47:43,519 INFO o.a.j.s.SaveService: Using SaveService properties version 5.0
2026-10-09 09:47:43,525 INFO o.a.j.s.SaveService: Using SaveService properties file encoding UTF-8
2026-10-09 09:47:43,530 INFO o.a.j.s.SaveService: Loading file: C:\Users\joseb\Desktop\prueba\pruebas\jmeter\render-onboarding.jmx
2026-10-09 09:47:43,635 INFO o.a.j.p.h.s.HTTPSamplerBase: Parser for text/html is org.apache.jmeter.protocol.http.parser.LagartoBasedHtmlParser
2026-10-09 09:47:43,635 INFO o.a.j.p.h.s.HTTPSamplerBase: Parser for application/xhtml+xml is org.apache.jmeter.protocol.http.parser.LagartoBasedHtmlParser
2026-10-09 09:47:43,635 INFO o.a.j.p.h.s.HTTPSamplerBase: Parser for application/xml is org.apache.jmeter.protocol.http.parser.LagartoBasedHtmlParser
2026-10-09 09:47:43,637 INFO o.a.j.p.h.s.HTTPSamplerBase: Parser for text/xml is org.apache.jmeter.protocol.http.parser.LagartoBasedHtmlParser
2026-10-09 09:47:43,637 INFO o.a.j.p.h.s.HTTPSamplerBase: Parser for text/vnd.wap.wml is org.apache.jmeter.protocol.http.parser.RegexpHTMLParser
2026-10-09 09:47:43,637 INFO o.a.j.p.h.s.HTTPSamplerBase: Parser for text/css is org.apache.jmeter.protocol.http.parser.CssParser
2026-10-09 09:47:43,639 ERROR o.a.j.s.c.TestElementPropertyConverter: Couldn't unmarshall TestElementProperty
java.lang.IllegalArgumentException: Name cannot be null
	at org.apache.jmeter.testelement.property.AbstractProperty.setName(AbstractProperty.java:72) ~[ApacheJMeter_core.jar:5.6.3]
	at org.apache.jmeter.save.converters.TestElementPropertyConverter.unmarshal(TestElementPropertyConverter.java:100) [ApacheJMeter_core.jar:5.6.3]
	at com.thoughtworks.xstream.core.TreeUnmarshaller.convert(TreeUnmarshaller.java:74) [xstream-1.4.20.jar:1.4.20]
	at com.thoughtworks.xstream.core.AbstractReferenceUnmarshaller.convert(AbstractReferenceUnmarshaller.java:72) [xstream-1.4.20.jar:1.4.20]
	at com.thoughtworks.xstream.core.TreeUnmarshaller.convertAnother(TreeUnmarshaller.java:68) [xstream-1.4.20.jar:1.4.20]
	at com.thoughtworks.xstream.core.TreeUnmarshaller.convertAnother(TreeUnmarshaller.java:52) [xstream-1.4.20.jar:1.4.20]
	at com.thoughtworks.xstream.converters.collections.AbstractCollectionConverter.readBareItem(AbstractCollectionConverter.java:132) [xstream-1.4.20.jar:1.4.20]
	at org.apache.jmeter.save.converters.MultiPropertyConverter.unmarshal(MultiPropertyConverter.java:68) [ApacheJMeter_core.jar:5.6.3]
	at com.thoughtworks.xstream.core.TreeUnmarshaller.convert(TreeUnmarshaller.java:74) [xstream-1.4.20.jar:1.4.20]
	at com.thoughtworks.xstream.core.AbstractReferenceUnmarshaller.convert(AbstractReferenceUnmarshaller.java:72) [xstream-1.4.20.jar:1.4.20]
	at com.thoughtworks.xstream.core.TreeUnmarshaller.convertAnother(TreeUnmarshaller.java:68) [xstream-1.4.20.jar:1.4.20]
	at com.thoughtworks.xstream.core.TreeUnmarshaller.convertAnother(TreeUnmarshaller.java:52) [xstream-1.4.20.jar:1.4.20]
	at com.thoughtworks.xstream.converters.collections.AbstractCollectionConverter.readBareItem(AbstractCollectionConverter.java:132) [xstream-1.4.20.jar:1.4.20]
	at org.apache.jmeter.save.converters.TestElementConverter.unmarshal(TestElementConverter.java:109) [ApacheJMeter_core.jar:5.6.3]
	at com.thoughtworks.xstream.core.TreeUnmarshaller.convert(TreeUnmarshaller.java:74) [xstream-1.4.20.jar:1.4.20]
	at com.thoughtworks.xstream.core.AbstractReferenceUnmarshaller.convert(AbstractReferenceUnmarshaller.java:72) [xstream-1.4.20.jar:1.4.20]
	at com.thoughtworks.xstream.core.TreeUnmarshaller.convertAnother(TreeUnmarshaller.java:68) [xstream-1.4.20.jar:1.4.20]
	at com.thoughtworks.xstream.core.TreeUnmarshaller.convertAnother(TreeUnmarshaller.java:52) [xstream-1.4.20.jar:1.4.20]
	at com.thoughtworks.xstream.converters.collections.AbstractCollectionConverter.readBareItem(AbstractCollectionConverter.java:132) [xstream-1.4.20.jar:1.4.20]
	at org.apache.jmeter.save.converters.HashTreeConverter.unmarshal(HashTreeConverter.java:66) [ApacheJMeter_core.jar:5.6.3]
	at com.thoughtworks.xstream.core.TreeUnmarshaller.convert(TreeUnmarshaller.java:74) [xstream-1.4.20.jar:1.4.20]
	at com.thoughtworks.xstream.core.AbstractReferenceUnmarshaller.convert(AbstractReferenceUnmarshaller.java:72) [xstream-1.4.20.jar:1.4.20]
	at com.thoughtworks.xstream.core.TreeUnmarshaller.convertAnother(TreeUnmarshaller.java:68) [xstream-1.4.20.jar:1.4.20]
	at com.thoughtworks.xstream.core.TreeUnmarshaller.convertAnother(TreeUnmarshaller.java:52) [xstream-1.4.20.jar:1.4.20]
	at com.thoughtworks.xstream.converters.collections.AbstractCollectionConverter.readBareItem(AbstractCollectionConverter.java:132) [xstream-1.4.20.jar:1.4.20]
	at org.apache.jmeter.save.converters.HashTreeConverter.unmarshal(HashTreeConverter.java:66) [ApacheJMeter_core.jar:5.6.3]
	at com.thoughtworks.xstream.core.TreeUnmarshaller.convert(TreeUnmarshaller.java:74) [xstream-1.4.20.jar:1.4.20]
	at com.thoughtworks.xstream.core.AbstractReferenceUnmarshaller.convert(AbstractReferenceUnmarshaller.java:72) [xstream-1.4.20.jar:1.4.20]
	at com.thoughtworks.xstream.core.TreeUnmarshaller.convertAnother(TreeUnmarshaller.java:68) [xstream-1.4.20.jar:1.4.20]
	at com.thoughtworks.xstream.core.TreeUnmarshaller.convertAnother(TreeUnmarshaller.java:52) [xstream-1.4.20.jar:1.4.20]
	at com.thoughtworks.xstream.converters.collections.AbstractCollectionConverter.readBareItem(AbstractCollectionConverter.java:132) [xstream-1.4.20.jar:1.4.20]
	at org.apache.jmeter.save.converters.HashTreeConverter.unmarshal(HashTreeConverter.java:66) [ApacheJMeter_core.jar:5.6.3]
	at com.thoughtworks.xstream.core.TreeUnmarshaller.convert(TreeUnmarshaller.java:74) [xstream-1.4.20.jar:1.4.20]
	at com.thoughtworks.xstream.core.AbstractReferenceUnmarshaller.convert(AbstractReferenceUnmarshaller.java:72) [xstream-1.4.20.jar:1.4.20]
	at com.thoughtworks.xstream.core.TreeUnmarshaller.convertAnother(TreeUnmarshaller.java:68) [xstream-1.4.20.jar:1.4.20]
	at com.thoughtworks.xstream.core.TreeUnmarshaller.convertAnother(TreeUnmarshaller.java:52) [xstream-1.4.20.jar:1.4.20]
	at com.thoughtworks.xstream.converters.collections.AbstractCollectionConverter.readBareItem(AbstractCollectionConverter.java:132) [xstream-1.4.20.jar:1.4.20]
	at org.apache.jmeter.save.converters.HashTreeConverter.unmarshal(HashTreeConverter.java:66) [ApacheJMeter_core.jar:5.6.3]
	at com.thoughtworks.xstream.core.TreeUnmarshaller.convert(TreeUnmarshaller.java:74) [xstream-1.4.20.jar:1.4.20]
	at com.thoughtworks.xstream.core.AbstractReferenceUnmarshaller.convert(AbstractReferenceUnmarshaller.java:72) [xstream-1.4.20.jar:1.4.20]
	at com.thoughtworks.xstream.core.TreeUnmarshaller.convertAnother(TreeUnmarshaller.java:68) [xstream-1.4.20.jar:1.4.20]
	at com.thoughtworks.xstream.core.TreeUnmarshaller.convertAnother(TreeUnmarshaller.java:52) [xstream-1.4.20.jar:1.4.20]
	at org.apache.jmeter.save.ScriptWrapperConverter.unmarshal(ScriptWrapperConverter.java:93) [ApacheJMeter_core.jar:5.6.3]
	at com.thoughtworks.xstream.core.TreeUnmarshaller.convert(TreeUnmarshaller.java:74) [xstream-1.4.20.jar:1.4.20]
	at com.thoughtworks.xstream.core.AbstractReferenceUnmarshaller.convert(AbstractReferenceUnmarshaller.java:72) [xstream-1.4.20.jar:1.4.20]
	at com.thoughtworks.xstream.core.TreeUnmarshaller.convertAnother(TreeUnmarshaller.java:68) [xstream-1.4.20.jar:1.4.20]
	at com.thoughtworks.xstream.core.TreeUnmarshaller.convertAnother(TreeUnmarshaller.java:52) [xstream-1.4.20.jar:1.4.20]
	at com.thoughtworks.xstream.core.TreeUnmarshaller.start(TreeUnmarshaller.java:136) [xstream-1.4.20.jar:1.4.20]
	at com.thoughtworks.xstream.core.AbstractTreeMarshallingStrategy.unmarshal(AbstractTreeMarshallingStrategy.java:32) [xstream-1.4.20.jar:1.4.20]
	at com.thoughtworks.xstream.XStream.unmarshal(XStream.java:1464) [xstream-1.4.20.jar:1.4.20]
	at com.thoughtworks.xstream.XStream.unmarshal(XStream.java:1441) [xstream-1.4.20.jar:1.4.20]
	at com.thoughtworks.xstream.XStream.fromXML(XStream.java:1321) [xstream-1.4.20.jar:1.4.20]
	at org.apache.jmeter.save.SaveService.readTree(SaveService.java:446) [ApacheJMeter_core.jar:5.6.3]
	at org.apache.jmeter.save.SaveService.loadTree(SaveService.java:429) [ApacheJMeter_core.jar:5.6.3]
	at org.apache.jmeter.JMeter.runNonGui(JMeter.java:954) [ApacheJMeter_core.jar:5.6.3]
	at org.apache.jmeter.JMeter.startNonGui(JMeter.java:940) [ApacheJMeter_core.jar:5.6.3]
	at org.apache.jmeter.JMeter.start(JMeter.java:508) [ApacheJMeter_core.jar:5.6.3]
	at java.base/jdk.internal.reflect.DirectMethodHandleAccessor.invoke(DirectMethodHandleAccessor.java:103) ~[?:?]
	at java.base/java.lang.reflect.Method.invoke(Method.java:580) ~[?:?]
	at org.apache.jmeter.NewDriver.main(NewDriver.java:259) [ApacheJMeter.jar:5.6.3]
2026-10-09 09:47:43,694 ERROR o.a.j.s.c.TestElementPropertyConverter: Couldn't unmarshall TestElementProperty
java.lang.IllegalArgumentException: Name cannot be null
	at org.apache.jmeter.testelement.property.AbstractProperty.setName(AbstractProperty.java:72) ~[ApacheJMeter_core.jar:5.6.3]
	at org.apache.jmeter.save.converters.TestElementPropertyConverter.unmarshal(TestElementPropertyConverter.java:100) [ApacheJMeter_core.jar:5.6.3]
	at com.thoughtworks.xstream.core.TreeUnmarshaller.convert(TreeUnmarshaller.java:74) [xstream-1.4.20.jar:1.4.20]
	at com.thoughtworks.xstream.core.AbstractReferenceUnmarshaller.convert(AbstractReferenceUnmarshaller.java:72) [xstream-1.4.20.jar:1.4.20]
	at com.thoughtworks.xstream.core.TreeUnmarshaller.convertAnother(TreeUnmarshaller.java:68) [xstream-1.4.20.jar:1.4.20]
	at com.thoughtworks.xstream.core.TreeUnmarshaller.convertAnother(TreeUnmarshaller.java:52) [xstream-1.4.20.jar:1.4.20]
	at com.thoughtworks.xstream.converters.collections.AbstractCollectionConverter.readBareItem(AbstractCollectionConverter.java:132) [xstream-1.4.20.jar:1.4.20]
	at org.apache.jmeter.save.converters.MultiPropertyConverter.unmarshal(MultiPropertyConverter.java:68) [ApacheJMeter_core.jar:5.6.3]
	at com.thoughtworks.xstream.core.TreeUnmarshaller.convert(TreeUnmarshaller.java:74) [xstream-1.4.20.jar:1.4.20]
	at com.thoughtworks.xstream.core.AbstractReferenceUnmarshaller.convert(AbstractReferenceUnmarshaller.java:72) [xstream-1.4.20.jar:1.4.20]
	at com.thoughtworks.xstream.core.TreeUnmarshaller.convertAnother(TreeUnmarshaller.java:68) [xstream-1.4.20.jar:1.4.20]
	at com.thoughtworks.xstream.core.TreeUnmarshaller.convertAnother(TreeUnmarshaller.java:52) [xstream-1.4.20.jar:1.4.20]
	at com.thoughtworks.xstream.converters.collections.AbstractCollectionConverter.readBareItem(AbstractCollectionConverter.java:132) [xstream-1.4.20.jar:1.4.20]
	at org.apache.jmeter.save.converters.TestElementConverter.unmarshal(TestElementConverter.java:109) [ApacheJMeter_core.jar:5.6.3]
	at com.thoughtworks.xstream.core.TreeUnmarshaller.convert(TreeUnmarshaller.java:74) [xstream-1.4.20.jar:1.4.20]
	at com.thoughtworks.xstream.core.AbstractReferenceUnmarshaller.convert(AbstractReferenceUnmarshaller.java:72) [xstream-1.4.20.jar:1.4.20]
	at com.thoughtworks.xstream.core.TreeUnmarshaller.convertAnother(TreeUnmarshaller.java:68) [xstream-1.4.20.jar:1.4.20]
	at com.thoughtworks.xstream.core.TreeUnmarshaller.convertAnother(TreeUnmarshaller.java:52) [xstream-1.4.20.jar:1.4.20]
	at com.thoughtworks.xstream.converters.collections.AbstractCollectionConverter.readBareItem(AbstractCollectionConverter.java:132) [xstream-1.4.20.jar:1.4.20]
	at org.apache.jmeter.save.converters.HashTreeConverter.unmarshal(HashTreeConverter.java:66) [ApacheJMeter_core.jar:5.6.3]
	at com.thoughtworks.xstream.core.TreeUnmarshaller.convert(TreeUnmarshaller.java:74) [xstream-1.4.20.jar:1.4.20]
	at com.thoughtworks.xstream.core.AbstractReferenceUnmarshaller.convert(AbstractReferenceUnmarshaller.java:72) [xstream-1.4.20.jar:1.4.20]
	at com.thoughtworks.xstream.core.TreeUnmarshaller.convertAnother(TreeUnmarshaller.java:68) [xstream-1.4.20.jar:1.4.20]
	at com.thoughtworks.xstream.core.TreeUnmarshaller.convertAnother(TreeUnmarshaller.java:52) [xstream-1.4.20.jar:1.4.20]
	at com.thoughtworks.xstream.converters.collections.AbstractCollectionConverter.readBareItem(AbstractCollectionConverter.java:132) [xstream-1.4.20.jar:1.4.20]
	at org.apache.jmeter.save.converters.HashTreeConverter.unmarshal(HashTreeConverter.java:66) [ApacheJMeter_core.jar:5.6.3]
	at com.thoughtworks.xstream.core.TreeUnmarshaller.convert(TreeUnmarshaller.java:74) [xstream-1.4.20.jar:1.4.20]
	at com.thoughtworks.xstream.core.AbstractReferenceUnmarshaller.convert(AbstractReferenceUnmarshaller.java:72) [xstream-1.4.20.jar:1.4.20]
	at com.thoughtworks.xstream.core.TreeUnmarshaller.convertAnother(TreeUnmarshaller.java:68) [xstream-1.4.20.jar:1.4.20]
	at com.thoughtworks.xstream.core.TreeUnmarshaller.convertAnother(TreeUnmarshaller.java:52) [xstream-1.4.20.jar:1.4.20]
	at com.thoughtworks.xstream.converters.collections.AbstractCollectionConverter.readBareItem(AbstractCollectionConverter.java:132) [xstream-1.4.20.jar:1.4.20]
	at org.apache.jmeter.save.converters.HashTreeConverter.unmarshal(HashTreeConverter.java:66) [ApacheJMeter_core.jar:5.6.3]
	at com.thoughtworks.xstream.core.TreeUnmarshaller.convert(TreeUnmarshaller.java:74) [xstream-1.4.20.jar:1.4.20]
	at com.thoughtworks.xstream.core.AbstractReferenceUnmarshaller.convert(AbstractReferenceUnmarshaller.java:72) [xstream-1.4.20.jar:1.4.20]
	at com.thoughtworks.xstream.core.TreeUnmarshaller.convertAnother(TreeUnmarshaller.java:68) [xstream-1.4.20.jar:1.4.20]
	at com.thoughtworks.xstream.core.TreeUnmarshaller.convertAnother(TreeUnmarshaller.java:52) [xstream-1.4.20.jar:1.4.20]
	at com.thoughtworks.xstream.converters.collections.AbstractCollectionConverter.readBareItem(AbstractCollectionConverter.java:132) [xstream-1.4.20.jar:1.4.20]
	at org.apache.jmeter.save.converters.HashTreeConverter.unmarshal(HashTreeConverter.java:66) [ApacheJMeter_core.jar:5.6.3]
	at com.thoughtworks.xstream.core.TreeUnmarshaller.convert(TreeUnmarshaller.java:74) [xstream-1.4.20.jar:1.4.20]
	at com.thoughtworks.xstream.core.AbstractReferenceUnmarshaller.convert(AbstractReferenceUnmarshaller.java:72) [xstream-1.4.20.jar:1.4.20]
	at com.thoughtworks.xstream.core.TreeUnmarshaller.convertAnother(TreeUnmarshaller.java:68) [xstream-1.4.20.jar:1.4.20]
	at com.thoughtworks.xstream.core.TreeUnmarshaller.convertAnother(TreeUnmarshaller.java:52) [xstream-1.4.20.jar:1.4.20]
	at org.apache.jmeter.save.ScriptWrapperConverter.unmarshal(ScriptWrapperConverter.java:93) [ApacheJMeter_core.jar:5.6.3]
	at com.thoughtworks.xstream.core.TreeUnmarshaller.convert(TreeUnmarshaller.java:74) [xstream-1.4.20.jar:1.4.20]
	at com.thoughtworks.xstream.core.AbstractReferenceUnmarshaller.convert(AbstractReferenceUnmarshaller.java:72) [xstream-1.4.20.jar:1.4.20]
	at com.thoughtworks.xstream.core.TreeUnmarshaller.convertAnother(TreeUnmarshaller.java:68) [xstream-1.4.20.jar:1.4.20]
	at com.thoughtworks.xstream.core.TreeUnmarshaller.convertAnother(TreeUnmarshaller.java:52) [xstream-1.4.20.jar:1.4.20]
	at com.thoughtworks.xstream.core.TreeUnmarshaller.start(TreeUnmarshaller.java:136) [xstream-1.4.20.jar:1.4.20]
	at com.thoughtworks.xstream.core.AbstractTreeMarshallingStrategy.unmarshal(AbstractTreeMarshallingStrategy.java:32) [xstream-1.4.20.jar:1.4.20]
	at com.thoughtworks.xstream.XStream.unmarshal(XStream.java:1464) [xstream-1.4.20.jar:1.4.20]
	at com.thoughtworks.xstream.XStream.unmarshal(XStream.java:1441) [xstream-1.4.20.jar:1.4.20]
	at com.thoughtworks.xstream.XStream.fromXML(XStream.java:1321) [xstream-1.4.20.jar:1.4.20]
	at org.apache.jmeter.save.SaveService.readTree(SaveService.java:446) [ApacheJMeter_core.jar:5.6.3]
	at org.apache.jmeter.save.SaveService.loadTree(SaveService.java:429) [ApacheJMeter_core.jar:5.6.3]
	at org.apache.jmeter.JMeter.runNonGui(JMeter.java:954) [ApacheJMeter_core.jar:5.6.3]
	at org.apache.jmeter.JMeter.startNonGui(JMeter.java:940) [ApacheJMeter_core.jar:5.6.3]
	at org.apache.jmeter.JMeter.start(JMeter.java:508) [ApacheJMeter_core.jar:5.6.3]
	at java.base/jdk.internal.reflect.DirectMethodHandleAccessor.invoke(DirectMethodHandleAccessor.java:103) ~[?:?]
	at java.base/java.lang.reflect.Method.invoke(Method.java:580) ~[?:?]
	at org.apache.jmeter.NewDriver.main(NewDriver.java:259) [ApacheJMeter.jar:5.6.3]
2026-10-09 09:47:43,698 ERROR o.a.j.s.c.TestElementPropertyConverter: Couldn't unmarshall TestElementProperty
java.lang.IllegalArgumentException: Name cannot be null
	at org.apache.jmeter.testelement.property.AbstractProperty.setName(AbstractProperty.java:72) ~[ApacheJMeter_core.jar:5.6.3]
	at org.apache.jmeter.save.converters.TestElementPropertyConverter.unmarshal(TestElementPropertyConverter.java:100) [ApacheJMeter_core.jar:5.6.3]
	at com.thoughtworks.xstream.core.TreeUnmarshaller.convert(TreeUnmarshaller.java:74) [xstream-1.4.20.jar:1.4.20]
	at com.thoughtworks.xstream.core.AbstractReferenceUnmarshaller.convert(AbstractReferenceUnmarshaller.java:72) [xstream-1.4.20.jar:1.4.20]
	at com.thoughtworks.xstream.core.TreeUnmarshaller.convertAnother(TreeUnmarshaller.java:68) [xstream-1.4.20.jar:1.4.20]
	at com.thoughtworks.xstream.core.TreeUnmarshaller.convertAnother(TreeUnmarshaller.java:52) [xstream-1.4.20.jar:1.4.20]
	at com.thoughtworks.xstream.converters.collections.AbstractCollectionConverter.readBareItem(AbstractCollectionConverter.java:132) [xstream-1.4.20.jar:1.4.20]
	at org.apache.jmeter.save.converters.MultiPropertyConverter.unmarshal(MultiPropertyConverter.java:68) [ApacheJMeter_core.jar:5.6.3]
	at com.thoughtworks.xstream.core.TreeUnmarshaller.convert(TreeUnmarshaller.java:74) [xstream-1.4.20.jar:1.4.20]
	at com.thoughtworks.xstream.core.AbstractReferenceUnmarshaller.convert(AbstractReferenceUnmarshaller.java:72) [xstream-1.4.20.jar:1.4.20]
	at com.thoughtworks.xstream.core.TreeUnmarshaller.convertAnother(TreeUnmarshaller.java:68) [xstream-1.4.20.jar:1.4.20]
	at com.thoughtworks.xstream.core.TreeUnmarshaller.convertAnother(TreeUnmarshaller.java:52) [xstream-1.4.20.jar:1.4.20]
	at com.thoughtworks.xstream.converters.collections.AbstractCollectionConverter.readBareItem(AbstractCollectionConverter.java:132) [xstream-1.4.20.jar:1.4.20]
	at org.apache.jmeter.save.converters.TestElementConverter.unmarshal(TestElementConverter.java:109) [ApacheJMeter_core.jar:5.6.3]
	at com.thoughtworks.xstream.core.TreeUnmarshaller.convert(TreeUnmarshaller.java:74) [xstream-1.4.20.jar:1.4.20]
	at com.thoughtworks.xstream.core.AbstractReferenceUnmarshaller.convert(AbstractReferenceUnmarshaller.java:72) [xstream-1.4.20.jar:1.4.20]
	at com.thoughtworks.xstream.core.TreeUnmarshaller.convertAnother(TreeUnmarshaller.java:68) [xstream-1.4.20.jar:1.4.20]
	at com.thoughtworks.xstream.core.TreeUnmarshaller.convertAnother(TreeUnmarshaller.java:52) [xstream-1.4.20.jar:1.4.20]
	at com.thoughtworks.xstream.converters.collections.AbstractCollectionConverter.readBareItem(AbstractCollectionConverter.java:132) [xstream-1.4.20.jar:1.4.20]
	at org.apache.jmeter.save.converters.HashTreeConverter.unmarshal(HashTreeConverter.java:66) [ApacheJMeter_core.jar:5.6.3]
	at com.thoughtworks.xstream.core.TreeUnmarshaller.convert(TreeUnmarshaller.java:74) [xstream-1.4.20.jar:1.4.20]
	at com.thoughtworks.xstream.core.AbstractReferenceUnmarshaller.convert(AbstractReferenceUnmarshaller.java:72) [xstream-1.4.20.jar:1.4.20]
	at com.thoughtworks.xstream.core.TreeUnmarshaller.convertAnother(TreeUnmarshaller.java:68) [xstream-1.4.20.jar:1.4.20]
	at com.thoughtworks.xstream.core.TreeUnmarshaller.convertAnother(TreeUnmarshaller.java:52) [xstream-1.4.20.jar:1.4.20]
	at com.thoughtworks.xstream.converters.collections.AbstractCollectionConverter.readBareItem(AbstractCollectionConverter.java:132) [xstream-1.4.20.jar:1.4.20]
	at org.apache.jmeter.save.converters.HashTreeConverter.unmarshal(HashTreeConverter.java:66) [ApacheJMeter_core.jar:5.6.3]
	at com.thoughtworks.xstream.core.TreeUnmarshaller.convert(TreeUnmarshaller.java:74) [xstream-1.4.20.jar:1.4.20]
	at com.thoughtworks.xstream.core.AbstractReferenceUnmarshaller.convert(AbstractReferenceUnmarshaller.java:72) [xstream-1.4.20.jar:1.4.20]
	at com.thoughtworks.xstream.core.TreeUnmarshaller.convertAnother(TreeUnmarshaller.java:68) [xstream-1.4.20.jar:1.4.20]
	at com.thoughtworks.xstream.core.TreeUnmarshaller.convertAnother(TreeUnmarshaller.java:52) [xstream-1.4.20.jar:1.4.20]
	at com.thoughtworks.xstream.converters.collections.AbstractCollectionConverter.readBareItem(AbstractCollectionConverter.java:132) [xstream-1.4.20.jar:1.4.20]
	at org.apache.jmeter.save.converters.HashTreeConverter.unmarshal(HashTreeConverter.java:66) [ApacheJMeter_core.jar:5.6.3]
	at com.thoughtworks.xstream.core.TreeUnmarshaller.convert(TreeUnmarshaller.java:74) [xstream-1.4.20.jar:1.4.20]
	at com.thoughtworks.xstream.core.AbstractReferenceUnmarshaller.convert(AbstractReferenceUnmarshaller.java:72) [xstream-1.4.20.jar:1.4.20]
	at com.thoughtworks.xstream.core.TreeUnmarshaller.convertAnother(TreeUnmarshaller.java:68) [xstream-1.4.20.jar:1.4.20]
	at com.thoughtworks.xstream.core.TreeUnmarshaller.convertAnother(TreeUnmarshaller.java:52) [xstream-1.4.20.jar:1.4.20]
	at com.thoughtworks.xstream.converters.collections.AbstractCollectionConverter.readBareItem(AbstractCollectionConverter.java:132) [xstream-1.4.20.jar:1.4.20]
	at org.apache.jmeter.save.converters.HashTreeConverter.unmarshal(HashTreeConverter.java:66) [ApacheJMeter_core.jar:5.6.3]
	at com.thoughtworks.xstream.core.TreeUnmarshaller.convert(TreeUnmarshaller.java:74) [xstream-1.4.20.jar:1.4.20]
	at com.thoughtworks.xstream.core.AbstractReferenceUnmarshaller.convert(AbstractReferenceUnmarshaller.java:72) [xstream-1.4.20.jar:1.4.20]
	at com.thoughtworks.xstream.core.TreeUnmarshaller.convertAnother(TreeUnmarshaller.java:68) [xstream-1.4.20.jar:1.4.20]
	at com.thoughtworks.xstream.core.TreeUnmarshaller.convertAnother(TreeUnmarshaller.java:52) [xstream-1.4.20.jar:1.4.20]
	at org.apache.jmeter.save.ScriptWrapperConverter.unmarshal(ScriptWrapperConverter.java:93) [ApacheJMeter_core.jar:5.6.3]
	at com.thoughtworks.xstream.core.TreeUnmarshaller.convert(TreeUnmarshaller.java:74) [xstream-1.4.20.jar:1.4.20]
	at com.thoughtworks.xstream.core.AbstractReferenceUnmarshaller.convert(AbstractReferenceUnmarshaller.java:72) [xstream-1.4.20.jar:1.4.20]
	at com.thoughtworks.xstream.core.TreeUnmarshaller.convertAnother(TreeUnmarshaller.java:68) [xstream-1.4.20.jar:1.4.20]
	at com.thoughtworks.xstream.core.TreeUnmarshaller.convertAnother(TreeUnmarshaller.java:52) [xstream-1.4.20.jar:1.4.20]
	at com.thoughtworks.xstream.core.TreeUnmarshaller.start(TreeUnmarshaller.java:136) [xstream-1.4.20.jar:1.4.20]
	at com.thoughtworks.xstream.core.AbstractTreeMarshallingStrategy.unmarshal(AbstractTreeMarshallingStrategy.java:32) [xstream-1.4.20.jar:1.4.20]
	at com.thoughtworks.xstream.XStream.unmarshal(XStream.java:1464) [xstream-1.4.20.jar:1.4.20]
	at com.thoughtworks.xstream.XStream.unmarshal(XStream.java:1441) [xstream-1.4.20.jar:1.4.20]
	at com.thoughtworks.xstream.XStream.fromXML(XStream.java:1321) [xstream-1.4.20.jar:1.4.20]
	at org.apache.jmeter.save.SaveService.readTree(SaveService.java:446) [ApacheJMeter_core.jar:5.6.3]
	at org.apache.jmeter.save.SaveService.loadTree(SaveService.java:429) [ApacheJMeter_core.jar:5.6.3]
	at org.apache.jmeter.JMeter.runNonGui(JMeter.java:954) [ApacheJMeter_core.jar:5.6.3]
	at org.apache.jmeter.JMeter.startNonGui(JMeter.java:940) [ApacheJMeter_core.jar:5.6.3]
	at org.apache.jmeter.JMeter.start(JMeter.java:508) [ApacheJMeter_core.jar:5.6.3]
	at java.base/jdk.internal.reflect.DirectMethodHandleAccessor.invoke(DirectMethodHandleAccessor.java:103) ~[?:?]
	at java.base/java.lang.reflect.Method.invoke(Method.java:580) ~[?:?]
	at org.apache.jmeter.NewDriver.main(NewDriver.java:259) [ApacheJMeter.jar:5.6.3]
2026-10-09 09:47:43,709 ERROR o.a.j.s.c.TestElementPropertyConverter: Couldn't unmarshall TestElementProperty
java.lang.IllegalArgumentException: Name cannot be null
	at org.apache.jmeter.testelement.property.AbstractProperty.setName(AbstractProperty.java:72) ~[ApacheJMeter_core.jar:5.6.3]
	at org.apache.jmeter.save.converters.TestElementPropertyConverter.unmarshal(TestElementPropertyConverter.java:100) [ApacheJMeter_core.jar:5.6.3]
	at com.thoughtworks.xstream.core.TreeUnmarshaller.convert(TreeUnmarshaller.java:74) [xstream-1.4.20.jar:1.4.20]
	at com.thoughtworks.xstream.core.AbstractReferenceUnmarshaller.convert(AbstractReferenceUnmarshaller.java:72) [xstream-1.4.20.jar:1.4.20]
	at com.thoughtworks.xstream.core.TreeUnmarshaller.convertAnother(TreeUnmarshaller.java:68) [xstream-1.4.20.jar:1.4.20]
	at com.thoughtworks.xstream.core.TreeUnmarshaller.convertAnother(TreeUnmarshaller.java:52) [xstream-1.4.20.jar:1.4.20]
	at com.thoughtworks.xstream.converters.collections.AbstractCollectionConverter.readBareItem(AbstractCollectionConverter.java:132) [xstream-1.4.20.jar:1.4.20]
	at org.apache.jmeter.save.converters.MultiPropertyConverter.unmarshal(MultiPropertyConverter.java:68) [ApacheJMeter_core.jar:5.6.3]
	at com.thoughtworks.xstream.core.TreeUnmarshaller.convert(TreeUnmarshaller.java:74) [xstream-1.4.20.jar:1.4.20]
	at com.thoughtworks.xstream.core.AbstractReferenceUnmarshaller.convert(AbstractReferenceUnmarshaller.java:72) [xstream-1.4.20.jar:1.4.20]
	at com.thoughtworks.xstream.core.TreeUnmarshaller.convertAnother(TreeUnmarshaller.java:68) [xstream-1.4.20.jar:1.4.20]
	at com.thoughtworks.xstream.core.TreeUnmarshaller.convertAnother(TreeUnmarshaller.java:52) [xstream-1.4.20.jar:1.4.20]
	at com.thoughtworks.xstream.converters.collections.AbstractCollectionConverter.readBareItem(AbstractCollectionConverter.java:132) [xstream-1.4.20.jar:1.4.20]
	at org.apache.jmeter.save.converters.TestElementConverter.unmarshal(TestElementConverter.java:109) [ApacheJMeter_core.jar:5.6.3]
	at com.thoughtworks.xstream.core.TreeUnmarshaller.convert(TreeUnmarshaller.java:74) [xstream-1.4.20.jar:1.4.20]
	at com.thoughtworks.xstream.core.AbstractReferenceUnmarshaller.convert(AbstractReferenceUnmarshaller.java:72) [xstream-1.4.20.jar:1.4.20]
	at com.thoughtworks.xstream.core.TreeUnmarshaller.convertAnother(TreeUnmarshaller.java:68) [xstream-1.4.20.jar:1.4.20]
	at com.thoughtworks.xstream.core.TreeUnmarshaller.convertAnother(TreeUnmarshaller.java:52) [xstream-1.4.20.jar:1.4.20]
	at com.thoughtworks.xstream.converters.collections.AbstractCollectionConverter.readBareItem(AbstractCollectionConverter.java:132) [xstream-1.4.20.jar:1.4.20]
	at org.apache.jmeter.save.converters.HashTreeConverter.unmarshal(HashTreeConverter.java:66) [ApacheJMeter_core.jar:5.6.3]
	at com.thoughtworks.xstream.core.TreeUnmarshaller.convert(TreeUnmarshaller.java:74) [xstream-1.4.20.jar:1.4.20]
	at com.thoughtworks.xstream.core.AbstractReferenceUnmarshaller.convert(AbstractReferenceUnmarshaller.java:72) [xstream-1.4.20.jar:1.4.20]
	at com.thoughtworks.xstream.core.TreeUnmarshaller.convertAnother(TreeUnmarshaller.java:68) [xstream-1.4.20.jar:1.4.20]
	at com.thoughtworks.xstream.core.TreeUnmarshaller.convertAnother(TreeUnmarshaller.java:52) [xstream-1.4.20.jar:1.4.20]
	at com.thoughtworks.xstream.converters.collections.AbstractCollectionConverter.readBareItem(AbstractCollectionConverter.java:132) [xstream-1.4.20.jar:1.4.20]
	at org.apache.jmeter.save.converters.HashTreeConverter.unmarshal(HashTreeConverter.java:66) [ApacheJMeter_core.jar:5.6.3]
	at com.thoughtworks.xstream.core.TreeUnmarshaller.convert(TreeUnmarshaller.java:74) [xstream-1.4.20.jar:1.4.20]
	at com.thoughtworks.xstream.core.AbstractReferenceUnmarshaller.convert(AbstractReferenceUnmarshaller.java:72) [xstream-1.4.20.jar:1.4.20]
	at com.thoughtworks.xstream.core.TreeUnmarshaller.convertAnother(TreeUnmarshaller.java:68) [xstream-1.4.20.jar:1.4.20]
	at com.thoughtworks.xstream.core.TreeUnmarshaller.convertAnother(TreeUnmarshaller.java:52) [xstream-1.4.20.jar:1.4.20]
	at com.thoughtworks.xstream.converters.collections.AbstractCollectionConverter.readBareItem(AbstractCollectionConverter.java:132) [xstream-1.4.20.jar:1.4.20]
	at org.apache.jmeter.save.converters.HashTreeConverter.unmarshal(HashTreeConverter.java:66) [ApacheJMeter_core.jar:5.6.3]
	at com.thoughtworks.xstream.core.TreeUnmarshaller.convert(TreeUnmarshaller.java:74) [xstream-1.4.20.jar:1.4.20]
	at com.thoughtworks.xstream.core.AbstractReferenceUnmarshaller.convert(AbstractReferenceUnmarshaller.java:72) [xstream-1.4.20.jar:1.4.20]
	at com.thoughtworks.xstream.core.TreeUnmarshaller.convertAnother(TreeUnmarshaller.java:68) [xstream-1.4.20.jar:1.4.20]
	at com.thoughtworks.xstream.core.TreeUnmarshaller.convertAnother(TreeUnmarshaller.java:52) [xstream-1.4.20.jar:1.4.20]
	at com.thoughtworks.xstream.converters.collections.AbstractCollectionConverter.readBareItem(AbstractCollectionConverter.java:132) [xstream-1.4.20.jar:1.4.20]
	at org.apache.jmeter.save.converters.HashTreeConverter.unmarshal(HashTreeConverter.java:66) [ApacheJMeter_core.jar:5.6.3]
	at com.thoughtworks.xstream.core.TreeUnmarshaller.convert(TreeUnmarshaller.java:74) [xstream-1.4.20.jar:1.4.20]
	at com.thoughtworks.xstream.core.AbstractReferenceUnmarshaller.convert(AbstractReferenceUnmarshaller.java:72) [xstream-1.4.20.jar:1.4.20]
	at com.thoughtworks.xstream.core.TreeUnmarshaller.convertAnother(TreeUnmarshaller.java:68) [xstream-1.4.20.jar:1.4.20]
	at com.thoughtworks.xstream.core.TreeUnmarshaller.convertAnother(TreeUnmarshaller.java:52) [xstream-1.4.20.jar:1.4.20]
	at org.apache.jmeter.save.ScriptWrapperConverter.unmarshal(ScriptWrapperConverter.java:93) [ApacheJMeter_core.jar:5.6.3]
	at com.thoughtworks.xstream.core.TreeUnmarshaller.convert(TreeUnmarshaller.java:74) [xstream-1.4.20.jar:1.4.20]
	at com.thoughtworks.xstream.core.AbstractReferenceUnmarshaller.convert(AbstractReferenceUnmarshaller.java:72) [xstream-1.4.20.jar:1.4.20]
	at com.thoughtworks.xstream.core.TreeUnmarshaller.convertAnother(TreeUnmarshaller.java:68) [xstream-1.4.20.jar:1.4.20]
	at com.thoughtworks.xstream.core.TreeUnmarshaller.convertAnother(TreeUnmarshaller.java:52) [xstream-1.4.20.jar:1.4.20]
	at com.thoughtworks.xstream.core.TreeUnmarshaller.start(TreeUnmarshaller.java:136) [xstream-1.4.20.jar:1.4.20]
	at com.thoughtworks.xstream.core.AbstractTreeMarshallingStrategy.unmarshal(AbstractTreeMarshallingStrategy.java:32) [xstream-1.4.20.jar:1.4.20]
	at com.thoughtworks.xstream.XStream.unmarshal(XStream.java:1464) [xstream-1.4.20.jar:1.4.20]
	at com.thoughtworks.xstream.XStream.unmarshal(XStream.java:1441) [xstream-1.4.20.jar:1.4.20]
	at com.thoughtworks.xstream.XStream.fromXML(XStream.java:1321) [xstream-1.4.20.jar:1.4.20]
	at org.apache.jmeter.save.SaveService.readTree(SaveService.java:446) [ApacheJMeter_core.jar:5.6.3]
	at org.apache.jmeter.save.SaveService.loadTree(SaveService.java:429) [ApacheJMeter_core.jar:5.6.3]
	at org.apache.jmeter.JMeter.runNonGui(JMeter.java:954) [ApacheJMeter_core.jar:5.6.3]
	at org.apache.jmeter.JMeter.startNonGui(JMeter.java:940) [ApacheJMeter_core.jar:5.6.3]
	at org.apache.jmeter.JMeter.start(JMeter.java:508) [ApacheJMeter_core.jar:5.6.3]
	at java.base/jdk.internal.reflect.DirectMethodHandleAccessor.invoke(DirectMethodHandleAccessor.java:103) ~[?:?]
	at java.base/java.lang.reflect.Method.invoke(Method.java:580) ~[?:?]
	at org.apache.jmeter.NewDriver.main(NewDriver.java:259) [ApacheJMeter.jar:5.6.3]
2026-10-09 09:47:43,711 ERROR o.a.j.s.c.TestElementPropertyConverter: Couldn't unmarshall TestElementProperty
java.lang.IllegalArgumentException: Name cannot be null
	at org.apache.jmeter.testelement.property.AbstractProperty.setName(AbstractProperty.java:72) ~[ApacheJMeter_core.jar:5.6.3]
	at org.apache.jmeter.save.converters.TestElementPropertyConverter.unmarshal(TestElementPropertyConverter.java:100) [ApacheJMeter_core.jar:5.6.3]
	at com.thoughtworks.xstream.core.TreeUnmarshaller.convert(TreeUnmarshaller.java:74) [xstream-1.4.20.jar:1.4.20]
	at com.thoughtworks.xstream.core.AbstractReferenceUnmarshaller.convert(AbstractReferenceUnmarshaller.java:72) [xstream-1.4.20.jar:1.4.20]
	at com.thoughtworks.xstream.core.TreeUnmarshaller.convertAnother(TreeUnmarshaller.java:68) [xstream-1.4.20.jar:1.4.20]
	at com.thoughtworks.xstream.core.TreeUnmarshaller.convertAnother(TreeUnmarshaller.java:52) [xstream-1.4.20.jar:1.4.20]
	at com.thoughtworks.xstream.converters.collections.AbstractCollectionConverter.readBareItem(AbstractCollectionConverter.java:132) [xstream-1.4.20.jar:1.4.20]
	at org.apache.jmeter.save.converters.MultiPropertyConverter.unmarshal(MultiPropertyConverter.java:68) [ApacheJMeter_core.jar:5.6.3]
	at com.thoughtworks.xstream.core.TreeUnmarshaller.convert(TreeUnmarshaller.java:74) [xstream-1.4.20.jar:1.4.20]
	at com.thoughtworks.xstream.core.AbstractReferenceUnmarshaller.convert(AbstractReferenceUnmarshaller.java:72) [xstream-1.4.20.jar:1.4.20]
	at com.thoughtworks.xstream.core.TreeUnmarshaller.convertAnother(TreeUnmarshaller.java:68) [xstream-1.4.20.jar:1.4.20]
	at com.thoughtworks.xstream.core.TreeUnmarshaller.convertAnother(TreeUnmarshaller.java:52) [xstream-1.4.20.jar:1.4.20]
	at com.thoughtworks.xstream.converters.collections.AbstractCollectionConverter.readBareItem(AbstractCollectionConverter.java:132) [xstream-1.4.20.jar:1.4.20]
	at org.apache.jmeter.save.converters.TestElementConverter.unmarshal(TestElementConverter.java:109) [ApacheJMeter_core.jar:5.6.3]
	at com.thoughtworks.xstream.core.TreeUnmarshaller.convert(TreeUnmarshaller.java:74) [xstream-1.4.20.jar:1.4.20]
	at com.thoughtworks.xstream.core.AbstractReferenceUnmarshaller.convert(AbstractReferenceUnmarshaller.java:72) [xstream-1.4.20.jar:1.4.20]
	at com.thoughtworks.xstream.core.TreeUnmarshaller.convertAnother(TreeUnmarshaller.java:68) [xstream-1.4.20.jar:1.4.20]
	at com.thoughtworks.xstream.core.TreeUnmarshaller.convertAnother(TreeUnmarshaller.java:52) [xstream-1.4.20.jar:1.4.20]
	at com.thoughtworks.xstream.converters.collections.AbstractCollectionConverter.readBareItem(AbstractCollectionConverter.java:132) [xstream-1.4.20.jar:1.4.20]
	at org.apache.jmeter.save.converters.HashTreeConverter.unmarshal(HashTreeConverter.java:66) [ApacheJMeter_core.jar:5.6.3]
	at com.thoughtworks.xstream.core.TreeUnmarshaller.convert(TreeUnmarshaller.java:74) [xstream-1.4.20.jar:1.4.20]
	at com.thoughtworks.xstream.core.AbstractReferenceUnmarshaller.convert(AbstractReferenceUnmarshaller.java:72) [xstream-1.4.20.jar:1.4.20]
	at com.thoughtworks.xstream.core.TreeUnmarshaller.convertAnother(TreeUnmarshaller.java:68) [xstream-1.4.20.jar:1.4.20]
	at com.thoughtworks.xstream.core.TreeUnmarshaller.convertAnother(TreeUnmarshaller.java:52) [xstream-1.4.20.jar:1.4.20]
	at com.thoughtworks.xstream.converters.collections.AbstractCollectionConverter.readBareItem(AbstractCollectionConverter.java:132) [xstream-1.4.20.jar:1.4.20]
	at org.apache.jmeter.save.converters.HashTreeConverter.unmarshal(HashTreeConverter.java:66) [ApacheJMeter_core.jar:5.6.3]
	at com.thoughtworks.xstream.core.TreeUnmarshaller.convert(TreeUnmarshaller.java:74) [xstream-1.4.20.jar:1.4.20]
	at com.thoughtworks.xstream.core.AbstractReferenceUnmarshaller.convert(AbstractReferenceUnmarshaller.java:72) [xstream-1.4.20.jar:1.4.20]
	at com.thoughtworks.xstream.core.TreeUnmarshaller.convertAnother(TreeUnmarshaller.java:68) [xstream-1.4.20.jar:1.4.20]
	at com.thoughtworks.xstream.core.TreeUnmarshaller.convertAnother(TreeUnmarshaller.java:52) [xstream-1.4.20.jar:1.4.20]
	at com.thoughtworks.xstream.converters.collections.AbstractCollectionConverter.readBareItem(AbstractCollectionConverter.java:132) [xstream-1.4.20.jar:1.4.20]
	at org.apache.jmeter.save.converters.HashTreeConverter.unmarshal(HashTreeConverter.java:66) [ApacheJMeter_core.jar:5.6.3]
	at com.thoughtworks.xstream.core.TreeUnmarshaller.convert(TreeUnmarshaller.java:74) [xstream-1.4.20.jar:1.4.20]
	at com.thoughtworks.xstream.core.AbstractReferenceUnmarshaller.convert(AbstractReferenceUnmarshaller.java:72) [xstream-1.4.20.jar:1.4.20]
	at com.thoughtworks.xstream.core.TreeUnmarshaller.convertAnother(TreeUnmarshaller.java:68) [xstream-1.4.20.jar:1.4.20]
	at com.thoughtworks.xstream.core.TreeUnmarshaller.convertAnother(TreeUnmarshaller.java:52) [xstream-1.4.20.jar:1.4.20]
	at com.thoughtworks.xstream.converters.collections.AbstractCollectionConverter.readBareItem(AbstractCollectionConverter.java:132) [xstream-1.4.20.jar:1.4.20]
	at org.apache.jmeter.save.converters.HashTreeConverter.unmarshal(HashTreeConverter.java:66) [ApacheJMeter_core.jar:5.6.3]
	at com.thoughtworks.xstream.core.TreeUnmarshaller.convert(TreeUnmarshaller.java:74) [xstream-1.4.20.jar:1.4.20]
	at com.thoughtworks.xstream.core.AbstractReferenceUnmarshaller.convert(AbstractReferenceUnmarshaller.java:72) [xstream-1.4.20.jar:1.4.20]
	at com.thoughtworks.xstream.core.TreeUnmarshaller.convertAnother(TreeUnmarshaller.java:68) [xstream-1.4.20.jar:1.4.20]
	at com.thoughtworks.xstream.core.TreeUnmarshaller.convertAnother(TreeUnmarshaller.java:52) [xstream-1.4.20.jar:1.4.20]
	at org.apache.jmeter.save.ScriptWrapperConverter.unmarshal(ScriptWrapperConverter.java:93) [ApacheJMeter_core.jar:5.6.3]
	at com.thoughtworks.xstream.core.TreeUnmarshaller.convert(TreeUnmarshaller.java:74) [xstream-1.4.20.jar:1.4.20]
	at com.thoughtworks.xstream.core.AbstractReferenceUnmarshaller.convert(AbstractReferenceUnmarshaller.java:72) [xstream-1.4.20.jar:1.4.20]
	at com.thoughtworks.xstream.core.TreeUnmarshaller.convertAnother(TreeUnmarshaller.java:68) [xstream-1.4.20.jar:1.4.20]
	at com.thoughtworks.xstream.core.TreeUnmarshaller.convertAnother(TreeUnmarshaller.java:52) [xstream-1.4.20.jar:1.4.20]
	at com.thoughtworks.xstream.core.TreeUnmarshaller.start(TreeUnmarshaller.java:136) [xstream-1.4.20.jar:1.4.20]
	at com.thoughtworks.xstream.core.AbstractTreeMarshallingStrategy.unmarshal(AbstractTreeMarshallingStrategy.java:32) [xstream-1.4.20.jar:1.4.20]
	at com.thoughtworks.xstream.XStream.unmarshal(XStream.java:1464) [xstream-1.4.20.jar:1.4.20]
	at com.thoughtworks.xstream.XStream.unmarshal(XStream.java:1441) [xstream-1.4.20.jar:1.4.20]
	at com.thoughtworks.xstream.XStream.fromXML(XStream.java:1321) [xstream-1.4.20.jar:1.4.20]
	at org.apache.jmeter.save.SaveService.readTree(SaveService.java:446) [ApacheJMeter_core.jar:5.6.3]
	at org.apache.jmeter.save.SaveService.loadTree(SaveService.java:429) [ApacheJMeter_core.jar:5.6.3]
	at org.apache.jmeter.JMeter.runNonGui(JMeter.java:954) [ApacheJMeter_core.jar:5.6.3]
	at org.apache.jmeter.JMeter.startNonGui(JMeter.java:940) [ApacheJMeter_core.jar:5.6.3]
	at org.apache.jmeter.JMeter.start(JMeter.java:508) [ApacheJMeter_core.jar:5.6.3]
	at java.base/jdk.internal.reflect.DirectMethodHandleAccessor.invoke(DirectMethodHandleAccessor.java:103) ~[?:?]
	at java.base/java.lang.reflect.Method.invoke(Method.java:580) ~[?:?]
	at org.apache.jmeter.NewDriver.main(NewDriver.java:259) [ApacheJMeter.jar:5.6.3]
2026-10-09 09:47:43,720 ERROR o.a.j.s.c.TestElementPropertyConverter: Couldn't unmarshall TestElementProperty
java.lang.IllegalArgumentException: Name cannot be null
	at org.apache.jmeter.testelement.property.AbstractProperty.setName(AbstractProperty.java:72) ~[ApacheJMeter_core.jar:5.6.3]
	at org.apache.jmeter.save.converters.TestElementPropertyConverter.unmarshal(TestElementPropertyConverter.java:100) [ApacheJMeter_core.jar:5.6.3]
	at com.thoughtworks.xstream.core.TreeUnmarshaller.convert(TreeUnmarshaller.java:74) [xstream-1.4.20.jar:1.4.20]
	at com.thoughtworks.xstream.core.AbstractReferenceUnmarshaller.convert(AbstractReferenceUnmarshaller.java:72) [xstream-1.4.20.jar:1.4.20]
	at com.thoughtworks.xstream.core.TreeUnmarshaller.convertAnother(TreeUnmarshaller.java:68) [xstream-1.4.20.jar:1.4.20]
	at com.thoughtworks.xstream.core.TreeUnmarshaller.convertAnother(TreeUnmarshaller.java:52) [xstream-1.4.20.jar:1.4.20]
	at com.thoughtworks.xstream.converters.collections.AbstractCollectionConverter.readBareItem(AbstractCollectionConverter.java:132) [xstream-1.4.20.jar:1.4.20]
	at org.apache.jmeter.save.converters.MultiPropertyConverter.unmarshal(MultiPropertyConverter.java:68) [ApacheJMeter_core.jar:5.6.3]
	at com.thoughtworks.xstream.core.TreeUnmarshaller.convert(TreeUnmarshaller.java:74) [xstream-1.4.20.jar:1.4.20]
	at com.thoughtworks.xstream.core.AbstractReferenceUnmarshaller.convert(AbstractReferenceUnmarshaller.java:72) [xstream-1.4.20.jar:1.4.20]
	at com.thoughtworks.xstream.core.TreeUnmarshaller.convertAnother(TreeUnmarshaller.java:68) [xstream-1.4.20.jar:1.4.20]
	at com.thoughtworks.xstream.core.TreeUnmarshaller.convertAnother(TreeUnmarshaller.java:52) [xstream-1.4.20.jar:1.4.20]
	at com.thoughtworks.xstream.converters.collections.AbstractCollectionConverter.readBareItem(AbstractCollectionConverter.java:132) [xstream-1.4.20.jar:1.4.20]
	at org.apache.jmeter.save.converters.TestElementConverter.unmarshal(TestElementConverter.java:109) [ApacheJMeter_core.jar:5.6.3]
	at com.thoughtworks.xstream.core.TreeUnmarshaller.convert(TreeUnmarshaller.java:74) [xstream-1.4.20.jar:1.4.20]
	at com.thoughtworks.xstream.core.AbstractReferenceUnmarshaller.convert(AbstractReferenceUnmarshaller.java:72) [xstream-1.4.20.jar:1.4.20]
	at com.thoughtworks.xstream.core.TreeUnmarshaller.convertAnother(TreeUnmarshaller.java:68) [xstream-1.4.20.jar:1.4.20]
	at com.thoughtworks.xstream.core.TreeUnmarshaller.convertAnother(TreeUnmarshaller.java:52) [xstream-1.4.20.jar:1.4.20]
	at com.thoughtworks.xstream.converters.collections.AbstractCollectionConverter.readBareItem(AbstractCollectionConverter.java:132) [xstream-1.4.20.jar:1.4.20]
	at org.apache.jmeter.save.converters.HashTreeConverter.unmarshal(HashTreeConverter.java:66) [ApacheJMeter_core.jar:5.6.3]
	at com.thoughtworks.xstream.core.TreeUnmarshaller.convert(TreeUnmarshaller.java:74) [xstream-1.4.20.jar:1.4.20]
	at com.thoughtworks.xstream.core.AbstractReferenceUnmarshaller.convert(AbstractReferenceUnmarshaller.java:72) [xstream-1.4.20.jar:1.4.20]
	at com.thoughtworks.xstream.core.TreeUnmarshaller.convertAnother(TreeUnmarshaller.java:68) [xstream-1.4.20.jar:1.4.20]
	at com.thoughtworks.xstream.core.TreeUnmarshaller.convertAnother(TreeUnmarshaller.java:52) [xstream-1.4.20.jar:1.4.20]
	at com.thoughtworks.xstream.converters.collections.AbstractCollectionConverter.readBareItem(AbstractCollectionConverter.java:132) [xstream-1.4.20.jar:1.4.20]
	at org.apache.jmeter.save.converters.HashTreeConverter.unmarshal(HashTreeConverter.java:66) [ApacheJMeter_core.jar:5.6.3]
	at com.thoughtworks.xstream.core.TreeUnmarshaller.convert(TreeUnmarshaller.java:74) [xstream-1.4.20.jar:1.4.20]
	at com.thoughtworks.xstream.core.AbstractReferenceUnmarshaller.convert(AbstractReferenceUnmarshaller.java:72) [xstream-1.4.20.jar:1.4.20]
	at com.thoughtworks.xstream.core.TreeUnmarshaller.convertAnother(TreeUnmarshaller.java:68) [xstream-1.4.20.jar:1.4.20]
	at com.thoughtworks.xstream.core.TreeUnmarshaller.convertAnother(TreeUnmarshaller.java:52) [xstream-1.4.20.jar:1.4.20]
	at com.thoughtworks.xstream.converters.collections.AbstractCollectionConverter.readBareItem(AbstractCollectionConverter.java:132) [xstream-1.4.20.jar:1.4.20]
	at org.apache.jmeter.save.converters.HashTreeConverter.unmarshal(HashTreeConverter.java:66) [ApacheJMeter_core.jar:5.6.3]
	at com.thoughtworks.xstream.core.TreeUnmarshaller.convert(TreeUnmarshaller.java:74) [xstream-1.4.20.jar:1.4.20]
	at com.thoughtworks.xstream.core.AbstractReferenceUnmarshaller.convert(AbstractReferenceUnmarshaller.java:72) [xstream-1.4.20.jar:1.4.20]
	at com.thoughtworks.xstream.core.TreeUnmarshaller.convertAnother(TreeUnmarshaller.java:68) [xstream-1.4.20.jar:1.4.20]
	at com.thoughtworks.xstream.core.TreeUnmarshaller.convertAnother(TreeUnmarshaller.java:52) [xstream-1.4.20.jar:1.4.20]
	at com.thoughtworks.xstream.converters.collections.AbstractCollectionConverter.readBareItem(AbstractCollectionConverter.java:132) [xstream-1.4.20.jar:1.4.20]
	at org.apache.jmeter.save.converters.HashTreeConverter.unmarshal(HashTreeConverter.java:66) [ApacheJMeter_core.jar:5.6.3]
	at com.thoughtworks.xstream.core.TreeUnmarshaller.convert(TreeUnmarshaller.java:74) [xstream-1.4.20.jar:1.4.20]
	at com.thoughtworks.xstream.core.AbstractReferenceUnmarshaller.convert(AbstractReferenceUnmarshaller.java:72) [xstream-1.4.20.jar:1.4.20]
	at com.thoughtworks.xstream.core.TreeUnmarshaller.convertAnother(TreeUnmarshaller.java:68) [xstream-1.4.20.jar:1.4.20]
	at com.thoughtworks.xstream.core.TreeUnmarshaller.convertAnother(TreeUnmarshaller.java:52) [xstream-1.4.20.jar:1.4.20]
	at org.apache.jmeter.save.ScriptWrapperConverter.unmarshal(ScriptWrapperConverter.java:93) [ApacheJMeter_core.jar:5.6.3]
	at com.thoughtworks.xstream.core.TreeUnmarshaller.convert(TreeUnmarshaller.java:74) [xstream-1.4.20.jar:1.4.20]
	at com.thoughtworks.xstream.core.AbstractReferenceUnmarshaller.convert(AbstractReferenceUnmarshaller.java:72) [xstream-1.4.20.jar:1.4.20]
	at com.thoughtworks.xstream.core.TreeUnmarshaller.convertAnother(TreeUnmarshaller.java:68) [xstream-1.4.20.jar:1.4.20]
	at com.thoughtworks.xstream.core.TreeUnmarshaller.convertAnother(TreeUnmarshaller.java:52) [xstream-1.4.20.jar:1.4.20]
	at com.thoughtworks.xstream.core.TreeUnmarshaller.start(TreeUnmarshaller.java:136) [xstream-1.4.20.jar:1.4.20]
	at com.thoughtworks.xstream.core.AbstractTreeMarshallingStrategy.unmarshal(AbstractTreeMarshallingStrategy.java:32) [xstream-1.4.20.jar:1.4.20]
	at com.thoughtworks.xstream.XStream.unmarshal(XStream.java:1464) [xstream-1.4.20.jar:1.4.20]
	at com.thoughtworks.xstream.XStream.unmarshal(XStream.java:1441) [xstream-1.4.20.jar:1.4.20]
	at com.thoughtworks.xstream.XStream.fromXML(XStream.java:1321) [xstream-1.4.20.jar:1.4.20]
	at org.apache.jmeter.save.SaveService.readTree(SaveService.java:446) [ApacheJMeter_core.jar:5.6.3]
	at org.apache.jmeter.save.SaveService.loadTree(SaveService.java:429) [ApacheJMeter_core.jar:5.6.3]
	at org.apache.jmeter.JMeter.runNonGui(JMeter.java:954) [ApacheJMeter_core.jar:5.6.3]
	at org.apache.jmeter.JMeter.startNonGui(JMeter.java:940) [ApacheJMeter_core.jar:5.6.3]
	at org.apache.jmeter.JMeter.start(JMeter.java:508) [ApacheJMeter_core.jar:5.6.3]
	at java.base/jdk.internal.reflect.DirectMethodHandleAccessor.invoke(DirectMethodHandleAccessor.java:103) ~[?:?]
	at java.base/java.lang.reflect.Method.invoke(Method.java:580) ~[?:?]
	at org.apache.jmeter.NewDriver.main(NewDriver.java:259) [ApacheJMeter.jar:5.6.3]
2026-10-09 09:47:43,722 ERROR o.a.j.s.c.TestElementPropertyConverter: Couldn't unmarshall TestElementProperty
java.lang.IllegalArgumentException: Name cannot be null
	at org.apache.jmeter.testelement.property.AbstractProperty.setName(AbstractProperty.java:72) ~[ApacheJMeter_core.jar:5.6.3]
	at org.apache.jmeter.save.converters.TestElementPropertyConverter.unmarshal(TestElementPropertyConverter.java:100) [ApacheJMeter_core.jar:5.6.3]
	at com.thoughtworks.xstream.core.TreeUnmarshaller.convert(TreeUnmarshaller.java:74) [xstream-1.4.20.jar:1.4.20]
	at com.thoughtworks.xstream.core.AbstractReferenceUnmarshaller.convert(AbstractReferenceUnmarshaller.java:72) [xstream-1.4.20.jar:1.4.20]
	at com.thoughtworks.xstream.core.TreeUnmarshaller.convertAnother(TreeUnmarshaller.java:68) [xstream-1.4.20.jar:1.4.20]
	at com.thoughtworks.xstream.core.TreeUnmarshaller.convertAnother(TreeUnmarshaller.java:52) [xstream-1.4.20.jar:1.4.20]
	at com.thoughtworks.xstream.converters.collections.AbstractCollectionConverter.readBareItem(AbstractCollectionConverter.java:132) [xstream-1.4.20.jar:1.4.20]
	at org.apache.jmeter.save.converters.MultiPropertyConverter.unmarshal(MultiPropertyConverter.java:68) [ApacheJMeter_core.jar:5.6.3]
	at com.thoughtworks.xstream.core.TreeUnmarshaller.convert(TreeUnmarshaller.java:74) [xstream-1.4.20.jar:1.4.20]
	at com.thoughtworks.xstream.core.AbstractReferenceUnmarshaller.convert(AbstractReferenceUnmarshaller.java:72) [xstream-1.4.20.jar:1.4.20]
	at com.thoughtworks.xstream.core.TreeUnmarshaller.convertAnother(TreeUnmarshaller.java:68) [xstream-1.4.20.jar:1.4.20]
	at com.thoughtworks.xstream.core.TreeUnmarshaller.convertAnother(TreeUnmarshaller.java:52) [xstream-1.4.20.jar:1.4.20]
	at com.thoughtworks.xstream.converters.collections.AbstractCollectionConverter.readBareItem(AbstractCollectionConverter.java:132) [xstream-1.4.20.jar:1.4.20]
	at org.apache.jmeter.save.converters.TestElementConverter.unmarshal(TestElementConverter.java:109) [ApacheJMeter_core.jar:5.6.3]
	at com.thoughtworks.xstream.core.TreeUnmarshaller.convert(TreeUnmarshaller.java:74) [xstream-1.4.20.jar:1.4.20]
	at com.thoughtworks.xstream.core.AbstractReferenceUnmarshaller.convert(AbstractReferenceUnmarshaller.java:72) [xstream-1.4.20.jar:1.4.20]
	at com.thoughtworks.xstream.core.TreeUnmarshaller.convertAnother(TreeUnmarshaller.java:68) [xstream-1.4.20.jar:1.4.20]
	at com.thoughtworks.xstream.core.TreeUnmarshaller.convertAnother(TreeUnmarshaller.java:52) [xstream-1.4.20.jar:1.4.20]
	at com.thoughtworks.xstream.converters.collections.AbstractCollectionConverter.readBareItem(AbstractCollectionConverter.java:132) [xstream-1.4.20.jar:1.4.20]
	at org.apache.jmeter.save.converters.HashTreeConverter.unmarshal(HashTreeConverter.java:66) [ApacheJMeter_core.jar:5.6.3]
	at com.thoughtworks.xstream.core.TreeUnmarshaller.convert(TreeUnmarshaller.java:74) [xstream-1.4.20.jar:1.4.20]
	at com.thoughtworks.xstream.core.AbstractReferenceUnmarshaller.convert(AbstractReferenceUnmarshaller.java:72) [xstream-1.4.20.jar:1.4.20]
	at com.thoughtworks.xstream.core.TreeUnmarshaller.convertAnother(TreeUnmarshaller.java:68) [xstream-1.4.20.jar:1.4.20]
	at com.thoughtworks.xstream.core.TreeUnmarshaller.convertAnother(TreeUnmarshaller.java:52) [xstream-1.4.20.jar:1.4.20]
	at com.thoughtworks.xstream.converters.collections.AbstractCollectionConverter.readBareItem(AbstractCollectionConverter.java:132) [xstream-1.4.20.jar:1.4.20]
	at org.apache.jmeter.save.converters.HashTreeConverter.unmarshal(HashTreeConverter.java:66) [ApacheJMeter_core.jar:5.6.3]
	at com.thoughtworks.xstream.core.TreeUnmarshaller.convert(TreeUnmarshaller.java:74) [xstream-1.4.20.jar:1.4.20]
	at com.thoughtworks.xstream.core.AbstractReferenceUnmarshaller.convert(AbstractReferenceUnmarshaller.java:72) [xstream-1.4.20.jar:1.4.20]
	at com.thoughtworks.xstream.core.TreeUnmarshaller.convertAnother(TreeUnmarshaller.java:68) [xstream-1.4.20.jar:1.4.20]
	at com.thoughtworks.xstream.core.TreeUnmarshaller.convertAnother(TreeUnmarshaller.java:52) [xstream-1.4.20.jar:1.4.20]
	at com.thoughtworks.xstream.converters.collections.AbstractCollectionConverter.readBareItem(AbstractCollectionConverter.java:132) [xstream-1.4.20.jar:1.4.20]
	at org.apache.jmeter.save.converters.HashTreeConverter.unmarshal(HashTreeConverter.java:66) [ApacheJMeter_core.jar:5.6.3]
	at com.thoughtworks.xstream.core.TreeUnmarshaller.convert(TreeUnmarshaller.java:74) [xstream-1.4.20.jar:1.4.20]
	at com.thoughtworks.xstream.core.AbstractReferenceUnmarshaller.convert(AbstractReferenceUnmarshaller.java:72) [xstream-1.4.20.jar:1.4.20]
	at com.thoughtworks.xstream.core.TreeUnmarshaller.convertAnother(TreeUnmarshaller.java:68) [xstream-1.4.20.jar:1.4.20]
	at com.thoughtworks.xstream.core.TreeUnmarshaller.convertAnother(TreeUnmarshaller.java:52) [xstream-1.4.20.jar:1.4.20]
	at com.thoughtworks.xstream.converters.collections.AbstractCollectionConverter.readBareItem(AbstractCollectionConverter.java:132) [xstream-1.4.20.jar:1.4.20]
	at org.apache.jmeter.save.converters.HashTreeConverter.unmarshal(HashTreeConverter.java:66) [ApacheJMeter_core.jar:5.6.3]
	at com.thoughtworks.xstream.core.TreeUnmarshaller.convert(TreeUnmarshaller.java:74) [xstream-1.4.20.jar:1.4.20]
	at com.thoughtworks.xstream.core.AbstractReferenceUnmarshaller.convert(AbstractReferenceUnmarshaller.java:72) [xstream-1.4.20.jar:1.4.20]
	at com.thoughtworks.xstream.core.TreeUnmarshaller.convertAnother(TreeUnmarshaller.java:68) [xstream-1.4.20.jar:1.4.20]
	at com.thoughtworks.xstream.core.TreeUnmarshaller.convertAnother(TreeUnmarshaller.java:52) [xstream-1.4.20.jar:1.4.20]
	at org.apache.jmeter.save.ScriptWrapperConverter.unmarshal(ScriptWrapperConverter.java:93) [ApacheJMeter_core.jar:5.6.3]
	at com.thoughtworks.xstream.core.TreeUnmarshaller.convert(TreeUnmarshaller.java:74) [xstream-1.4.20.jar:1.4.20]
	at com.thoughtworks.xstream.core.AbstractReferenceUnmarshaller.convert(AbstractReferenceUnmarshaller.java:72) [xstream-1.4.20.jar:1.4.20]
	at com.thoughtworks.xstream.core.TreeUnmarshaller.convertAnother(TreeUnmarshaller.java:68) [xstream-1.4.20.jar:1.4.20]
	at com.thoughtworks.xstream.core.TreeUnmarshaller.convertAnother(TreeUnmarshaller.java:52) [xstream-1.4.20.jar:1.4.20]
	at com.thoughtworks.xstream.core.TreeUnmarshaller.start(TreeUnmarshaller.java:136) [xstream-1.4.20.jar:1.4.20]
	at com.thoughtworks.xstream.core.AbstractTreeMarshallingStrategy.unmarshal(AbstractTreeMarshallingStrategy.java:32) [xstream-1.4.20.jar:1.4.20]
	at com.thoughtworks.xstream.XStream.unmarshal(XStream.java:1464) [xstream-1.4.20.jar:1.4.20]
	at com.thoughtworks.xstream.XStream.unmarshal(XStream.java:1441) [xstream-1.4.20.jar:1.4.20]
	at com.thoughtworks.xstream.XStream.fromXML(XStream.java:1321) [xstream-1.4.20.jar:1.4.20]
	at org.apache.jmeter.save.SaveService.readTree(SaveService.java:446) [ApacheJMeter_core.jar:5.6.3]
	at org.apache.jmeter.save.SaveService.loadTree(SaveService.java:429) [ApacheJMeter_core.jar:5.6.3]
	at org.apache.jmeter.JMeter.runNonGui(JMeter.java:954) [ApacheJMeter_core.jar:5.6.3]
	at org.apache.jmeter.JMeter.startNonGui(JMeter.java:940) [ApacheJMeter_core.jar:5.6.3]
	at org.apache.jmeter.JMeter.start(JMeter.java:508) [ApacheJMeter_core.jar:5.6.3]
	at java.base/jdk.internal.reflect.DirectMethodHandleAccessor.invoke(DirectMethodHandleAccessor.java:103) ~[?:?]
	at java.base/java.lang.reflect.Method.invoke(Method.java:580) ~[?:?]
	at org.apache.jmeter.NewDriver.main(NewDriver.java:259) [ApacheJMeter.jar:5.6.3]
2026-10-09 09:47:43,726 ERROR o.a.j.s.c.TestElementPropertyConverter: Couldn't unmarshall TestElementProperty
java.lang.IllegalArgumentException: Name cannot be null
	at org.apache.jmeter.testelement.property.AbstractProperty.setName(AbstractProperty.java:72) ~[ApacheJMeter_core.jar:5.6.3]
	at org.apache.jmeter.save.converters.TestElementPropertyConverter.unmarshal(TestElementPropertyConverter.java:100) [ApacheJMeter_core.jar:5.6.3]
	at com.thoughtworks.xstream.core.TreeUnmarshaller.convert(TreeUnmarshaller.java:74) [xstream-1.4.20.jar:1.4.20]
	at com.thoughtworks.xstream.core.AbstractReferenceUnmarshaller.convert(AbstractReferenceUnmarshaller.java:72) [xstream-1.4.20.jar:1.4.20]
	at com.thoughtworks.xstream.core.TreeUnmarshaller.convertAnother(TreeUnmarshaller.java:68) [xstream-1.4.20.jar:1.4.20]
	at com.thoughtworks.xstream.core.TreeUnmarshaller.convertAnother(TreeUnmarshaller.java:52) [xstream-1.4.20.jar:1.4.20]
	at com.thoughtworks.xstream.converters.collections.AbstractCollectionConverter.readBareItem(AbstractCollectionConverter.java:132) [xstream-1.4.20.jar:1.4.20]
	at org.apache.jmeter.save.converters.MultiPropertyConverter.unmarshal(MultiPropertyConverter.java:68) [ApacheJMeter_core.jar:5.6.3]
	at com.thoughtworks.xstream.core.TreeUnmarshaller.convert(TreeUnmarshaller.java:74) [xstream-1.4.20.jar:1.4.20]
	at com.thoughtworks.xstream.core.AbstractReferenceUnmarshaller.convert(AbstractReferenceUnmarshaller.java:72) [xstream-1.4.20.jar:1.4.20]
	at com.thoughtworks.xstream.core.TreeUnmarshaller.convertAnother(TreeUnmarshaller.java:68) [xstream-1.4.20.jar:1.4.20]
	at com.thoughtworks.xstream.core.TreeUnmarshaller.convertAnother(TreeUnmarshaller.java:52) [xstream-1.4.20.jar:1.4.20]
	at com.thoughtworks.xstream.converters.collections.AbstractCollectionConverter.readBareItem(AbstractCollectionConverter.java:132) [xstream-1.4.20.jar:1.4.20]
	at org.apache.jmeter.save.converters.TestElementConverter.unmarshal(TestElementConverter.java:109) [ApacheJMeter_core.jar:5.6.3]
	at com.thoughtworks.xstream.core.TreeUnmarshaller.convert(TreeUnmarshaller.java:74) [xstream-1.4.20.jar:1.4.20]
	at com.thoughtworks.xstream.core.AbstractReferenceUnmarshaller.convert(AbstractReferenceUnmarshaller.java:72) [xstream-1.4.20.jar:1.4.20]
	at com.thoughtworks.xstream.core.TreeUnmarshaller.convertAnother(TreeUnmarshaller.java:68) [xstream-1.4.20.jar:1.4.20]
	at com.thoughtworks.xstream.core.TreeUnmarshaller.convertAnother(TreeUnmarshaller.java:52) [xstream-1.4.20.jar:1.4.20]
	at com.thoughtworks.xstream.converters.collections.AbstractCollectionConverter.readBareItem(AbstractCollectionConverter.java:132) [xstream-1.4.20.jar:1.4.20]
	at org.apache.jmeter.save.converters.HashTreeConverter.unmarshal(HashTreeConverter.java:66) [ApacheJMeter_core.jar:5.6.3]
	at com.thoughtworks.xstream.core.TreeUnmarshaller.convert(TreeUnmarshaller.java:74) [xstream-1.4.20.jar:1.4.20]
	at com.thoughtworks.xstream.core.AbstractReferenceUnmarshaller.convert(AbstractReferenceUnmarshaller.java:72) [xstream-1.4.20.jar:1.4.20]
	at com.thoughtworks.xstream.core.TreeUnmarshaller.convertAnother(TreeUnmarshaller.java:68) [xstream-1.4.20.jar:1.4.20]
	at com.thoughtworks.xstream.core.TreeUnmarshaller.convertAnother(TreeUnmarshaller.java:52) [xstream-1.4.20.jar:1.4.20]
	at com.thoughtworks.xstream.converters.collections.AbstractCollectionConverter.readBareItem(AbstractCollectionConverter.java:132) [xstream-1.4.20.jar:1.4.20]
	at org.apache.jmeter.save.converters.HashTreeConverter.unmarshal(HashTreeConverter.java:66) [ApacheJMeter_core.jar:5.6.3]
	at com.thoughtworks.xstream.core.TreeUnmarshaller.convert(TreeUnmarshaller.java:74) [xstream-1.4.20.jar:1.4.20]
	at com.thoughtworks.xstream.core.AbstractReferenceUnmarshaller.convert(AbstractReferenceUnmarshaller.java:72) [xstream-1.4.20.jar:1.4.20]
	at com.thoughtworks.xstream.core.TreeUnmarshaller.convertAnother(TreeUnmarshaller.java:68) [xstream-1.4.20.jar:1.4.20]
	at com.thoughtworks.xstream.core.TreeUnmarshaller.convertAnother(TreeUnmarshaller.java:52) [xstream-1.4.20.jar:1.4.20]
	at com.thoughtworks.xstream.converters.collections.AbstractCollectionConverter.readBareItem(AbstractCollectionConverter.java:132) [xstream-1.4.20.jar:1.4.20]
	at org.apache.jmeter.save.converters.HashTreeConverter.unmarshal(HashTreeConverter.java:66) [ApacheJMeter_core.jar:5.6.3]
	at com.thoughtworks.xstream.core.TreeUnmarshaller.convert(TreeUnmarshaller.java:74) [xstream-1.4.20.jar:1.4.20]
	at com.thoughtworks.xstream.core.AbstractReferenceUnmarshaller.convert(AbstractReferenceUnmarshaller.java:72) [xstream-1.4.20.jar:1.4.20]
	at com.thoughtworks.xstream.core.TreeUnmarshaller.convertAnother(TreeUnmarshaller.java:68) [xstream-1.4.20.jar:1.4.20]
	at com.thoughtworks.xstream.core.TreeUnmarshaller.convertAnother(TreeUnmarshaller.java:52) [xstream-1.4.20.jar:1.4.20]
	at com.thoughtworks.xstream.converters.collections.AbstractCollectionConverter.readBareItem(AbstractCollectionConverter.java:132) [xstream-1.4.20.jar:1.4.20]
	at org.apache.jmeter.save.converters.HashTreeConverter.unmarshal(HashTreeConverter.java:66) [ApacheJMeter_core.jar:5.6.3]
	at com.thoughtworks.xstream.core.TreeUnmarshaller.convert(TreeUnmarshaller.java:74) [xstream-1.4.20.jar:1.4.20]
	at com.thoughtworks.xstream.core.AbstractReferenceUnmarshaller.convert(AbstractReferenceUnmarshaller.java:72) [xstream-1.4.20.jar:1.4.20]
	at com.thoughtworks.xstream.core.TreeUnmarshaller.convertAnother(TreeUnmarshaller.java:68) [xstream-1.4.20.jar:1.4.20]
	at com.thoughtworks.xstream.core.TreeUnmarshaller.convertAnother(TreeUnmarshaller.java:52) [xstream-1.4.20.jar:1.4.20]
	at org.apache.jmeter.save.ScriptWrapperConverter.unmarshal(ScriptWrapperConverter.java:93) [ApacheJMeter_core.jar:5.6.3]
	at com.thoughtworks.xstream.core.TreeUnmarshaller.convert(TreeUnmarshaller.java:74) [xstream-1.4.20.jar:1.4.20]
	at com.thoughtworks.xstream.core.AbstractReferenceUnmarshaller.convert(AbstractReferenceUnmarshaller.java:72) [xstream-1.4.20.jar:1.4.20]
	at com.thoughtworks.xstream.core.TreeUnmarshaller.convertAnother(TreeUnmarshaller.java:68) [xstream-1.4.20.jar:1.4.20]
	at com.thoughtworks.xstream.core.TreeUnmarshaller.convertAnother(TreeUnmarshaller.java:52) [xstream-1.4.20.jar:1.4.20]
	at com.thoughtworks.xstream.core.TreeUnmarshaller.start(TreeUnmarshaller.java:136) [xstream-1.4.20.jar:1.4.20]
	at com.thoughtworks.xstream.core.AbstractTreeMarshallingStrategy.unmarshal(AbstractTreeMarshallingStrategy.java:32) [xstream-1.4.20.jar:1.4.20]
	at com.thoughtworks.xstream.XStream.unmarshal(XStream.java:1464) [xstream-1.4.20.jar:1.4.20]
	at com.thoughtworks.xstream.XStream.unmarshal(XStream.java:1441) [xstream-1.4.20.jar:1.4.20]
	at com.thoughtworks.xstream.XStream.fromXML(XStream.java:1321) [xstream-1.4.20.jar:1.4.20]
	at org.apache.jmeter.save.SaveService.readTree(SaveService.java:446) [ApacheJMeter_core.jar:5.6.3]
	at org.apache.jmeter.save.SaveService.loadTree(SaveService.java:429) [ApacheJMeter_core.jar:5.6.3]
	at org.apache.jmeter.JMeter.runNonGui(JMeter.java:954) [ApacheJMeter_core.jar:5.6.3]
	at org.apache.jmeter.JMeter.startNonGui(JMeter.java:940) [ApacheJMeter_core.jar:5.6.3]
	at org.apache.jmeter.JMeter.start(JMeter.java:508) [ApacheJMeter_core.jar:5.6.3]
	at java.base/jdk.internal.reflect.DirectMethodHandleAccessor.invoke(DirectMethodHandleAccessor.java:103) ~[?:?]
	at java.base/java.lang.reflect.Method.invoke(Method.java:580) ~[?:?]
	at org.apache.jmeter.NewDriver.main(NewDriver.java:259) [ApacheJMeter.jar:5.6.3]
2026-10-09 09:47:43,726 ERROR o.a.j.s.c.TestElementPropertyConverter: Couldn't unmarshall TestElementProperty
java.lang.IllegalArgumentException: Name cannot be null
	at org.apache.jmeter.testelement.property.AbstractProperty.setName(AbstractProperty.java:72) ~[ApacheJMeter_core.jar:5.6.3]
	at org.apache.jmeter.save.converters.TestElementPropertyConverter.unmarshal(TestElementPropertyConverter.java:100) [ApacheJMeter_core.jar:5.6.3]
	at com.thoughtworks.xstream.core.TreeUnmarshaller.convert(TreeUnmarshaller.java:74) [xstream-1.4.20.jar:1.4.20]
	at com.thoughtworks.xstream.core.AbstractReferenceUnmarshaller.convert(AbstractReferenceUnmarshaller.java:72) [xstream-1.4.20.jar:1.4.20]
	at com.thoughtworks.xstream.core.TreeUnmarshaller.convertAnother(TreeUnmarshaller.java:68) [xstream-1.4.20.jar:1.4.20]
	at com.thoughtworks.xstream.core.TreeUnmarshaller.convertAnother(TreeUnmarshaller.java:52) [xstream-1.4.20.jar:1.4.20]
	at com.thoughtworks.xstream.converters.collections.AbstractCollectionConverter.readBareItem(AbstractCollectionConverter.java:132) [xstream-1.4.20.jar:1.4.20]
	at org.apache.jmeter.save.converters.MultiPropertyConverter.unmarshal(MultiPropertyConverter.java:68) [ApacheJMeter_core.jar:5.6.3]
	at com.thoughtworks.xstream.core.TreeUnmarshaller.convert(TreeUnmarshaller.java:74) [xstream-1.4.20.jar:1.4.20]
	at com.thoughtworks.xstream.core.AbstractReferenceUnmarshaller.convert(AbstractReferenceUnmarshaller.java:72) [xstream-1.4.20.jar:1.4.20]
	at com.thoughtworks.xstream.core.TreeUnmarshaller.convertAnother(TreeUnmarshaller.java:68) [xstream-1.4.20.jar:1.4.20]
	at com.thoughtworks.xstream.core.TreeUnmarshaller.convertAnother(TreeUnmarshaller.java:52) [xstream-1.4.20.jar:1.4.20]
	at com.thoughtworks.xstream.converters.collections.AbstractCollectionConverter.readBareItem(AbstractCollectionConverter.java:132) [xstream-1.4.20.jar:1.4.20]
	at org.apache.jmeter.save.converters.TestElementConverter.unmarshal(TestElementConverter.java:109) [ApacheJMeter_core.jar:5.6.3]
	at com.thoughtworks.xstream.core.TreeUnmarshaller.convert(TreeUnmarshaller.java:74) [xstream-1.4.20.jar:1.4.20]
	at com.thoughtworks.xstream.core.AbstractReferenceUnmarshaller.convert(AbstractReferenceUnmarshaller.java:72) [xstream-1.4.20.jar:1.4.20]
	at com.thoughtworks.xstream.core.TreeUnmarshaller.convertAnother(TreeUnmarshaller.java:68) [xstream-1.4.20.jar:1.4.20]
	at com.thoughtworks.xstream.core.TreeUnmarshaller.convertAnother(TreeUnmarshaller.java:52) [xstream-1.4.20.jar:1.4.20]
	at com.thoughtworks.xstream.converters.collections.AbstractCollectionConverter.readBareItem(AbstractCollectionConverter.java:132) [xstream-1.4.20.jar:1.4.20]
	at org.apache.jmeter.save.converters.HashTreeConverter.unmarshal(HashTreeConverter.java:66) [ApacheJMeter_core.jar:5.6.3]
	at com.thoughtworks.xstream.core.TreeUnmarshaller.convert(TreeUnmarshaller.java:74) [xstream-1.4.20.jar:1.4.20]
	at com.thoughtworks.xstream.core.AbstractReferenceUnmarshaller.convert(AbstractReferenceUnmarshaller.java:72) [xstream-1.4.20.jar:1.4.20]
	at com.thoughtworks.xstream.core.TreeUnmarshaller.convertAnother(TreeUnmarshaller.java:68) [xstream-1.4.20.jar:1.4.20]
	at com.thoughtworks.xstream.core.TreeUnmarshaller.convertAnother(TreeUnmarshaller.java:52) [xstream-1.4.20.jar:1.4.20]
	at com.thoughtworks.xstream.converters.collections.AbstractCollectionConverter.readBareItem(AbstractCollectionConverter.java:132) [xstream-1.4.20.jar:1.4.20]
	at org.apache.jmeter.save.converters.HashTreeConverter.unmarshal(HashTreeConverter.java:66) [ApacheJMeter_core.jar:5.6.3]
	at com.thoughtworks.xstream.core.TreeUnmarshaller.convert(TreeUnmarshaller.java:74) [xstream-1.4.20.jar:1.4.20]
	at com.thoughtworks.xstream.core.AbstractReferenceUnmarshaller.convert(AbstractReferenceUnmarshaller.java:72) [xstream-1.4.20.jar:1.4.20]
	at com.thoughtworks.xstream.core.TreeUnmarshaller.convertAnother(TreeUnmarshaller.java:68) [xstream-1.4.20.jar:1.4.20]
	at com.thoughtworks.xstream.core.TreeUnmarshaller.convertAnother(TreeUnmarshaller.java:52) [xstream-1.4.20.jar:1.4.20]
	at com.thoughtworks.xstream.converters.collections.AbstractCollectionConverter.readBareItem(AbstractCollectionConverter.java:132) [xstream-1.4.20.jar:1.4.20]
	at org.apache.jmeter.save.converters.HashTreeConverter.unmarshal(HashTreeConverter.java:66) [ApacheJMeter_core.jar:5.6.3]
	at com.thoughtworks.xstream.core.TreeUnmarshaller.convert(TreeUnmarshaller.java:74) [xstream-1.4.20.jar:1.4.20]
	at com.thoughtworks.xstream.core.AbstractReferenceUnmarshaller.convert(AbstractReferenceUnmarshaller.java:72) [xstream-1.4.20.jar:1.4.20]
	at com.thoughtworks.xstream.core.TreeUnmarshaller.convertAnother(TreeUnmarshaller.java:68) [xstream-1.4.20.jar:1.4.20]
	at com.thoughtworks.xstream.core.TreeUnmarshaller.convertAnother(TreeUnmarshaller.java:52) [xstream-1.4.20.jar:1.4.20]
	at com.thoughtworks.xstream.converters.collections.AbstractCollectionConverter.readBareItem(AbstractCollectionConverter.java:132) [xstream-1.4.20.jar:1.4.20]
	at org.apache.jmeter.save.converters.HashTreeConverter.unmarshal(HashTreeConverter.java:66) [ApacheJMeter_core.jar:5.6.3]
	at com.thoughtworks.xstream.core.TreeUnmarshaller.convert(TreeUnmarshaller.java:74) [xstream-1.4.20.jar:1.4.20]
	at com.thoughtworks.xstream.core.AbstractReferenceUnmarshaller.convert(AbstractReferenceUnmarshaller.java:72) [xstream-1.4.20.jar:1.4.20]
	at com.thoughtworks.xstream.core.TreeUnmarshaller.convertAnother(TreeUnmarshaller.java:68) [xstream-1.4.20.jar:1.4.20]
	at com.thoughtworks.xstream.core.TreeUnmarshaller.convertAnother(TreeUnmarshaller.java:52) [xstream-1.4.20.jar:1.4.20]
	at org.apache.jmeter.save.ScriptWrapperConverter.unmarshal(ScriptWrapperConverter.java:93) [ApacheJMeter_core.jar:5.6.3]
	at com.thoughtworks.xstream.core.TreeUnmarshaller.convert(TreeUnmarshaller.java:74) [xstream-1.4.20.jar:1.4.20]
	at com.thoughtworks.xstream.core.AbstractReferenceUnmarshaller.convert(AbstractReferenceUnmarshaller.java:72) [xstream-1.4.20.jar:1.4.20]
	at com.thoughtworks.xstream.core.TreeUnmarshaller.convertAnother(TreeUnmarshaller.java:68) [xstream-1.4.20.jar:1.4.20]
	at com.thoughtworks.xstream.core.TreeUnmarshaller.convertAnother(TreeUnmarshaller.java:52) [xstream-1.4.20.jar:1.4.20]
	at com.thoughtworks.xstream.core.TreeUnmarshaller.start(TreeUnmarshaller.java:136) [xstream-1.4.20.jar:1.4.20]
	at com.thoughtworks.xstream.core.AbstractTreeMarshallingStrategy.unmarshal(AbstractTreeMarshallingStrategy.java:32) [xstream-1.4.20.jar:1.4.20]
	at com.thoughtworks.xstream.XStream.unmarshal(XStream.java:1464) [xstream-1.4.20.jar:1.4.20]
	at com.thoughtworks.xstream.XStream.unmarshal(XStream.java:1441) [xstream-1.4.20.jar:1.4.20]
	at com.thoughtworks.xstream.XStream.fromXML(XStream.java:1321) [xstream-1.4.20.jar:1.4.20]
	at org.apache.jmeter.save.SaveService.readTree(SaveService.java:446) [ApacheJMeter_core.jar:5.6.3]
	at org.apache.jmeter.save.SaveService.loadTree(SaveService.java:429) [ApacheJMeter_core.jar:5.6.3]
	at org.apache.jmeter.JMeter.runNonGui(JMeter.java:954) [ApacheJMeter_core.jar:5.6.3]
	at org.apache.jmeter.JMeter.startNonGui(JMeter.java:940) [ApacheJMeter_core.jar:5.6.3]
	at org.apache.jmeter.JMeter.start(JMeter.java:508) [ApacheJMeter_core.jar:5.6.3]
	at java.base/jdk.internal.reflect.DirectMethodHandleAccessor.invoke(DirectMethodHandleAccessor.java:103) ~[?:?]
	at java.base/java.lang.reflect.Method.invoke(Method.java:580) ~[?:?]
	at org.apache.jmeter.NewDriver.main(NewDriver.java:259) [ApacheJMeter.jar:5.6.3]
2026-10-09 09:47:43,730 ERROR o.a.j.s.c.TestElementPropertyConverter: Couldn't unmarshall TestElementProperty
java.lang.IllegalArgumentException: Name cannot be null
	at org.apache.jmeter.testelement.property.AbstractProperty.setName(AbstractProperty.java:72) ~[ApacheJMeter_core.jar:5.6.3]
	at org.apache.jmeter.save.converters.TestElementPropertyConverter.unmarshal(TestElementPropertyConverter.java:100) [ApacheJMeter_core.jar:5.6.3]
	at com.thoughtworks.xstream.core.TreeUnmarshaller.convert(TreeUnmarshaller.java:74) [xstream-1.4.20.jar:1.4.20]
	at com.thoughtworks.xstream.core.AbstractReferenceUnmarshaller.convert(AbstractReferenceUnmarshaller.java:72) [xstream-1.4.20.jar:1.4.20]
	at com.thoughtworks.xstream.core.TreeUnmarshaller.convertAnother(TreeUnmarshaller.java:68) [xstream-1.4.20.jar:1.4.20]
	at com.thoughtworks.xstream.core.TreeUnmarshaller.convertAnother(TreeUnmarshaller.java:52) [xstream-1.4.20.jar:1.4.20]
	at com.thoughtworks.xstream.converters.collections.AbstractCollectionConverter.readBareItem(AbstractCollectionConverter.java:132) [xstream-1.4.20.jar:1.4.20]
	at org.apache.jmeter.save.converters.MultiPropertyConverter.unmarshal(MultiPropertyConverter.java:68) [ApacheJMeter_core.jar:5.6.3]
	at com.thoughtworks.xstream.core.TreeUnmarshaller.convert(TreeUnmarshaller.java:74) [xstream-1.4.20.jar:1.4.20]
	at com.thoughtworks.xstream.core.AbstractReferenceUnmarshaller.convert(AbstractReferenceUnmarshaller.java:72) [xstream-1.4.20.jar:1.4.20]
	at com.thoughtworks.xstream.core.TreeUnmarshaller.convertAnother(TreeUnmarshaller.java:68) [xstream-1.4.20.jar:1.4.20]
	at com.thoughtworks.xstream.core.TreeUnmarshaller.convertAnother(TreeUnmarshaller.java:52) [xstream-1.4.20.jar:1.4.20]
	at com.thoughtworks.xstream.converters.collections.AbstractCollectionConverter.readBareItem(AbstractCollectionConverter.java:132) [xstream-1.4.20.jar:1.4.20]
	at org.apache.jmeter.save.converters.TestElementConverter.unmarshal(TestElementConverter.java:109) [ApacheJMeter_core.jar:5.6.3]
	at com.thoughtworks.xstream.core.TreeUnmarshaller.convert(TreeUnmarshaller.java:74) [xstream-1.4.20.jar:1.4.20]
	at com.thoughtworks.xstream.core.AbstractReferenceUnmarshaller.convert(AbstractReferenceUnmarshaller.java:72) [xstream-1.4.20.jar:1.4.20]
	at com.thoughtworks.xstream.core.TreeUnmarshaller.convertAnother(TreeUnmarshaller.java:68) [xstream-1.4.20.jar:1.4.20]
	at com.thoughtworks.xstream.core.TreeUnmarshaller.convertAnother(TreeUnmarshaller.java:52) [xstream-1.4.20.jar:1.4.20]
	at com.thoughtworks.xstream.converters.collections.AbstractCollectionConverter.readBareItem(AbstractCollectionConverter.java:132) [xstream-1.4.20.jar:1.4.20]
	at org.apache.jmeter.save.converters.HashTreeConverter.unmarshal(HashTreeConverter.java:66) [ApacheJMeter_core.jar:5.6.3]
	at com.thoughtworks.xstream.core.TreeUnmarshaller.convert(TreeUnmarshaller.java:74) [xstream-1.4.20.jar:1.4.20]
	at com.thoughtworks.xstream.core.AbstractReferenceUnmarshaller.convert(AbstractReferenceUnmarshaller.java:72) [xstream-1.4.20.jar:1.4.20]
	at com.thoughtworks.xstream.core.TreeUnmarshaller.convertAnother(TreeUnmarshaller.java:68) [xstream-1.4.20.jar:1.4.20]
	at com.thoughtworks.xstream.core.TreeUnmarshaller.convertAnother(TreeUnmarshaller.java:52) [xstream-1.4.20.jar:1.4.20]
	at com.thoughtworks.xstream.converters.collections.AbstractCollectionConverter.readBareItem(AbstractCollectionConverter.java:132) [xstream-1.4.20.jar:1.4.20]
	at org.apache.jmeter.save.converters.HashTreeConverter.unmarshal(HashTreeConverter.java:66) [ApacheJMeter_core.jar:5.6.3]
	at com.thoughtworks.xstream.core.TreeUnmarshaller.convert(TreeUnmarshaller.java:74) [xstream-1.4.20.jar:1.4.20]
	at com.thoughtworks.xstream.core.AbstractReferenceUnmarshaller.convert(AbstractReferenceUnmarshaller.java:72) [xstream-1.4.20.jar:1.4.20]
	at com.thoughtworks.xstream.core.TreeUnmarshaller.convertAnother(TreeUnmarshaller.java:68) [xstream-1.4.20.jar:1.4.20]
	at com.thoughtworks.xstream.core.TreeUnmarshaller.convertAnother(TreeUnmarshaller.java:52) [xstream-1.4.20.jar:1.4.20]
	at com.thoughtworks.xstream.converters.collections.AbstractCollectionConverter.readBareItem(AbstractCollectionConverter.java:132) [xstream-1.4.20.jar:1.4.20]
	at org.apache.jmeter.save.converters.HashTreeConverter.unmarshal(HashTreeConverter.java:66) [ApacheJMeter_core.jar:5.6.3]
	at com.thoughtworks.xstream.core.TreeUnmarshaller.convert(TreeUnmarshaller.java:74) [xstream-1.4.20.jar:1.4.20]
	at com.thoughtworks.xstream.core.AbstractReferenceUnmarshaller.convert(AbstractReferenceUnmarshaller.java:72) [xstream-1.4.20.jar:1.4.20]
	at com.thoughtworks.xstream.core.TreeUnmarshaller.convertAnother(TreeUnmarshaller.java:68) [xstream-1.4.20.jar:1.4.20]
	at com.thoughtworks.xstream.core.TreeUnmarshaller.convertAnother(TreeUnmarshaller.java:52) [xstream-1.4.20.jar:1.4.20]
	at com.thoughtworks.xstream.converters.collections.AbstractCollectionConverter.readBareItem(AbstractCollectionConverter.java:132) [xstream-1.4.20.jar:1.4.20]
	at org.apache.jmeter.save.converters.HashTreeConverter.unmarshal(HashTreeConverter.java:66) [ApacheJMeter_core.jar:5.6.3]
	at com.thoughtworks.xstream.core.TreeUnmarshaller.convert(TreeUnmarshaller.java:74) [xstream-1.4.20.jar:1.4.20]
	at com.thoughtworks.xstream.core.AbstractReferenceUnmarshaller.convert(AbstractReferenceUnmarshaller.java:72) [xstream-1.4.20.jar:1.4.20]
	at com.thoughtworks.xstream.core.TreeUnmarshaller.convertAnother(TreeUnmarshaller.java:68) [xstream-1.4.20.jar:1.4.20]
	at com.thoughtworks.xstream.core.TreeUnmarshaller.convertAnother(TreeUnmarshaller.java:52) [xstream-1.4.20.jar:1.4.20]
	at org.apache.jmeter.save.ScriptWrapperConverter.unmarshal(ScriptWrapperConverter.java:93) [ApacheJMeter_core.jar:5.6.3]
	at com.thoughtworks.xstream.core.TreeUnmarshaller.convert(TreeUnmarshaller.java:74) [xstream-1.4.20.jar:1.4.20]
	at com.thoughtworks.xstream.core.AbstractReferenceUnmarshaller.convert(AbstractReferenceUnmarshaller.java:72) [xstream-1.4.20.jar:1.4.20]
	at com.thoughtworks.xstream.core.TreeUnmarshaller.convertAnother(TreeUnmarshaller.java:68) [xstream-1.4.20.jar:1.4.20]
	at com.thoughtworks.xstream.core.TreeUnmarshaller.convertAnother(TreeUnmarshaller.java:52) [xstream-1.4.20.jar:1.4.20]
	at com.thoughtworks.xstream.core.TreeUnmarshaller.start(TreeUnmarshaller.java:136) [xstream-1.4.20.jar:1.4.20]
	at com.thoughtworks.xstream.core.AbstractTreeMarshallingStrategy.unmarshal(AbstractTreeMarshallingStrategy.java:32) [xstream-1.4.20.jar:1.4.20]
	at com.thoughtworks.xstream.XStream.unmarshal(XStream.java:1464) [xstream-1.4.20.jar:1.4.20]
	at com.thoughtworks.xstream.XStream.unmarshal(XStream.java:1441) [xstream-1.4.20.jar:1.4.20]
	at com.thoughtworks.xstream.XStream.fromXML(XStream.java:1321) [xstream-1.4.20.jar:1.4.20]
	at org.apache.jmeter.save.SaveService.readTree(SaveService.java:446) [ApacheJMeter_core.jar:5.6.3]
	at org.apache.jmeter.save.SaveService.loadTree(SaveService.java:429) [ApacheJMeter_core.jar:5.6.3]
	at org.apache.jmeter.JMeter.runNonGui(JMeter.java:954) [ApacheJMeter_core.jar:5.6.3]
	at org.apache.jmeter.JMeter.startNonGui(JMeter.java:940) [ApacheJMeter_core.jar:5.6.3]
	at org.apache.jmeter.JMeter.start(JMeter.java:508) [ApacheJMeter_core.jar:5.6.3]
	at java.base/jdk.internal.reflect.DirectMethodHandleAccessor.invoke(DirectMethodHandleAccessor.java:103) ~[?:?]
	at java.base/java.lang.reflect.Method.invoke(Method.java:580) ~[?:?]
	at org.apache.jmeter.NewDriver.main(NewDriver.java:259) [ApacheJMeter.jar:5.6.3]
2026-10-09 09:47:43,731 ERROR o.a.j.s.c.TestElementPropertyConverter: Couldn't unmarshall TestElementProperty
java.lang.IllegalArgumentException: Name cannot be null
	at org.apache.jmeter.testelement.property.AbstractProperty.setName(AbstractProperty.java:72) ~[ApacheJMeter_core.jar:5.6.3]
	at org.apache.jmeter.save.converters.TestElementPropertyConverter.unmarshal(TestElementPropertyConverter.java:100) [ApacheJMeter_core.jar:5.6.3]
	at com.thoughtworks.xstream.core.TreeUnmarshaller.convert(TreeUnmarshaller.java:74) [xstream-1.4.20.jar:1.4.20]
	at com.thoughtworks.xstream.core.AbstractReferenceUnmarshaller.convert(AbstractReferenceUnmarshaller.java:72) [xstream-1.4.20.jar:1.4.20]
	at com.thoughtworks.xstream.core.TreeUnmarshaller.convertAnother(TreeUnmarshaller.java:68) [xstream-1.4.20.jar:1.4.20]
	at com.thoughtworks.xstream.core.TreeUnmarshaller.convertAnother(TreeUnmarshaller.java:52) [xstream-1.4.20.jar:1.4.20]
	at com.thoughtworks.xstream.converters.collections.AbstractCollectionConverter.readBareItem(AbstractCollectionConverter.java:132) [xstream-1.4.20.jar:1.4.20]
	at org.apache.jmeter.save.converters.MultiPropertyConverter.unmarshal(MultiPropertyConverter.java:68) [ApacheJMeter_core.jar:5.6.3]
	at com.thoughtworks.xstream.core.TreeUnmarshaller.convert(TreeUnmarshaller.java:74) [xstream-1.4.20.jar:1.4.20]
	at com.thoughtworks.xstream.core.AbstractReferenceUnmarshaller.convert(AbstractReferenceUnmarshaller.java:72) [xstream-1.4.20.jar:1.4.20]
	at com.thoughtworks.xstream.core.TreeUnmarshaller.convertAnother(TreeUnmarshaller.java:68) [xstream-1.4.20.jar:1.4.20]
	at com.thoughtworks.xstream.core.TreeUnmarshaller.convertAnother(TreeUnmarshaller.java:52) [xstream-1.4.20.jar:1.4.20]
	at com.thoughtworks.xstream.converters.collections.AbstractCollectionConverter.readBareItem(AbstractCollectionConverter.java:132) [xstream-1.4.20.jar:1.4.20]
	at org.apache.jmeter.save.converters.TestElementConverter.unmarshal(TestElementConverter.java:109) [ApacheJMeter_core.jar:5.6.3]
	at com.thoughtworks.xstream.core.TreeUnmarshaller.convert(TreeUnmarshaller.java:74) [xstream-1.4.20.jar:1.4.20]
	at com.thoughtworks.xstream.core.AbstractReferenceUnmarshaller.convert(AbstractReferenceUnmarshaller.java:72) [xstream-1.4.20.jar:1.4.20]
	at com.thoughtworks.xstream.core.TreeUnmarshaller.convertAnother(TreeUnmarshaller.java:68) [xstream-1.4.20.jar:1.4.20]
	at com.thoughtworks.xstream.core.TreeUnmarshaller.convertAnother(TreeUnmarshaller.java:52) [xstream-1.4.20.jar:1.4.20]
	at com.thoughtworks.xstream.converters.collections.AbstractCollectionConverter.readBareItem(AbstractCollectionConverter.java:132) [xstream-1.4.20.jar:1.4.20]
	at org.apache.jmeter.save.converters.HashTreeConverter.unmarshal(HashTreeConverter.java:66) [ApacheJMeter_core.jar:5.6.3]
	at com.thoughtworks.xstream.core.TreeUnmarshaller.convert(TreeUnmarshaller.java:74) [xstream-1.4.20.jar:1.4.20]
	at com.thoughtworks.xstream.core.AbstractReferenceUnmarshaller.convert(AbstractReferenceUnmarshaller.java:72) [xstream-1.4.20.jar:1.4.20]
	at com.thoughtworks.xstream.core.TreeUnmarshaller.convertAnother(TreeUnmarshaller.java:68) [xstream-1.4.20.jar:1.4.20]
	at com.thoughtworks.xstream.core.TreeUnmarshaller.convertAnother(TreeUnmarshaller.java:52) [xstream-1.4.20.jar:1.4.20]
	at com.thoughtworks.xstream.converters.collections.AbstractCollectionConverter.readBareItem(AbstractCollectionConverter.java:132) [xstream-1.4.20.jar:1.4.20]
	at org.apache.jmeter.save.converters.HashTreeConverter.unmarshal(HashTreeConverter.java:66) [ApacheJMeter_core.jar:5.6.3]
	at com.thoughtworks.xstream.core.TreeUnmarshaller.convert(TreeUnmarshaller.java:74) [xstream-1.4.20.jar:1.4.20]
	at com.thoughtworks.xstream.core.AbstractReferenceUnmarshaller.convert(AbstractReferenceUnmarshaller.java:72) [xstream-1.4.20.jar:1.4.20]
	at com.thoughtworks.xstream.core.TreeUnmarshaller.convertAnother(TreeUnmarshaller.java:68) [xstream-1.4.20.jar:1.4.20]
	at com.thoughtworks.xstream.core.TreeUnmarshaller.convertAnother(TreeUnmarshaller.java:52) [xstream-1.4.20.jar:1.4.20]
	at com.thoughtworks.xstream.converters.collections.AbstractCollectionConverter.readBareItem(AbstractCollectionConverter.java:132) [xstream-1.4.20.jar:1.4.20]
	at org.apache.jmeter.save.converters.HashTreeConverter.unmarshal(HashTreeConverter.java:66) [ApacheJMeter_core.jar:5.6.3]
	at com.thoughtworks.xstream.core.TreeUnmarshaller.convert(TreeUnmarshaller.java:74) [xstream-1.4.20.jar:1.4.20]
	at com.thoughtworks.xstream.core.AbstractReferenceUnmarshaller.convert(AbstractReferenceUnmarshaller.java:72) [xstream-1.4.20.jar:1.4.20]
	at com.thoughtworks.xstream.core.TreeUnmarshaller.convertAnother(TreeUnmarshaller.java:68) [xstream-1.4.20.jar:1.4.20]
	at com.thoughtworks.xstream.core.TreeUnmarshaller.convertAnother(TreeUnmarshaller.java:52) [xstream-1.4.20.jar:1.4.20]
	at com.thoughtworks.xstream.converters.collections.AbstractCollectionConverter.readBareItem(AbstractCollectionConverter.java:132) [xstream-1.4.20.jar:1.4.20]
	at org.apache.jmeter.save.converters.HashTreeConverter.unmarshal(HashTreeConverter.java:66) [ApacheJMeter_core.jar:5.6.3]
	at com.thoughtworks.xstream.core.TreeUnmarshaller.convert(TreeUnmarshaller.java:74) [xstream-1.4.20.jar:1.4.20]
	at com.thoughtworks.xstream.core.AbstractReferenceUnmarshaller.convert(AbstractReferenceUnmarshaller.java:72) [xstream-1.4.20.jar:1.4.20]
	at com.thoughtworks.xstream.core.TreeUnmarshaller.convertAnother(TreeUnmarshaller.java:68) [xstream-1.4.20.jar:1.4.20]
	at com.thoughtworks.xstream.core.TreeUnmarshaller.convertAnother(TreeUnmarshaller.java:52) [xstream-1.4.20.jar:1.4.20]
	at org.apache.jmeter.save.ScriptWrapperConverter.unmarshal(ScriptWrapperConverter.java:93) [ApacheJMeter_core.jar:5.6.3]
	at com.thoughtworks.xstream.core.TreeUnmarshaller.convert(TreeUnmarshaller.java:74) [xstream-1.4.20.jar:1.4.20]
	at com.thoughtworks.xstream.core.AbstractReferenceUnmarshaller.convert(AbstractReferenceUnmarshaller.java:72) [xstream-1.4.20.jar:1.4.20]
	at com.thoughtworks.xstream.core.TreeUnmarshaller.convertAnother(TreeUnmarshaller.java:68) [xstream-1.4.20.jar:1.4.20]
	at com.thoughtworks.xstream.core.TreeUnmarshaller.convertAnother(TreeUnmarshaller.java:52) [xstream-1.4.20.jar:1.4.20]
	at com.thoughtworks.xstream.core.TreeUnmarshaller.start(TreeUnmarshaller.java:136) [xstream-1.4.20.jar:1.4.20]
	at com.thoughtworks.xstream.core.AbstractTreeMarshallingStrategy.unmarshal(AbstractTreeMarshallingStrategy.java:32) [xstream-1.4.20.jar:1.4.20]
	at com.thoughtworks.xstream.XStream.unmarshal(XStream.java:1464) [xstream-1.4.20.jar:1.4.20]
	at com.thoughtworks.xstream.XStream.unmarshal(XStream.java:1441) [xstream-1.4.20.jar:1.4.20]
	at com.thoughtworks.xstream.XStream.fromXML(XStream.java:1321) [xstream-1.4.20.jar:1.4.20]
	at org.apache.jmeter.save.SaveService.readTree(SaveService.java:446) [ApacheJMeter_core.jar:5.6.3]
	at org.apache.jmeter.save.SaveService.loadTree(SaveService.java:429) [ApacheJMeter_core.jar:5.6.3]
	at org.apache.jmeter.JMeter.runNonGui(JMeter.java:954) [ApacheJMeter_core.jar:5.6.3]
	at org.apache.jmeter.JMeter.startNonGui(JMeter.java:940) [ApacheJMeter_core.jar:5.6.3]
	at org.apache.jmeter.JMeter.start(JMeter.java:508) [ApacheJMeter_core.jar:5.6.3]
	at java.base/jdk.internal.reflect.DirectMethodHandleAccessor.invoke(DirectMethodHandleAccessor.java:103) ~[?:?]
	at java.base/java.lang.reflect.Method.invoke(Method.java:580) ~[?:?]
	at org.apache.jmeter.NewDriver.main(NewDriver.java:259) [ApacheJMeter.jar:5.6.3]
2026-10-09 09:47:43,735 ERROR o.a.j.s.c.TestElementPropertyConverter: Couldn't unmarshall TestElementProperty
java.lang.IllegalArgumentException: Name cannot be null
	at org.apache.jmeter.testelement.property.AbstractProperty.setName(AbstractProperty.java:72) ~[ApacheJMeter_core.jar:5.6.3]
	at org.apache.jmeter.save.converters.TestElementPropertyConverter.unmarshal(TestElementPropertyConverter.java:100) [ApacheJMeter_core.jar:5.6.3]
	at com.thoughtworks.xstream.core.TreeUnmarshaller.convert(TreeUnmarshaller.java:74) [xstream-1.4.20.jar:1.4.20]
	at com.thoughtworks.xstream.core.AbstractReferenceUnmarshaller.convert(AbstractReferenceUnmarshaller.java:72) [xstream-1.4.20.jar:1.4.20]
	at com.thoughtworks.xstream.core.TreeUnmarshaller.convertAnother(TreeUnmarshaller.java:68) [xstream-1.4.20.jar:1.4.20]
	at com.thoughtworks.xstream.core.TreeUnmarshaller.convertAnother(TreeUnmarshaller.java:52) [xstream-1.4.20.jar:1.4.20]
	at com.thoughtworks.xstream.converters.collections.AbstractCollectionConverter.readBareItem(AbstractCollectionConverter.java:132) [xstream-1.4.20.jar:1.4.20]
	at org.apache.jmeter.save.converters.MultiPropertyConverter.unmarshal(MultiPropertyConverter.java:68) [ApacheJMeter_core.jar:5.6.3]
	at com.thoughtworks.xstream.core.TreeUnmarshaller.convert(TreeUnmarshaller.java:74) [xstream-1.4.20.jar:1.4.20]
	at com.thoughtworks.xstream.core.AbstractReferenceUnmarshaller.convert(AbstractReferenceUnmarshaller.java:72) [xstream-1.4.20.jar:1.4.20]
	at com.thoughtworks.xstream.core.TreeUnmarshaller.convertAnother(TreeUnmarshaller.java:68) [xstream-1.4.20.jar:1.4.20]
	at com.thoughtworks.xstream.core.TreeUnmarshaller.convertAnother(TreeUnmarshaller.java:52) [xstream-1.4.20.jar:1.4.20]
	at com.thoughtworks.xstream.converters.collections.AbstractCollectionConverter.readBareItem(AbstractCollectionConverter.java:132) [xstream-1.4.20.jar:1.4.20]
	at org.apache.jmeter.save.converters.TestElementConverter.unmarshal(TestElementConverter.java:109) [ApacheJMeter_core.jar:5.6.3]
	at com.thoughtworks.xstream.core.TreeUnmarshaller.convert(TreeUnmarshaller.java:74) [xstream-1.4.20.jar:1.4.20]
	at com.thoughtworks.xstream.core.AbstractReferenceUnmarshaller.convert(AbstractReferenceUnmarshaller.java:72) [xstream-1.4.20.jar:1.4.20]
	at com.thoughtworks.xstream.core.TreeUnmarshaller.convertAnother(TreeUnmarshaller.java:68) [xstream-1.4.20.jar:1.4.20]
	at com.thoughtworks.xstream.core.TreeUnmarshaller.convertAnother(TreeUnmarshaller.java:52) [xstream-1.4.20.jar:1.4.20]
	at com.thoughtworks.xstream.converters.collections.AbstractCollectionConverter.readBareItem(AbstractCollectionConverter.java:132) [xstream-1.4.20.jar:1.4.20]
	at org.apache.jmeter.save.converters.HashTreeConverter.unmarshal(HashTreeConverter.java:66) [ApacheJMeter_core.jar:5.6.3]
	at com.thoughtworks.xstream.core.TreeUnmarshaller.convert(TreeUnmarshaller.java:74) [xstream-1.4.20.jar:1.4.20]
	at com.thoughtworks.xstream.core.AbstractReferenceUnmarshaller.convert(AbstractReferenceUnmarshaller.java:72) [xstream-1.4.20.jar:1.4.20]
	at com.thoughtworks.xstream.core.TreeUnmarshaller.convertAnother(TreeUnmarshaller.java:68) [xstream-1.4.20.jar:1.4.20]
	at com.thoughtworks.xstream.core.TreeUnmarshaller.convertAnother(TreeUnmarshaller.java:52) [xstream-1.4.20.jar:1.4.20]
	at com.thoughtworks.xstream.converters.collections.AbstractCollectionConverter.readBareItem(AbstractCollectionConverter.java:132) [xstream-1.4.20.jar:1.4.20]
	at org.apache.jmeter.save.converters.HashTreeConverter.unmarshal(HashTreeConverter.java:66) [ApacheJMeter_core.jar:5.6.3]
	at com.thoughtworks.xstream.core.TreeUnmarshaller.convert(TreeUnmarshaller.java:74) [xstream-1.4.20.jar:1.4.20]
	at com.thoughtworks.xstream.core.AbstractReferenceUnmarshaller.convert(AbstractReferenceUnmarshaller.java:72) [xstream-1.4.20.jar:1.4.20]
	at com.thoughtworks.xstream.core.TreeUnmarshaller.convertAnother(TreeUnmarshaller.java:68) [xstream-1.4.20.jar:1.4.20]
	at com.thoughtworks.xstream.core.TreeUnmarshaller.convertAnother(TreeUnmarshaller.java:52) [xstream-1.4.20.jar:1.4.20]
	at com.thoughtworks.xstream.converters.collections.AbstractCollectionConverter.readBareItem(AbstractCollectionConverter.java:132) [xstream-1.4.20.jar:1.4.20]
	at org.apache.jmeter.save.converters.HashTreeConverter.unmarshal(HashTreeConverter.java:66) [ApacheJMeter_core.jar:5.6.3]
	at com.thoughtworks.xstream.core.TreeUnmarshaller.convert(TreeUnmarshaller.java:74) [xstream-1.4.20.jar:1.4.20]
	at com.thoughtworks.xstream.core.AbstractReferenceUnmarshaller.convert(AbstractReferenceUnmarshaller.java:72) [xstream-1.4.20.jar:1.4.20]
	at com.thoughtworks.xstream.core.TreeUnmarshaller.convertAnother(TreeUnmarshaller.java:68) [xstream-1.4.20.jar:1.4.20]
	at com.thoughtworks.xstream.core.TreeUnmarshaller.convertAnother(TreeUnmarshaller.java:52) [xstream-1.4.20.jar:1.4.20]
	at com.thoughtworks.xstream.converters.collections.AbstractCollectionConverter.readBareItem(AbstractCollectionConverter.java:132) [xstream-1.4.20.jar:1.4.20]
	at org.apache.jmeter.save.converters.HashTreeConverter.unmarshal(HashTreeConverter.java:66) [ApacheJMeter_core.jar:5.6.3]
	at com.thoughtworks.xstream.core.TreeUnmarshaller.convert(TreeUnmarshaller.java:74) [xstream-1.4.20.jar:1.4.20]
	at com.thoughtworks.xstream.core.AbstractReferenceUnmarshaller.convert(AbstractReferenceUnmarshaller.java:72) [xstream-1.4.20.jar:1.4.20]
	at com.thoughtworks.xstream.core.TreeUnmarshaller.convertAnother(TreeUnmarshaller.java:68) [xstream-1.4.20.jar:1.4.20]
	at com.thoughtworks.xstream.core.TreeUnmarshaller.convertAnother(TreeUnmarshaller.java:52) [xstream-1.4.20.jar:1.4.20]
	at org.apache.jmeter.save.ScriptWrapperConverter.unmarshal(ScriptWrapperConverter.java:93) [ApacheJMeter_core.jar:5.6.3]
	at com.thoughtworks.xstream.core.TreeUnmarshaller.convert(TreeUnmarshaller.java:74) [xstream-1.4.20.jar:1.4.20]
	at com.thoughtworks.xstream.core.AbstractReferenceUnmarshaller.convert(AbstractReferenceUnmarshaller.java:72) [xstream-1.4.20.jar:1.4.20]
	at com.thoughtworks.xstream.core.TreeUnmarshaller.convertAnother(TreeUnmarshaller.java:68) [xstream-1.4.20.jar:1.4.20]
	at com.thoughtworks.xstream.core.TreeUnmarshaller.convertAnother(TreeUnmarshaller.java:52) [xstream-1.4.20.jar:1.4.20]
	at com.thoughtworks.xstream.core.TreeUnmarshaller.start(TreeUnmarshaller.java:136) [xstream-1.4.20.jar:1.4.20]
	at com.thoughtworks.xstream.core.AbstractTreeMarshallingStrategy.unmarshal(AbstractTreeMarshallingStrategy.java:32) [xstream-1.4.20.jar:1.4.20]
	at com.thoughtworks.xstream.XStream.unmarshal(XStream.java:1464) [xstream-1.4.20.jar:1.4.20]
	at com.thoughtworks.xstream.XStream.unmarshal(XStream.java:1441) [xstream-1.4.20.jar:1.4.20]
	at com.thoughtworks.xstream.XStream.fromXML(XStream.java:1321) [xstream-1.4.20.jar:1.4.20]
	at org.apache.jmeter.save.SaveService.readTree(SaveService.java:446) [ApacheJMeter_core.jar:5.6.3]
	at org.apache.jmeter.save.SaveService.loadTree(SaveService.java:429) [ApacheJMeter_core.jar:5.6.3]
	at org.apache.jmeter.JMeter.runNonGui(JMeter.java:954) [ApacheJMeter_core.jar:5.6.3]
	at org.apache.jmeter.JMeter.startNonGui(JMeter.java:940) [ApacheJMeter_core.jar:5.6.3]
	at org.apache.jmeter.JMeter.start(JMeter.java:508) [ApacheJMeter_core.jar:5.6.3]
	at java.base/jdk.internal.reflect.DirectMethodHandleAccessor.invoke(DirectMethodHandleAccessor.java:103) ~[?:?]
	at java.base/java.lang.reflect.Method.invoke(Method.java:580) ~[?:?]
	at org.apache.jmeter.NewDriver.main(NewDriver.java:259) [ApacheJMeter.jar:5.6.3]
2026-10-09 09:47:43,735 ERROR o.a.j.s.c.TestElementPropertyConverter: Couldn't unmarshall TestElementProperty
java.lang.IllegalArgumentException: Name cannot be null
	at org.apache.jmeter.testelement.property.AbstractProperty.setName(AbstractProperty.java:72) ~[ApacheJMeter_core.jar:5.6.3]
	at org.apache.jmeter.save.converters.TestElementPropertyConverter.unmarshal(TestElementPropertyConverter.java:100) [ApacheJMeter_core.jar:5.6.3]
	at com.thoughtworks.xstream.core.TreeUnmarshaller.convert(TreeUnmarshaller.java:74) [xstream-1.4.20.jar:1.4.20]
	at com.thoughtworks.xstream.core.AbstractReferenceUnmarshaller.convert(AbstractReferenceUnmarshaller.java:72) [xstream-1.4.20.jar:1.4.20]
	at com.thoughtworks.xstream.core.TreeUnmarshaller.convertAnother(TreeUnmarshaller.java:68) [xstream-1.4.20.jar:1.4.20]
	at com.thoughtworks.xstream.core.TreeUnmarshaller.convertAnother(TreeUnmarshaller.java:52) [xstream-1.4.20.jar:1.4.20]
	at com.thoughtworks.xstream.converters.collections.AbstractCollectionConverter.readBareItem(AbstractCollectionConverter.java:132) [xstream-1.4.20.jar:1.4.20]
	at org.apache.jmeter.save.converters.MultiPropertyConverter.unmarshal(MultiPropertyConverter.java:68) [ApacheJMeter_core.jar:5.6.3]
	at com.thoughtworks.xstream.core.TreeUnmarshaller.convert(TreeUnmarshaller.java:74) [xstream-1.4.20.jar:1.4.20]
	at com.thoughtworks.xstream.core.AbstractReferenceUnmarshaller.convert(AbstractReferenceUnmarshaller.java:72) [xstream-1.4.20.jar:1.4.20]
	at com.thoughtworks.xstream.core.TreeUnmarshaller.convertAnother(TreeUnmarshaller.java:68) [xstream-1.4.20.jar:1.4.20]
	at com.thoughtworks.xstream.core.TreeUnmarshaller.convertAnother(TreeUnmarshaller.java:52) [xstream-1.4.20.jar:1.4.20]
	at com.thoughtworks.xstream.converters.collections.AbstractCollectionConverter.readBareItem(AbstractCollectionConverter.java:132) [xstream-1.4.20.jar:1.4.20]
	at org.apache.jmeter.save.converters.TestElementConverter.unmarshal(TestElementConverter.java:109) [ApacheJMeter_core.jar:5.6.3]
	at com.thoughtworks.xstream.core.TreeUnmarshaller.convert(TreeUnmarshaller.java:74) [xstream-1.4.20.jar:1.4.20]
	at com.thoughtworks.xstream.core.AbstractReferenceUnmarshaller.convert(AbstractReferenceUnmarshaller.java:72) [xstream-1.4.20.jar:1.4.20]
	at com.thoughtworks.xstream.core.TreeUnmarshaller.convertAnother(TreeUnmarshaller.java:68) [xstream-1.4.20.jar:1.4.20]
	at com.thoughtworks.xstream.core.TreeUnmarshaller.convertAnother(TreeUnmarshaller.java:52) [xstream-1.4.20.jar:1.4.20]
	at com.thoughtworks.xstream.converters.collections.AbstractCollectionConverter.readBareItem(AbstractCollectionConverter.java:132) [xstream-1.4.20.jar:1.4.20]
	at org.apache.jmeter.save.converters.HashTreeConverter.unmarshal(HashTreeConverter.java:66) [ApacheJMeter_core.jar:5.6.3]
	at com.thoughtworks.xstream.core.TreeUnmarshaller.convert(TreeUnmarshaller.java:74) [xstream-1.4.20.jar:1.4.20]
	at com.thoughtworks.xstream.core.AbstractReferenceUnmarshaller.convert(AbstractReferenceUnmarshaller.java:72) [xstream-1.4.20.jar:1.4.20]
	at com.thoughtworks.xstream.core.TreeUnmarshaller.convertAnother(TreeUnmarshaller.java:68) [xstream-1.4.20.jar:1.4.20]
	at com.thoughtworks.xstream.core.TreeUnmarshaller.convertAnother(TreeUnmarshaller.java:52) [xstream-1.4.20.jar:1.4.20]
	at com.thoughtworks.xstream.converters.collections.AbstractCollectionConverter.readBareItem(AbstractCollectionConverter.java:132) [xstream-1.4.20.jar:1.4.20]
	at org.apache.jmeter.save.converters.HashTreeConverter.unmarshal(HashTreeConverter.java:66) [ApacheJMeter_core.jar:5.6.3]
	at com.thoughtworks.xstream.core.TreeUnmarshaller.convert(TreeUnmarshaller.java:74) [xstream-1.4.20.jar:1.4.20]
	at com.thoughtworks.xstream.core.AbstractReferenceUnmarshaller.convert(AbstractReferenceUnmarshaller.java:72) [xstream-1.4.20.jar:1.4.20]
	at com.thoughtworks.xstream.core.TreeUnmarshaller.convertAnother(TreeUnmarshaller.java:68) [xstream-1.4.20.jar:1.4.20]
	at com.thoughtworks.xstream.core.TreeUnmarshaller.convertAnother(TreeUnmarshaller.java:52) [xstream-1.4.20.jar:1.4.20]
	at com.thoughtworks.xstream.converters.collections.AbstractCollectionConverter.readBareItem(AbstractCollectionConverter.java:132) [xstream-1.4.20.jar:1.4.20]
	at org.apache.jmeter.save.converters.HashTreeConverter.unmarshal(HashTreeConverter.java:66) [ApacheJMeter_core.jar:5.6.3]
	at com.thoughtworks.xstream.core.TreeUnmarshaller.convert(TreeUnmarshaller.java:74) [xstream-1.4.20.jar:1.4.20]
	at com.thoughtworks.xstream.core.AbstractReferenceUnmarshaller.convert(AbstractReferenceUnmarshaller.java:72) [xstream-1.4.20.jar:1.4.20]
	at com.thoughtworks.xstream.core.TreeUnmarshaller.convertAnother(TreeUnmarshaller.java:68) [xstream-1.4.20.jar:1.4.20]
	at com.thoughtworks.xstream.core.TreeUnmarshaller.convertAnother(TreeUnmarshaller.java:52) [xstream-1.4.20.jar:1.4.20]
	at com.thoughtworks.xstream.converters.collections.AbstractCollectionConverter.readBareItem(AbstractCollectionConverter.java:132) [xstream-1.4.20.jar:1.4.20]
	at org.apache.jmeter.save.converters.HashTreeConverter.unmarshal(HashTreeConverter.java:66) [ApacheJMeter_core.jar:5.6.3]
	at com.thoughtworks.xstream.core.TreeUnmarshaller.convert(TreeUnmarshaller.java:74) [xstream-1.4.20.jar:1.4.20]
	at com.thoughtworks.xstream.core.AbstractReferenceUnmarshaller.convert(AbstractReferenceUnmarshaller.java:72) [xstream-1.4.20.jar:1.4.20]
	at com.thoughtworks.xstream.core.TreeUnmarshaller.convertAnother(TreeUnmarshaller.java:68) [xstream-1.4.20.jar:1.4.20]
	at com.thoughtworks.xstream.core.TreeUnmarshaller.convertAnother(TreeUnmarshaller.java:52) [xstream-1.4.20.jar:1.4.20]
	at org.apache.jmeter.save.ScriptWrapperConverter.unmarshal(ScriptWrapperConverter.java:93) [ApacheJMeter_core.jar:5.6.3]
	at com.thoughtworks.xstream.core.TreeUnmarshaller.convert(TreeUnmarshaller.java:74) [xstream-1.4.20.jar:1.4.20]
	at com.thoughtworks.xstream.core.AbstractReferenceUnmarshaller.convert(AbstractReferenceUnmarshaller.java:72) [xstream-1.4.20.jar:1.4.20]
	at com.thoughtworks.xstream.core.TreeUnmarshaller.convertAnother(TreeUnmarshaller.java:68) [xstream-1.4.20.jar:1.4.20]
	at com.thoughtworks.xstream.core.TreeUnmarshaller.convertAnother(TreeUnmarshaller.java:52) [xstream-1.4.20.jar:1.4.20]
	at com.thoughtworks.xstream.core.TreeUnmarshaller.start(TreeUnmarshaller.java:136) [xstream-1.4.20.jar:1.4.20]
	at com.thoughtworks.xstream.core.AbstractTreeMarshallingStrategy.unmarshal(AbstractTreeMarshallingStrategy.java:32) [xstream-1.4.20.jar:1.4.20]
	at com.thoughtworks.xstream.XStream.unmarshal(XStream.java:1464) [xstream-1.4.20.jar:1.4.20]
	at com.thoughtworks.xstream.XStream.unmarshal(XStream.java:1441) [xstream-1.4.20.jar:1.4.20]
	at com.thoughtworks.xstream.XStream.fromXML(XStream.java:1321) [xstream-1.4.20.jar:1.4.20]
	at org.apache.jmeter.save.SaveService.readTree(SaveService.java:446) [ApacheJMeter_core.jar:5.6.3]
	at org.apache.jmeter.save.SaveService.loadTree(SaveService.java:429) [ApacheJMeter_core.jar:5.6.3]
	at org.apache.jmeter.JMeter.runNonGui(JMeter.java:954) [ApacheJMeter_core.jar:5.6.3]
	at org.apache.jmeter.JMeter.startNonGui(JMeter.java:940) [ApacheJMeter_core.jar:5.6.3]
	at org.apache.jmeter.JMeter.start(JMeter.java:508) [ApacheJMeter_core.jar:5.6.3]
	at java.base/jdk.internal.reflect.DirectMethodHandleAccessor.invoke(DirectMethodHandleAccessor.java:103) ~[?:?]
	at java.base/java.lang.reflect.Method.invoke(Method.java:580) ~[?:?]
	at org.apache.jmeter.NewDriver.main(NewDriver.java:259) [ApacheJMeter.jar:5.6.3]
2026-10-09 09:47:43,740 ERROR o.a.j.s.c.TestElementPropertyConverter: Couldn't unmarshall TestElementProperty
java.lang.IllegalArgumentException: Name cannot be null
	at org.apache.jmeter.testelement.property.AbstractProperty.setName(AbstractProperty.java:72) ~[ApacheJMeter_core.jar:5.6.3]
	at org.apache.jmeter.save.converters.TestElementPropertyConverter.unmarshal(TestElementPropertyConverter.java:100) [ApacheJMeter_core.jar:5.6.3]
	at com.thoughtworks.xstream.core.TreeUnmarshaller.convert(TreeUnmarshaller.java:74) [xstream-1.4.20.jar:1.4.20]
	at com.thoughtworks.xstream.core.AbstractReferenceUnmarshaller.convert(AbstractReferenceUnmarshaller.java:72) [xstream-1.4.20.jar:1.4.20]
	at com.thoughtworks.xstream.core.TreeUnmarshaller.convertAnother(TreeUnmarshaller.java:68) [xstream-1.4.20.jar:1.4.20]
	at com.thoughtworks.xstream.core.TreeUnmarshaller.convertAnother(TreeUnmarshaller.java:52) [xstream-1.4.20.jar:1.4.20]
	at com.thoughtworks.xstream.converters.collections.AbstractCollectionConverter.readBareItem(AbstractCollectionConverter.java:132) [xstream-1.4.20.jar:1.4.20]
	at org.apache.jmeter.save.converters.MultiPropertyConverter.unmarshal(MultiPropertyConverter.java:68) [ApacheJMeter_core.jar:5.6.3]
	at com.thoughtworks.xstream.core.TreeUnmarshaller.convert(TreeUnmarshaller.java:74) [xstream-1.4.20.jar:1.4.20]
	at com.thoughtworks.xstream.core.AbstractReferenceUnmarshaller.convert(AbstractReferenceUnmarshaller.java:72) [xstream-1.4.20.jar:1.4.20]
	at com.thoughtworks.xstream.core.TreeUnmarshaller.convertAnother(TreeUnmarshaller.java:68) [xstream-1.4.20.jar:1.4.20]
	at com.thoughtworks.xstream.core.TreeUnmarshaller.convertAnother(TreeUnmarshaller.java:52) [xstream-1.4.20.jar:1.4.20]
	at com.thoughtworks.xstream.converters.collections.AbstractCollectionConverter.readBareItem(AbstractCollectionConverter.java:132) [xstream-1.4.20.jar:1.4.20]
	at org.apache.jmeter.save.converters.TestElementConverter.unmarshal(TestElementConverter.java:109) [ApacheJMeter_core.jar:5.6.3]
	at com.thoughtworks.xstream.core.TreeUnmarshaller.convert(TreeUnmarshaller.java:74) [xstream-1.4.20.jar:1.4.20]
	at com.thoughtworks.xstream.core.AbstractReferenceUnmarshaller.convert(AbstractReferenceUnmarshaller.java:72) [xstream-1.4.20.jar:1.4.20]
	at com.thoughtworks.xstream.core.TreeUnmarshaller.convertAnother(TreeUnmarshaller.java:68) [xstream-1.4.20.jar:1.4.20]
	at com.thoughtworks.xstream.core.TreeUnmarshaller.convertAnother(TreeUnmarshaller.java:52) [xstream-1.4.20.jar:1.4.20]
	at com.thoughtworks.xstream.converters.collections.AbstractCollectionConverter.readBareItem(AbstractCollectionConverter.java:132) [xstream-1.4.20.jar:1.4.20]
	at org.apache.jmeter.save.converters.HashTreeConverter.unmarshal(HashTreeConverter.java:66) [ApacheJMeter_core.jar:5.6.3]
	at com.thoughtworks.xstream.core.TreeUnmarshaller.convert(TreeUnmarshaller.java:74) [xstream-1.4.20.jar:1.4.20]
	at com.thoughtworks.xstream.core.AbstractReferenceUnmarshaller.convert(AbstractReferenceUnmarshaller.java:72) [xstream-1.4.20.jar:1.4.20]
	at com.thoughtworks.xstream.core.TreeUnmarshaller.convertAnother(TreeUnmarshaller.java:68) [xstream-1.4.20.jar:1.4.20]
	at com.thoughtworks.xstream.core.TreeUnmarshaller.convertAnother(TreeUnmarshaller.java:52) [xstream-1.4.20.jar:1.4.20]
	at com.thoughtworks.xstream.converters.collections.AbstractCollectionConverter.readBareItem(AbstractCollectionConverter.java:132) [xstream-1.4.20.jar:1.4.20]
	at org.apache.jmeter.save.converters.HashTreeConverter.unmarshal(HashTreeConverter.java:66) [ApacheJMeter_core.jar:5.6.3]
	at com.thoughtworks.xstream.core.TreeUnmarshaller.convert(TreeUnmarshaller.java:74) [xstream-1.4.20.jar:1.4.20]
	at com.thoughtworks.xstream.core.AbstractReferenceUnmarshaller.convert(AbstractReferenceUnmarshaller.java:72) [xstream-1.4.20.jar:1.4.20]
	at com.thoughtworks.xstream.core.TreeUnmarshaller.convertAnother(TreeUnmarshaller.java:68) [xstream-1.4.20.jar:1.4.20]
	at com.thoughtworks.xstream.core.TreeUnmarshaller.convertAnother(TreeUnmarshaller.java:52) [xstream-1.4.20.jar:1.4.20]
	at com.thoughtworks.xstream.converters.collections.AbstractCollectionConverter.readBareItem(AbstractCollectionConverter.java:132) [xstream-1.4.20.jar:1.4.20]
	at org.apache.jmeter.save.converters.HashTreeConverter.unmarshal(HashTreeConverter.java:66) [ApacheJMeter_core.jar:5.6.3]
	at com.thoughtworks.xstream.core.TreeUnmarshaller.convert(TreeUnmarshaller.java:74) [xstream-1.4.20.jar:1.4.20]
	at com.thoughtworks.xstream.core.AbstractReferenceUnmarshaller.convert(AbstractReferenceUnmarshaller.java:72) [xstream-1.4.20.jar:1.4.20]
	at com.thoughtworks.xstream.core.TreeUnmarshaller.convertAnother(TreeUnmarshaller.java:68) [xstream-1.4.20.jar:1.4.20]
	at com.thoughtworks.xstream.core.TreeUnmarshaller.convertAnother(TreeUnmarshaller.java:52) [xstream-1.4.20.jar:1.4.20]
	at com.thoughtworks.xstream.converters.collections.AbstractCollectionConverter.readBareItem(AbstractCollectionConverter.java:132) [xstream-1.4.20.jar:1.4.20]
	at org.apache.jmeter.save.converters.HashTreeConverter.unmarshal(HashTreeConverter.java:66) [ApacheJMeter_core.jar:5.6.3]
	at com.thoughtworks.xstream.core.TreeUnmarshaller.convert(TreeUnmarshaller.java:74) [xstream-1.4.20.jar:1.4.20]
	at com.thoughtworks.xstream.core.AbstractReferenceUnmarshaller.convert(AbstractReferenceUnmarshaller.java:72) [xstream-1.4.20.jar:1.4.20]
	at com.thoughtworks.xstream.core.TreeUnmarshaller.convertAnother(TreeUnmarshaller.java:68) [xstream-1.4.20.jar:1.4.20]
	at com.thoughtworks.xstream.core.TreeUnmarshaller.convertAnother(TreeUnmarshaller.java:52) [xstream-1.4.20.jar:1.4.20]
	at org.apache.jmeter.save.ScriptWrapperConverter.unmarshal(ScriptWrapperConverter.java:93) [ApacheJMeter_core.jar:5.6.3]
	at com.thoughtworks.xstream.core.TreeUnmarshaller.convert(TreeUnmarshaller.java:74) [xstream-1.4.20.jar:1.4.20]
	at com.thoughtworks.xstream.core.AbstractReferenceUnmarshaller.convert(AbstractReferenceUnmarshaller.java:72) [xstream-1.4.20.jar:1.4.20]
	at com.thoughtworks.xstream.core.TreeUnmarshaller.convertAnother(TreeUnmarshaller.java:68) [xstream-1.4.20.jar:1.4.20]
	at com.thoughtworks.xstream.core.TreeUnmarshaller.convertAnother(TreeUnmarshaller.java:52) [xstream-1.4.20.jar:1.4.20]
	at com.thoughtworks.xstream.core.TreeUnmarshaller.start(TreeUnmarshaller.java:136) [xstream-1.4.20.jar:1.4.20]
	at com.thoughtworks.xstream.core.AbstractTreeMarshallingStrategy.unmarshal(AbstractTreeMarshallingStrategy.java:32) [xstream-1.4.20.jar:1.4.20]
	at com.thoughtworks.xstream.XStream.unmarshal(XStream.java:1464) [xstream-1.4.20.jar:1.4.20]
	at com.thoughtworks.xstream.XStream.unmarshal(XStream.java:1441) [xstream-1.4.20.jar:1.4.20]
	at com.thoughtworks.xstream.XStream.fromXML(XStream.java:1321) [xstream-1.4.20.jar:1.4.20]
	at org.apache.jmeter.save.SaveService.readTree(SaveService.java:446) [ApacheJMeter_core.jar:5.6.3]
	at org.apache.jmeter.save.SaveService.loadTree(SaveService.java:429) [ApacheJMeter_core.jar:5.6.3]
	at org.apache.jmeter.JMeter.runNonGui(JMeter.java:954) [ApacheJMeter_core.jar:5.6.3]
	at org.apache.jmeter.JMeter.startNonGui(JMeter.java:940) [ApacheJMeter_core.jar:5.6.3]
	at org.apache.jmeter.JMeter.start(JMeter.java:508) [ApacheJMeter_core.jar:5.6.3]
	at java.base/jdk.internal.reflect.DirectMethodHandleAccessor.invoke(DirectMethodHandleAccessor.java:103) ~[?:?]
	at java.base/java.lang.reflect.Method.invoke(Method.java:580) ~[?:?]
	at org.apache.jmeter.NewDriver.main(NewDriver.java:259) [ApacheJMeter.jar:5.6.3]
2026-10-09 09:47:43,741 ERROR o.a.j.s.c.TestElementPropertyConverter: Couldn't unmarshall TestElementProperty
java.lang.IllegalArgumentException: Name cannot be null
	at org.apache.jmeter.testelement.property.AbstractProperty.setName(AbstractProperty.java:72) ~[ApacheJMeter_core.jar:5.6.3]
	at org.apache.jmeter.save.converters.TestElementPropertyConverter.unmarshal(TestElementPropertyConverter.java:100) [ApacheJMeter_core.jar:5.6.3]
	at com.thoughtworks.xstream.core.TreeUnmarshaller.convert(TreeUnmarshaller.java:74) [xstream-1.4.20.jar:1.4.20]
	at com.thoughtworks.xstream.core.AbstractReferenceUnmarshaller.convert(AbstractReferenceUnmarshaller.java:72) [xstream-1.4.20.jar:1.4.20]
	at com.thoughtworks.xstream.core.TreeUnmarshaller.convertAnother(TreeUnmarshaller.java:68) [xstream-1.4.20.jar:1.4.20]
	at com.thoughtworks.xstream.core.TreeUnmarshaller.convertAnother(TreeUnmarshaller.java:52) [xstream-1.4.20.jar:1.4.20]
	at com.thoughtworks.xstream.converters.collections.AbstractCollectionConverter.readBareItem(AbstractCollectionConverter.java:132) [xstream-1.4.20.jar:1.4.20]
	at org.apache.jmeter.save.converters.MultiPropertyConverter.unmarshal(MultiPropertyConverter.java:68) [ApacheJMeter_core.jar:5.6.3]
	at com.thoughtworks.xstream.core.TreeUnmarshaller.convert(TreeUnmarshaller.java:74) [xstream-1.4.20.jar:1.4.20]
	at com.thoughtworks.xstream.core.AbstractReferenceUnmarshaller.convert(AbstractReferenceUnmarshaller.java:72) [xstream-1.4.20.jar:1.4.20]
	at com.thoughtworks.xstream.core.TreeUnmarshaller.convertAnother(TreeUnmarshaller.java:68) [xstream-1.4.20.jar:1.4.20]
	at com.thoughtworks.xstream.core.TreeUnmarshaller.convertAnother(TreeUnmarshaller.java:52) [xstream-1.4.20.jar:1.4.20]
	at com.thoughtworks.xstream.converters.collections.AbstractCollectionConverter.readBareItem(AbstractCollectionConverter.java:132) [xstream-1.4.20.jar:1.4.20]
	at org.apache.jmeter.save.converters.TestElementConverter.unmarshal(TestElementConverter.java:109) [ApacheJMeter_core.jar:5.6.3]
	at com.thoughtworks.xstream.core.TreeUnmarshaller.convert(TreeUnmarshaller.java:74) [xstream-1.4.20.jar:1.4.20]
	at com.thoughtworks.xstream.core.AbstractReferenceUnmarshaller.convert(AbstractReferenceUnmarshaller.java:72) [xstream-1.4.20.jar:1.4.20]
	at com.thoughtworks.xstream.core.TreeUnmarshaller.convertAnother(TreeUnmarshaller.java:68) [xstream-1.4.20.jar:1.4.20]
	at com.thoughtworks.xstream.core.TreeUnmarshaller.convertAnother(TreeUnmarshaller.java:52) [xstream-1.4.20.jar:1.4.20]
	at com.thoughtworks.xstream.converters.collections.AbstractCollectionConverter.readBareItem(AbstractCollectionConverter.java:132) [xstream-1.4.20.jar:1.4.20]
	at org.apache.jmeter.save.converters.HashTreeConverter.unmarshal(HashTreeConverter.java:66) [ApacheJMeter_core.jar:5.6.3]
	at com.thoughtworks.xstream.core.TreeUnmarshaller.convert(TreeUnmarshaller.java:74) [xstream-1.4.20.jar:1.4.20]
	at com.thoughtworks.xstream.core.AbstractReferenceUnmarshaller.convert(AbstractReferenceUnmarshaller.java:72) [xstream-1.4.20.jar:1.4.20]
	at com.thoughtworks.xstream.core.TreeUnmarshaller.convertAnother(TreeUnmarshaller.java:68) [xstream-1.4.20.jar:1.4.20]
	at com.thoughtworks.xstream.core.TreeUnmarshaller.convertAnother(TreeUnmarshaller.java:52) [xstream-1.4.20.jar:1.4.20]
	at com.thoughtworks.xstream.converters.collections.AbstractCollectionConverter.readBareItem(AbstractCollectionConverter.java:132) [xstream-1.4.20.jar:1.4.20]
	at org.apache.jmeter.save.converters.HashTreeConverter.unmarshal(HashTreeConverter.java:66) [ApacheJMeter_core.jar:5.6.3]
	at com.thoughtworks.xstream.core.TreeUnmarshaller.convert(TreeUnmarshaller.java:74) [xstream-1.4.20.jar:1.4.20]
	at com.thoughtworks.xstream.core.AbstractReferenceUnmarshaller.convert(AbstractReferenceUnmarshaller.java:72) [xstream-1.4.20.jar:1.4.20]
	at com.thoughtworks.xstream.core.TreeUnmarshaller.convertAnother(TreeUnmarshaller.java:68) [xstream-1.4.20.jar:1.4.20]
	at com.thoughtworks.xstream.core.TreeUnmarshaller.convertAnother(TreeUnmarshaller.java:52) [xstream-1.4.20.jar:1.4.20]
	at com.thoughtworks.xstream.converters.collections.AbstractCollectionConverter.readBareItem(AbstractCollectionConverter.java:132) [xstream-1.4.20.jar:1.4.20]
	at org.apache.jmeter.save.converters.HashTreeConverter.unmarshal(HashTreeConverter.java:66) [ApacheJMeter_core.jar:5.6.3]
	at com.thoughtworks.xstream.core.TreeUnmarshaller.convert(TreeUnmarshaller.java:74) [xstream-1.4.20.jar:1.4.20]
	at com.thoughtworks.xstream.core.AbstractReferenceUnmarshaller.convert(AbstractReferenceUnmarshaller.java:72) [xstream-1.4.20.jar:1.4.20]
	at com.thoughtworks.xstream.core.TreeUnmarshaller.convertAnother(TreeUnmarshaller.java:68) [xstream-1.4.20.jar:1.4.20]
	at com.thoughtworks.xstream.core.TreeUnmarshaller.convertAnother(TreeUnmarshaller.java:52) [xstream-1.4.20.jar:1.4.20]
	at com.thoughtworks.xstream.converters.collections.AbstractCollectionConverter.readBareItem(AbstractCollectionConverter.java:132) [xstream-1.4.20.jar:1.4.20]
	at org.apache.jmeter.save.converters.HashTreeConverter.unmarshal(HashTreeConverter.java:66) [ApacheJMeter_core.jar:5.6.3]
	at com.thoughtworks.xstream.core.TreeUnmarshaller.convert(TreeUnmarshaller.java:74) [xstream-1.4.20.jar:1.4.20]
	at com.thoughtworks.xstream.core.AbstractReferenceUnmarshaller.convert(AbstractReferenceUnmarshaller.java:72) [xstream-1.4.20.jar:1.4.20]
	at com.thoughtworks.xstream.core.TreeUnmarshaller.convertAnother(TreeUnmarshaller.java:68) [xstream-1.4.20.jar:1.4.20]
	at com.thoughtworks.xstream.core.TreeUnmarshaller.convertAnother(TreeUnmarshaller.java:52) [xstream-1.4.20.jar:1.4.20]
	at org.apache.jmeter.save.ScriptWrapperConverter.unmarshal(ScriptWrapperConverter.java:93) [ApacheJMeter_core.jar:5.6.3]
	at com.thoughtworks.xstream.core.TreeUnmarshaller.convert(TreeUnmarshaller.java:74) [xstream-1.4.20.jar:1.4.20]
	at com.thoughtworks.xstream.core.AbstractReferenceUnmarshaller.convert(AbstractReferenceUnmarshaller.java:72) [xstream-1.4.20.jar:1.4.20]
	at com.thoughtworks.xstream.core.TreeUnmarshaller.convertAnother(TreeUnmarshaller.java:68) [xstream-1.4.20.jar:1.4.20]
	at com.thoughtworks.xstream.core.TreeUnmarshaller.convertAnother(TreeUnmarshaller.java:52) [xstream-1.4.20.jar:1.4.20]
	at com.thoughtworks.xstream.core.TreeUnmarshaller.start(TreeUnmarshaller.java:136) [xstream-1.4.20.jar:1.4.20]
	at com.thoughtworks.xstream.core.AbstractTreeMarshallingStrategy.unmarshal(AbstractTreeMarshallingStrategy.java:32) [xstream-1.4.20.jar:1.4.20]
	at com.thoughtworks.xstream.XStream.unmarshal(XStream.java:1464) [xstream-1.4.20.jar:1.4.20]
	at com.thoughtworks.xstream.XStream.unmarshal(XStream.java:1441) [xstream-1.4.20.jar:1.4.20]
	at com.thoughtworks.xstream.XStream.fromXML(XStream.java:1321) [xstream-1.4.20.jar:1.4.20]
	at org.apache.jmeter.save.SaveService.readTree(SaveService.java:446) [ApacheJMeter_core.jar:5.6.3]
	at org.apache.jmeter.save.SaveService.loadTree(SaveService.java:429) [ApacheJMeter_core.jar:5.6.3]
	at org.apache.jmeter.JMeter.runNonGui(JMeter.java:954) [ApacheJMeter_core.jar:5.6.3]
	at org.apache.jmeter.JMeter.startNonGui(JMeter.java:940) [ApacheJMeter_core.jar:5.6.3]
	at org.apache.jmeter.JMeter.start(JMeter.java:508) [ApacheJMeter_core.jar:5.6.3]
	at java.base/jdk.internal.reflect.DirectMethodHandleAccessor.invoke(DirectMethodHandleAccessor.java:103) ~[?:?]
	at java.base/java.lang.reflect.Method.invoke(Method.java:580) ~[?:?]
	at org.apache.jmeter.NewDriver.main(NewDriver.java:259) [ApacheJMeter.jar:5.6.3]
2026-10-09 09:47:43,746 ERROR o.a.j.s.c.TestElementPropertyConverter: Couldn't unmarshall TestElementProperty
java.lang.IllegalArgumentException: Name cannot be null
	at org.apache.jmeter.testelement.property.AbstractProperty.setName(AbstractProperty.java:72) ~[ApacheJMeter_core.jar:5.6.3]
	at org.apache.jmeter.save.converters.TestElementPropertyConverter.unmarshal(TestElementPropertyConverter.java:100) [ApacheJMeter_core.jar:5.6.3]
	at com.thoughtworks.xstream.core.TreeUnmarshaller.convert(TreeUnmarshaller.java:74) [xstream-1.4.20.jar:1.4.20]
	at com.thoughtworks.xstream.core.AbstractReferenceUnmarshaller.convert(AbstractReferenceUnmarshaller.java:72) [xstream-1.4.20.jar:1.4.20]
	at com.thoughtworks.xstream.core.TreeUnmarshaller.convertAnother(TreeUnmarshaller.java:68) [xstream-1.4.20.jar:1.4.20]
	at com.thoughtworks.xstream.core.TreeUnmarshaller.convertAnother(TreeUnmarshaller.java:52) [xstream-1.4.20.jar:1.4.20]
	at com.thoughtworks.xstream.converters.collections.AbstractCollectionConverter.readBareItem(AbstractCollectionConverter.java:132) [xstream-1.4.20.jar:1.4.20]
	at org.apache.jmeter.save.converters.MultiPropertyConverter.unmarshal(MultiPropertyConverter.java:68) [ApacheJMeter_core.jar:5.6.3]
	at com.thoughtworks.xstream.core.TreeUnmarshaller.convert(TreeUnmarshaller.java:74) [xstream-1.4.20.jar:1.4.20]
	at com.thoughtworks.xstream.core.AbstractReferenceUnmarshaller.convert(AbstractReferenceUnmarshaller.java:72) [xstream-1.4.20.jar:1.4.20]
	at com.thoughtworks.xstream.core.TreeUnmarshaller.convertAnother(TreeUnmarshaller.java:68) [xstream-1.4.20.jar:1.4.20]
	at com.thoughtworks.xstream.core.TreeUnmarshaller.convertAnother(TreeUnmarshaller.java:52) [xstream-1.4.20.jar:1.4.20]
	at com.thoughtworks.xstream.converters.collections.AbstractCollectionConverter.readBareItem(AbstractCollectionConverter.java:132) [xstream-1.4.20.jar:1.4.20]
	at org.apache.jmeter.save.converters.TestElementConverter.unmarshal(TestElementConverter.java:109) [ApacheJMeter_core.jar:5.6.3]
	at com.thoughtworks.xstream.core.TreeUnmarshaller.convert(TreeUnmarshaller.java:74) [xstream-1.4.20.jar:1.4.20]
	at com.thoughtworks.xstream.core.AbstractReferenceUnmarshaller.convert(AbstractReferenceUnmarshaller.java:72) [xstream-1.4.20.jar:1.4.20]
	at com.thoughtworks.xstream.core.TreeUnmarshaller.convertAnother(TreeUnmarshaller.java:68) [xstream-1.4.20.jar:1.4.20]
	at com.thoughtworks.xstream.core.TreeUnmarshaller.convertAnother(TreeUnmarshaller.java:52) [xstream-1.4.20.jar:1.4.20]
	at com.thoughtworks.xstream.converters.collections.AbstractCollectionConverter.readBareItem(AbstractCollectionConverter.java:132) [xstream-1.4.20.jar:1.4.20]
	at org.apache.jmeter.save.converters.HashTreeConverter.unmarshal(HashTreeConverter.java:66) [ApacheJMeter_core.jar:5.6.3]
	at com.thoughtworks.xstream.core.TreeUnmarshaller.convert(TreeUnmarshaller.java:74) [xstream-1.4.20.jar:1.4.20]
	at com.thoughtworks.xstream.core.AbstractReferenceUnmarshaller.convert(AbstractReferenceUnmarshaller.java:72) [xstream-1.4.20.jar:1.4.20]
	at com.thoughtworks.xstream.core.TreeUnmarshaller.convertAnother(TreeUnmarshaller.java:68) [xstream-1.4.20.jar:1.4.20]
	at com.thoughtworks.xstream.core.TreeUnmarshaller.convertAnother(TreeUnmarshaller.java:52) [xstream-1.4.20.jar:1.4.20]
	at com.thoughtworks.xstream.converters.collections.AbstractCollectionConverter.readBareItem(AbstractCollectionConverter.java:132) [xstream-1.4.20.jar:1.4.20]
	at org.apache.jmeter.save.converters.HashTreeConverter.unmarshal(HashTreeConverter.java:66) [ApacheJMeter_core.jar:5.6.3]
	at com.thoughtworks.xstream.core.TreeUnmarshaller.convert(TreeUnmarshaller.java:74) [xstream-1.4.20.jar:1.4.20]
	at com.thoughtworks.xstream.core.AbstractReferenceUnmarshaller.convert(AbstractReferenceUnmarshaller.java:72) [xstream-1.4.20.jar:1.4.20]
	at com.thoughtworks.xstream.core.TreeUnmarshaller.convertAnother(TreeUnmarshaller.java:68) [xstream-1.4.20.jar:1.4.20]
	at com.thoughtworks.xstream.core.TreeUnmarshaller.convertAnother(TreeUnmarshaller.java:52) [xstream-1.4.20.jar:1.4.20]
	at com.thoughtworks.xstream.converters.collections.AbstractCollectionConverter.readBareItem(AbstractCollectionConverter.java:132) [xstream-1.4.20.jar:1.4.20]
	at org.apache.jmeter.save.converters.HashTreeConverter.unmarshal(HashTreeConverter.java:66) [ApacheJMeter_core.jar:5.6.3]
	at com.thoughtworks.xstream.core.TreeUnmarshaller.convert(TreeUnmarshaller.java:74) [xstream-1.4.20.jar:1.4.20]
	at com.thoughtworks.xstream.core.AbstractReferenceUnmarshaller.convert(AbstractReferenceUnmarshaller.java:72) [xstream-1.4.20.jar:1.4.20]
	at com.thoughtworks.xstream.core.TreeUnmarshaller.convertAnother(TreeUnmarshaller.java:68) [xstream-1.4.20.jar:1.4.20]
	at com.thoughtworks.xstream.core.TreeUnmarshaller.convertAnother(TreeUnmarshaller.java:52) [xstream-1.4.20.jar:1.4.20]
	at com.thoughtworks.xstream.converters.collections.AbstractCollectionConverter.readBareItem(AbstractCollectionConverter.java:132) [xstream-1.4.20.jar:1.4.20]
	at org.apache.jmeter.save.converters.HashTreeConverter.unmarshal(HashTreeConverter.java:66) [ApacheJMeter_core.jar:5.6.3]
	at com.thoughtworks.xstream.core.TreeUnmarshaller.convert(TreeUnmarshaller.java:74) [xstream-1.4.20.jar:1.4.20]
	at com.thoughtworks.xstream.core.AbstractReferenceUnmarshaller.convert(AbstractReferenceUnmarshaller.java:72) [xstream-1.4.20.jar:1.4.20]
	at com.thoughtworks.xstream.core.TreeUnmarshaller.convertAnother(TreeUnmarshaller.java:68) [xstream-1.4.20.jar:1.4.20]
	at com.thoughtworks.xstream.core.TreeUnmarshaller.convertAnother(TreeUnmarshaller.java:52) [xstream-1.4.20.jar:1.4.20]
	at org.apache.jmeter.save.ScriptWrapperConverter.unmarshal(ScriptWrapperConverter.java:93) [ApacheJMeter_core.jar:5.6.3]
	at com.thoughtworks.xstream.core.TreeUnmarshaller.convert(TreeUnmarshaller.java:74) [xstream-1.4.20.jar:1.4.20]
	at com.thoughtworks.xstream.core.AbstractReferenceUnmarshaller.convert(AbstractReferenceUnmarshaller.java:72) [xstream-1.4.20.jar:1.4.20]
	at com.thoughtworks.xstream.core.TreeUnmarshaller.convertAnother(TreeUnmarshaller.java:68) [xstream-1.4.20.jar:1.4.20]
	at com.thoughtworks.xstream.core.TreeUnmarshaller.convertAnother(TreeUnmarshaller.java:52) [xstream-1.4.20.jar:1.4.20]
	at com.thoughtworks.xstream.core.TreeUnmarshaller.start(TreeUnmarshaller.java:136) [xstream-1.4.20.jar:1.4.20]
	at com.thoughtworks.xstream.core.AbstractTreeMarshallingStrategy.unmarshal(AbstractTreeMarshallingStrategy.java:32) [xstream-1.4.20.jar:1.4.20]
	at com.thoughtworks.xstream.XStream.unmarshal(XStream.java:1464) [xstream-1.4.20.jar:1.4.20]
	at com.thoughtworks.xstream.XStream.unmarshal(XStream.java:1441) [xstream-1.4.20.jar:1.4.20]
	at com.thoughtworks.xstream.XStream.fromXML(XStream.java:1321) [xstream-1.4.20.jar:1.4.20]
	at org.apache.jmeter.save.SaveService.readTree(SaveService.java:446) [ApacheJMeter_core.jar:5.6.3]
	at org.apache.jmeter.save.SaveService.loadTree(SaveService.java:429) [ApacheJMeter_core.jar:5.6.3]
	at org.apache.jmeter.JMeter.runNonGui(JMeter.java:954) [ApacheJMeter_core.jar:5.6.3]
	at org.apache.jmeter.JMeter.startNonGui(JMeter.java:940) [ApacheJMeter_core.jar:5.6.3]
	at org.apache.jmeter.JMeter.start(JMeter.java:508) [ApacheJMeter_core.jar:5.6.3]
	at java.base/jdk.internal.reflect.DirectMethodHandleAccessor.invoke(DirectMethodHandleAccessor.java:103) ~[?:?]
	at java.base/java.lang.reflect.Method.invoke(Method.java:580) ~[?:?]
	at org.apache.jmeter.NewDriver.main(NewDriver.java:259) [ApacheJMeter.jar:5.6.3]
2026-10-09 09:47:43,747 ERROR o.a.j.s.c.TestElementPropertyConverter: Couldn't unmarshall TestElementProperty
java.lang.IllegalArgumentException: Name cannot be null
	at org.apache.jmeter.testelement.property.AbstractProperty.setName(AbstractProperty.java:72) ~[ApacheJMeter_core.jar:5.6.3]
	at org.apache.jmeter.save.converters.TestElementPropertyConverter.unmarshal(TestElementPropertyConverter.java:100) [ApacheJMeter_core.jar:5.6.3]
	at com.thoughtworks.xstream.core.TreeUnmarshaller.convert(TreeUnmarshaller.java:74) [xstream-1.4.20.jar:1.4.20]
	at com.thoughtworks.xstream.core.AbstractReferenceUnmarshaller.convert(AbstractReferenceUnmarshaller.java:72) [xstream-1.4.20.jar:1.4.20]
	at com.thoughtworks.xstream.core.TreeUnmarshaller.convertAnother(TreeUnmarshaller.java:68) [xstream-1.4.20.jar:1.4.20]
	at com.thoughtworks.xstream.core.TreeUnmarshaller.convertAnother(TreeUnmarshaller.java:52) [xstream-1.4.20.jar:1.4.20]
	at com.thoughtworks.xstream.converters.collections.AbstractCollectionConverter.readBareItem(AbstractCollectionConverter.java:132) [xstream-1.4.20.jar:1.4.20]
	at org.apache.jmeter.save.converters.MultiPropertyConverter.unmarshal(MultiPropertyConverter.java:68) [ApacheJMeter_core.jar:5.6.3]
	at com.thoughtworks.xstream.core.TreeUnmarshaller.convert(TreeUnmarshaller.java:74) [xstream-1.4.20.jar:1.4.20]
	at com.thoughtworks.xstream.core.AbstractReferenceUnmarshaller.convert(AbstractReferenceUnmarshaller.java:72) [xstream-1.4.20.jar:1.4.20]
	at com.thoughtworks.xstream.core.TreeUnmarshaller.convertAnother(TreeUnmarshaller.java:68) [xstream-1.4.20.jar:1.4.20]
	at com.thoughtworks.xstream.core.TreeUnmarshaller.convertAnother(TreeUnmarshaller.java:52) [xstream-1.4.20.jar:1.4.20]
	at com.thoughtworks.xstream.converters.collections.AbstractCollectionConverter.readBareItem(AbstractCollectionConverter.java:132) [xstream-1.4.20.jar:1.4.20]
	at org.apache.jmeter.save.converters.TestElementConverter.unmarshal(TestElementConverter.java:109) [ApacheJMeter_core.jar:5.6.3]
	at com.thoughtworks.xstream.core.TreeUnmarshaller.convert(TreeUnmarshaller.java:74) [xstream-1.4.20.jar:1.4.20]
	at com.thoughtworks.xstream.core.AbstractReferenceUnmarshaller.convert(AbstractReferenceUnmarshaller.java:72) [xstream-1.4.20.jar:1.4.20]
	at com.thoughtworks.xstream.core.TreeUnmarshaller.convertAnother(TreeUnmarshaller.java:68) [xstream-1.4.20.jar:1.4.20]
	at com.thoughtworks.xstream.core.TreeUnmarshaller.convertAnother(TreeUnmarshaller.java:52) [xstream-1.4.20.jar:1.4.20]
	at com.thoughtworks.xstream.converters.collections.AbstractCollectionConverter.readBareItem(AbstractCollectionConverter.java:132) [xstream-1.4.20.jar:1.4.20]
	at org.apache.jmeter.save.converters.HashTreeConverter.unmarshal(HashTreeConverter.java:66) [ApacheJMeter_core.jar:5.6.3]
	at com.thoughtworks.xstream.core.TreeUnmarshaller.convert(TreeUnmarshaller.java:74) [xstream-1.4.20.jar:1.4.20]
	at com.thoughtworks.xstream.core.AbstractReferenceUnmarshaller.convert(AbstractReferenceUnmarshaller.java:72) [xstream-1.4.20.jar:1.4.20]
	at com.thoughtworks.xstream.core.TreeUnmarshaller.convertAnother(TreeUnmarshaller.java:68) [xstream-1.4.20.jar:1.4.20]
	at com.thoughtworks.xstream.core.TreeUnmarshaller.convertAnother(TreeUnmarshaller.java:52) [xstream-1.4.20.jar:1.4.20]
	at com.thoughtworks.xstream.converters.collections.AbstractCollectionConverter.readBareItem(AbstractCollectionConverter.java:132) [xstream-1.4.20.jar:1.4.20]
	at org.apache.jmeter.save.converters.HashTreeConverter.unmarshal(HashTreeConverter.java:66) [ApacheJMeter_core.jar:5.6.3]
	at com.thoughtworks.xstream.core.TreeUnmarshaller.convert(TreeUnmarshaller.java:74) [xstream-1.4.20.jar:1.4.20]
	at com.thoughtworks.xstream.core.AbstractReferenceUnmarshaller.convert(AbstractReferenceUnmarshaller.java:72) [xstream-1.4.20.jar:1.4.20]
	at com.thoughtworks.xstream.core.TreeUnmarshaller.convertAnother(TreeUnmarshaller.java:68) [xstream-1.4.20.jar:1.4.20]
	at com.thoughtworks.xstream.core.TreeUnmarshaller.convertAnother(TreeUnmarshaller.java:52) [xstream-1.4.20.jar:1.4.20]
	at com.thoughtworks.xstream.converters.collections.AbstractCollectionConverter.readBareItem(AbstractCollectionConverter.java:132) [xstream-1.4.20.jar:1.4.20]
	at org.apache.jmeter.save.converters.HashTreeConverter.unmarshal(HashTreeConverter.java:66) [ApacheJMeter_core.jar:5.6.3]
	at com.thoughtworks.xstream.core.TreeUnmarshaller.convert(TreeUnmarshaller.java:74) [xstream-1.4.20.jar:1.4.20]
	at com.thoughtworks.xstream.core.AbstractReferenceUnmarshaller.convert(AbstractReferenceUnmarshaller.java:72) [xstream-1.4.20.jar:1.4.20]
	at com.thoughtworks.xstream.core.TreeUnmarshaller.convertAnother(TreeUnmarshaller.java:68) [xstream-1.4.20.jar:1.4.20]
	at com.thoughtworks.xstream.core.TreeUnmarshaller.convertAnother(TreeUnmarshaller.java:52) [xstream-1.4.20.jar:1.4.20]
	at com.thoughtworks.xstream.converters.collections.AbstractCollectionConverter.readBareItem(AbstractCollectionConverter.java:132) [xstream-1.4.20.jar:1.4.20]
	at org.apache.jmeter.save.converters.HashTreeConverter.unmarshal(HashTreeConverter.java:66) [ApacheJMeter_core.jar:5.6.3]
	at com.thoughtworks.xstream.core.TreeUnmarshaller.convert(TreeUnmarshaller.java:74) [xstream-1.4.20.jar:1.4.20]
	at com.thoughtworks.xstream.core.AbstractReferenceUnmarshaller.convert(AbstractReferenceUnmarshaller.java:72) [xstream-1.4.20.jar:1.4.20]
	at com.thoughtworks.xstream.core.TreeUnmarshaller.convertAnother(TreeUnmarshaller.java:68) [xstream-1.4.20.jar:1.4.20]
	at com.thoughtworks.xstream.core.TreeUnmarshaller.convertAnother(TreeUnmarshaller.java:52) [xstream-1.4.20.jar:1.4.20]
	at org.apache.jmeter.save.ScriptWrapperConverter.unmarshal(ScriptWrapperConverter.java:93) [ApacheJMeter_core.jar:5.6.3]
	at com.thoughtworks.xstream.core.TreeUnmarshaller.convert(TreeUnmarshaller.java:74) [xstream-1.4.20.jar:1.4.20]
	at com.thoughtworks.xstream.core.AbstractReferenceUnmarshaller.convert(AbstractReferenceUnmarshaller.java:72) [xstream-1.4.20.jar:1.4.20]
	at com.thoughtworks.xstream.core.TreeUnmarshaller.convertAnother(TreeUnmarshaller.java:68) [xstream-1.4.20.jar:1.4.20]
	at com.thoughtworks.xstream.core.TreeUnmarshaller.convertAnother(TreeUnmarshaller.java:52) [xstream-1.4.20.jar:1.4.20]
	at com.thoughtworks.xstream.core.TreeUnmarshaller.start(TreeUnmarshaller.java:136) [xstream-1.4.20.jar:1.4.20]
	at com.thoughtworks.xstream.core.AbstractTreeMarshallingStrategy.unmarshal(AbstractTreeMarshallingStrategy.java:32) [xstream-1.4.20.jar:1.4.20]
	at com.thoughtworks.xstream.XStream.unmarshal(XStream.java:1464) [xstream-1.4.20.jar:1.4.20]
	at com.thoughtworks.xstream.XStream.unmarshal(XStream.java:1441) [xstream-1.4.20.jar:1.4.20]
	at com.thoughtworks.xstream.XStream.fromXML(XStream.java:1321) [xstream-1.4.20.jar:1.4.20]
	at org.apache.jmeter.save.SaveService.readTree(SaveService.java:446) [ApacheJMeter_core.jar:5.6.3]
	at org.apache.jmeter.save.SaveService.loadTree(SaveService.java:429) [ApacheJMeter_core.jar:5.6.3]
	at org.apache.jmeter.JMeter.runNonGui(JMeter.java:954) [ApacheJMeter_core.jar:5.6.3]
	at org.apache.jmeter.JMeter.startNonGui(JMeter.java:940) [ApacheJMeter_core.jar:5.6.3]
	at org.apache.jmeter.JMeter.start(JMeter.java:508) [ApacheJMeter_core.jar:5.6.3]
	at java.base/jdk.internal.reflect.DirectMethodHandleAccessor.invoke(DirectMethodHandleAccessor.java:103) ~[?:?]
	at java.base/java.lang.reflect.Method.invoke(Method.java:580) ~[?:?]
	at org.apache.jmeter.NewDriver.main(NewDriver.java:259) [ApacheJMeter.jar:5.6.3]
2026-10-09 09:47:43,750 ERROR o.a.j.s.c.TestElementPropertyConverter: Couldn't unmarshall TestElementProperty
java.lang.IllegalArgumentException: Name cannot be null
	at org.apache.jmeter.testelement.property.AbstractProperty.setName(AbstractProperty.java:72) ~[ApacheJMeter_core.jar:5.6.3]
	at org.apache.jmeter.save.converters.TestElementPropertyConverter.unmarshal(TestElementPropertyConverter.java:100) [ApacheJMeter_core.jar:5.6.3]
	at com.thoughtworks.xstream.core.TreeUnmarshaller.convert(TreeUnmarshaller.java:74) [xstream-1.4.20.jar:1.4.20]
	at com.thoughtworks.xstream.core.AbstractReferenceUnmarshaller.convert(AbstractReferenceUnmarshaller.java:72) [xstream-1.4.20.jar:1.4.20]
	at com.thoughtworks.xstream.core.TreeUnmarshaller.convertAnother(TreeUnmarshaller.java:68) [xstream-1.4.20.jar:1.4.20]
	at com.thoughtworks.xstream.core.TreeUnmarshaller.convertAnother(TreeUnmarshaller.java:52) [xstream-1.4.20.jar:1.4.20]
	at com.thoughtworks.xstream.converters.collections.AbstractCollectionConverter.readBareItem(AbstractCollectionConverter.java:132) [xstream-1.4.20.jar:1.4.20]
	at org.apache.jmeter.save.converters.MultiPropertyConverter.unmarshal(MultiPropertyConverter.java:68) [ApacheJMeter_core.jar:5.6.3]
	at com.thoughtworks.xstream.core.TreeUnmarshaller.convert(TreeUnmarshaller.java:74) [xstream-1.4.20.jar:1.4.20]
	at com.thoughtworks.xstream.core.AbstractReferenceUnmarshaller.convert(AbstractReferenceUnmarshaller.java:72) [xstream-1.4.20.jar:1.4.20]
	at com.thoughtworks.xstream.core.TreeUnmarshaller.convertAnother(TreeUnmarshaller.java:68) [xstream-1.4.20.jar:1.4.20]
	at com.thoughtworks.xstream.core.TreeUnmarshaller.convertAnother(TreeUnmarshaller.java:52) [xstream-1.4.20.jar:1.4.20]
	at com.thoughtworks.xstream.converters.collections.AbstractCollectionConverter.readBareItem(AbstractCollectionConverter.java:132) [xstream-1.4.20.jar:1.4.20]
	at org.apache.jmeter.save.converters.TestElementConverter.unmarshal(TestElementConverter.java:109) [ApacheJMeter_core.jar:5.6.3]
	at com.thoughtworks.xstream.core.TreeUnmarshaller.convert(TreeUnmarshaller.java:74) [xstream-1.4.20.jar:1.4.20]
	at com.thoughtworks.xstream.core.AbstractReferenceUnmarshaller.convert(AbstractReferenceUnmarshaller.java:72) [xstream-1.4.20.jar:1.4.20]
	at com.thoughtworks.xstream.core.TreeUnmarshaller.convertAnother(TreeUnmarshaller.java:68) [xstream-1.4.20.jar:1.4.20]
	at com.thoughtworks.xstream.core.TreeUnmarshaller.convertAnother(TreeUnmarshaller.java:52) [xstream-1.4.20.jar:1.4.20]
	at com.thoughtworks.xstream.converters.collections.AbstractCollectionConverter.readBareItem(AbstractCollectionConverter.java:132) [xstream-1.4.20.jar:1.4.20]
	at org.apache.jmeter.save.converters.HashTreeConverter.unmarshal(HashTreeConverter.java:66) [ApacheJMeter_core.jar:5.6.3]
	at com.thoughtworks.xstream.core.TreeUnmarshaller.convert(TreeUnmarshaller.java:74) [xstream-1.4.20.jar:1.4.20]
	at com.thoughtworks.xstream.core.AbstractReferenceUnmarshaller.convert(AbstractReferenceUnmarshaller.java:72) [xstream-1.4.20.jar:1.4.20]
	at com.thoughtworks.xstream.core.TreeUnmarshaller.convertAnother(TreeUnmarshaller.java:68) [xstream-1.4.20.jar:1.4.20]
	at com.thoughtworks.xstream.core.TreeUnmarshaller.convertAnother(TreeUnmarshaller.java:52) [xstream-1.4.20.jar:1.4.20]
	at com.thoughtworks.xstream.converters.collections.AbstractCollectionConverter.readBareItem(AbstractCollectionConverter.java:132) [xstream-1.4.20.jar:1.4.20]
	at org.apache.jmeter.save.converters.HashTreeConverter.unmarshal(HashTreeConverter.java:66) [ApacheJMeter_core.jar:5.6.3]
	at com.thoughtworks.xstream.core.TreeUnmarshaller.convert(TreeUnmarshaller.java:74) [xstream-1.4.20.jar:1.4.20]
	at com.thoughtworks.xstream.core.AbstractReferenceUnmarshaller.convert(AbstractReferenceUnmarshaller.java:72) [xstream-1.4.20.jar:1.4.20]
	at com.thoughtworks.xstream.core.TreeUnmarshaller.convertAnother(TreeUnmarshaller.java:68) [xstream-1.4.20.jar:1.4.20]
	at com.thoughtworks.xstream.core.TreeUnmarshaller.convertAnother(TreeUnmarshaller.java:52) [xstream-1.4.20.jar:1.4.20]
	at com.thoughtworks.xstream.converters.collections.AbstractCollectionConverter.readBareItem(AbstractCollectionConverter.java:132) [xstream-1.4.20.jar:1.4.20]
	at org.apache.jmeter.save.converters.HashTreeConverter.unmarshal(HashTreeConverter.java:66) [ApacheJMeter_core.jar:5.6.3]
	at com.thoughtworks.xstream.core.TreeUnmarshaller.convert(TreeUnmarshaller.java:74) [xstream-1.4.20.jar:1.4.20]
	at com.thoughtworks.xstream.core.AbstractReferenceUnmarshaller.convert(AbstractReferenceUnmarshaller.java:72) [xstream-1.4.20.jar:1.4.20]
	at com.thoughtworks.xstream.core.TreeUnmarshaller.convertAnother(TreeUnmarshaller.java:68) [xstream-1.4.20.jar:1.4.20]
	at com.thoughtworks.xstream.core.TreeUnmarshaller.convertAnother(TreeUnmarshaller.java:52) [xstream-1.4.20.jar:1.4.20]
	at com.thoughtworks.xstream.converters.collections.AbstractCollectionConverter.readBareItem(AbstractCollectionConverter.java:132) [xstream-1.4.20.jar:1.4.20]
	at org.apache.jmeter.save.converters.HashTreeConverter.unmarshal(HashTreeConverter.java:66) [ApacheJMeter_core.jar:5.6.3]
	at com.thoughtworks.xstream.core.TreeUnmarshaller.convert(TreeUnmarshaller.java:74) [xstream-1.4.20.jar:1.4.20]
	at com.thoughtworks.xstream.core.AbstractReferenceUnmarshaller.convert(AbstractReferenceUnmarshaller.java:72) [xstream-1.4.20.jar:1.4.20]
	at com.thoughtworks.xstream.core.TreeUnmarshaller.convertAnother(TreeUnmarshaller.java:68) [xstream-1.4.20.jar:1.4.20]
	at com.thoughtworks.xstream.core.TreeUnmarshaller.convertAnother(TreeUnmarshaller.java:52) [xstream-1.4.20.jar:1.4.20]
	at org.apache.jmeter.save.ScriptWrapperConverter.unmarshal(ScriptWrapperConverter.java:93) [ApacheJMeter_core.jar:5.6.3]
	at com.thoughtworks.xstream.core.TreeUnmarshaller.convert(TreeUnmarshaller.java:74) [xstream-1.4.20.jar:1.4.20]
	at com.thoughtworks.xstream.core.AbstractReferenceUnmarshaller.convert(AbstractReferenceUnmarshaller.java:72) [xstream-1.4.20.jar:1.4.20]
	at com.thoughtworks.xstream.core.TreeUnmarshaller.convertAnother(TreeUnmarshaller.java:68) [xstream-1.4.20.jar:1.4.20]
	at com.thoughtworks.xstream.core.TreeUnmarshaller.convertAnother(TreeUnmarshaller.java:52) [xstream-1.4.20.jar:1.4.20]
	at com.thoughtworks.xstream.core.TreeUnmarshaller.start(TreeUnmarshaller.java:136) [xstream-1.4.20.jar:1.4.20]
	at com.thoughtworks.xstream.core.AbstractTreeMarshallingStrategy.unmarshal(AbstractTreeMarshallingStrategy.java:32) [xstream-1.4.20.jar:1.4.20]
	at com.thoughtworks.xstream.XStream.unmarshal(XStream.java:1464) [xstream-1.4.20.jar:1.4.20]
	at com.thoughtworks.xstream.XStream.unmarshal(XStream.java:1441) [xstream-1.4.20.jar:1.4.20]
	at com.thoughtworks.xstream.XStream.fromXML(XStream.java:1321) [xstream-1.4.20.jar:1.4.20]
	at org.apache.jmeter.save.SaveService.readTree(SaveService.java:446) [ApacheJMeter_core.jar:5.6.3]
	at org.apache.jmeter.save.SaveService.loadTree(SaveService.java:429) [ApacheJMeter_core.jar:5.6.3]
	at org.apache.jmeter.JMeter.runNonGui(JMeter.java:954) [ApacheJMeter_core.jar:5.6.3]
	at org.apache.jmeter.JMeter.startNonGui(JMeter.java:940) [ApacheJMeter_core.jar:5.6.3]
	at org.apache.jmeter.JMeter.start(JMeter.java:508) [ApacheJMeter_core.jar:5.6.3]
	at java.base/jdk.internal.reflect.DirectMethodHandleAccessor.invoke(DirectMethodHandleAccessor.java:103) ~[?:?]
	at java.base/java.lang.reflect.Method.invoke(Method.java:580) ~[?:?]
	at org.apache.jmeter.NewDriver.main(NewDriver.java:259) [ApacheJMeter.jar:5.6.3]
2026-10-09 09:47:43,752 ERROR o.a.j.s.c.TestElementPropertyConverter: Couldn't unmarshall TestElementProperty
java.lang.IllegalArgumentException: Name cannot be null
	at org.apache.jmeter.testelement.property.AbstractProperty.setName(AbstractProperty.java:72) ~[ApacheJMeter_core.jar:5.6.3]
	at org.apache.jmeter.save.converters.TestElementPropertyConverter.unmarshal(TestElementPropertyConverter.java:100) [ApacheJMeter_core.jar:5.6.3]
	at com.thoughtworks.xstream.core.TreeUnmarshaller.convert(TreeUnmarshaller.java:74) [xstream-1.4.20.jar:1.4.20]
	at com.thoughtworks.xstream.core.AbstractReferenceUnmarshaller.convert(AbstractReferenceUnmarshaller.java:72) [xstream-1.4.20.jar:1.4.20]
	at com.thoughtworks.xstream.core.TreeUnmarshaller.convertAnother(TreeUnmarshaller.java:68) [xstream-1.4.20.jar:1.4.20]
	at com.thoughtworks.xstream.core.TreeUnmarshaller.convertAnother(TreeUnmarshaller.java:52) [xstream-1.4.20.jar:1.4.20]
	at com.thoughtworks.xstream.converters.collections.AbstractCollectionConverter.readBareItem(AbstractCollectionConverter.java:132) [xstream-1.4.20.jar:1.4.20]
	at org.apache.jmeter.save.converters.MultiPropertyConverter.unmarshal(MultiPropertyConverter.java:68) [ApacheJMeter_core.jar:5.6.3]
	at com.thoughtworks.xstream.core.TreeUnmarshaller.convert(TreeUnmarshaller.java:74) [xstream-1.4.20.jar:1.4.20]
	at com.thoughtworks.xstream.core.AbstractReferenceUnmarshaller.convert(AbstractReferenceUnmarshaller.java:72) [xstream-1.4.20.jar:1.4.20]
	at com.thoughtworks.xstream.core.TreeUnmarshaller.convertAnother(TreeUnmarshaller.java:68) [xstream-1.4.20.jar:1.4.20]
	at com.thoughtworks.xstream.core.TreeUnmarshaller.convertAnother(TreeUnmarshaller.java:52) [xstream-1.4.20.jar:1.4.20]
	at com.thoughtworks.xstream.converters.collections.AbstractCollectionConverter.readBareItem(AbstractCollectionConverter.java:132) [xstream-1.4.20.jar:1.4.20]
	at org.apache.jmeter.save.converters.TestElementConverter.unmarshal(TestElementConverter.java:109) [ApacheJMeter_core.jar:5.6.3]
	at com.thoughtworks.xstream.core.TreeUnmarshaller.convert(TreeUnmarshaller.java:74) [xstream-1.4.20.jar:1.4.20]
	at com.thoughtworks.xstream.core.AbstractReferenceUnmarshaller.convert(AbstractReferenceUnmarshaller.java:72) [xstream-1.4.20.jar:1.4.20]
	at com.thoughtworks.xstream.core.TreeUnmarshaller.convertAnother(TreeUnmarshaller.java:68) [xstream-1.4.20.jar:1.4.20]
	at com.thoughtworks.xstream.core.TreeUnmarshaller.convertAnother(TreeUnmarshaller.java:52) [xstream-1.4.20.jar:1.4.20]
	at com.thoughtworks.xstream.converters.collections.AbstractCollectionConverter.readBareItem(AbstractCollectionConverter.java:132) [xstream-1.4.20.jar:1.4.20]
	at org.apache.jmeter.save.converters.HashTreeConverter.unmarshal(HashTreeConverter.java:66) [ApacheJMeter_core.jar:5.6.3]
	at com.thoughtworks.xstream.core.TreeUnmarshaller.convert(TreeUnmarshaller.java:74) [xstream-1.4.20.jar:1.4.20]
	at com.thoughtworks.xstream.core.AbstractReferenceUnmarshaller.convert(AbstractReferenceUnmarshaller.java:72) [xstream-1.4.20.jar:1.4.20]
	at com.thoughtworks.xstream.core.TreeUnmarshaller.convertAnother(TreeUnmarshaller.java:68) [xstream-1.4.20.jar:1.4.20]
	at com.thoughtworks.xstream.core.TreeUnmarshaller.convertAnother(TreeUnmarshaller.java:52) [xstream-1.4.20.jar:1.4.20]
	at com.thoughtworks.xstream.converters.collections.AbstractCollectionConverter.readBareItem(AbstractCollectionConverter.java:132) [xstream-1.4.20.jar:1.4.20]
	at org.apache.jmeter.save.converters.HashTreeConverter.unmarshal(HashTreeConverter.java:66) [ApacheJMeter_core.jar:5.6.3]
	at com.thoughtworks.xstream.core.TreeUnmarshaller.convert(TreeUnmarshaller.java:74) [xstream-1.4.20.jar:1.4.20]
	at com.thoughtworks.xstream.core.AbstractReferenceUnmarshaller.convert(AbstractReferenceUnmarshaller.java:72) [xstream-1.4.20.jar:1.4.20]
	at com.thoughtworks.xstream.core.TreeUnmarshaller.convertAnother(TreeUnmarshaller.java:68) [xstream-1.4.20.jar:1.4.20]
	at com.thoughtworks.xstream.core.TreeUnmarshaller.convertAnother(TreeUnmarshaller.java:52) [xstream-1.4.20.jar:1.4.20]
	at com.thoughtworks.xstream.converters.collections.AbstractCollectionConverter.readBareItem(AbstractCollectionConverter.java:132) [xstream-1.4.20.jar:1.4.20]
	at org.apache.jmeter.save.converters.HashTreeConverter.unmarshal(HashTreeConverter.java:66) [ApacheJMeter_core.jar:5.6.3]
	at com.thoughtworks.xstream.core.TreeUnmarshaller.convert(TreeUnmarshaller.java:74) [xstream-1.4.20.jar:1.4.20]
	at com.thoughtworks.xstream.core.AbstractReferenceUnmarshaller.convert(AbstractReferenceUnmarshaller.java:72) [xstream-1.4.20.jar:1.4.20]
	at com.thoughtworks.xstream.core.TreeUnmarshaller.convertAnother(TreeUnmarshaller.java:68) [xstream-1.4.20.jar:1.4.20]
	at com.thoughtworks.xstream.core.TreeUnmarshaller.convertAnother(TreeUnmarshaller.java:52) [xstream-1.4.20.jar:1.4.20]
	at com.thoughtworks.xstream.converters.collections.AbstractCollectionConverter.readBareItem(AbstractCollectionConverter.java:132) [xstream-1.4.20.jar:1.4.20]
	at org.apache.jmeter.save.converters.HashTreeConverter.unmarshal(HashTreeConverter.java:66) [ApacheJMeter_core.jar:5.6.3]
	at com.thoughtworks.xstream.core.TreeUnmarshaller.convert(TreeUnmarshaller.java:74) [xstream-1.4.20.jar:1.4.20]
	at com.thoughtworks.xstream.core.AbstractReferenceUnmarshaller.convert(AbstractReferenceUnmarshaller.java:72) [xstream-1.4.20.jar:1.4.20]
	at com.thoughtworks.xstream.core.TreeUnmarshaller.convertAnother(TreeUnmarshaller.java:68) [xstream-1.4.20.jar:1.4.20]
	at com.thoughtworks.xstream.core.TreeUnmarshaller.convertAnother(TreeUnmarshaller.java:52) [xstream-1.4.20.jar:1.4.20]
	at org.apache.jmeter.save.ScriptWrapperConverter.unmarshal(ScriptWrapperConverter.java:93) [ApacheJMeter_core.jar:5.6.3]
	at com.thoughtworks.xstream.core.TreeUnmarshaller.convert(TreeUnmarshaller.java:74) [xstream-1.4.20.jar:1.4.20]
	at com.thoughtworks.xstream.core.AbstractReferenceUnmarshaller.convert(AbstractReferenceUnmarshaller.java:72) [xstream-1.4.20.jar:1.4.20]
	at com.thoughtworks.xstream.core.TreeUnmarshaller.convertAnother(TreeUnmarshaller.java:68) [xstream-1.4.20.jar:1.4.20]
	at com.thoughtworks.xstream.core.TreeUnmarshaller.convertAnother(TreeUnmarshaller.java:52) [xstream-1.4.20.jar:1.4.20]
	at com.thoughtworks.xstream.core.TreeUnmarshaller.start(TreeUnmarshaller.java:136) [xstream-1.4.20.jar:1.4.20]
	at com.thoughtworks.xstream.core.AbstractTreeMarshallingStrategy.unmarshal(AbstractTreeMarshallingStrategy.java:32) [xstream-1.4.20.jar:1.4.20]
	at com.thoughtworks.xstream.XStream.unmarshal(XStream.java:1464) [xstream-1.4.20.jar:1.4.20]
	at com.thoughtworks.xstream.XStream.unmarshal(XStream.java:1441) [xstream-1.4.20.jar:1.4.20]
	at com.thoughtworks.xstream.XStream.fromXML(XStream.java:1321) [xstream-1.4.20.jar:1.4.20]
	at org.apache.jmeter.save.SaveService.readTree(SaveService.java:446) [ApacheJMeter_core.jar:5.6.3]
	at org.apache.jmeter.save.SaveService.loadTree(SaveService.java:429) [ApacheJMeter_core.jar:5.6.3]
	at org.apache.jmeter.JMeter.runNonGui(JMeter.java:954) [ApacheJMeter_core.jar:5.6.3]
	at org.apache.jmeter.JMeter.startNonGui(JMeter.java:940) [ApacheJMeter_core.jar:5.6.3]
	at org.apache.jmeter.JMeter.start(JMeter.java:508) [ApacheJMeter_core.jar:5.6.3]
	at java.base/jdk.internal.reflect.DirectMethodHandleAccessor.invoke(DirectMethodHandleAccessor.java:103) ~[?:?]
	at java.base/java.lang.reflect.Method.invoke(Method.java:580) ~[?:?]
	at org.apache.jmeter.NewDriver.main(NewDriver.java:259) [ApacheJMeter.jar:5.6.3]
2026-10-09 09:47:43,753 ERROR o.a.j.s.c.TestElementPropertyConverter: Couldn't unmarshall TestElementProperty
java.lang.IllegalArgumentException: Name cannot be null
	at org.apache.jmeter.testelement.property.AbstractProperty.setName(AbstractProperty.java:72) ~[ApacheJMeter_core.jar:5.6.3]
	at org.apache.jmeter.save.converters.TestElementPropertyConverter.unmarshal(TestElementPropertyConverter.java:100) [ApacheJMeter_core.jar:5.6.3]
	at com.thoughtworks.xstream.core.TreeUnmarshaller.convert(TreeUnmarshaller.java:74) [xstream-1.4.20.jar:1.4.20]
	at com.thoughtworks.xstream.core.AbstractReferenceUnmarshaller.convert(AbstractReferenceUnmarshaller.java:72) [xstream-1.4.20.jar:1.4.20]
	at com.thoughtworks.xstream.core.TreeUnmarshaller.convertAnother(TreeUnmarshaller.java:68) [xstream-1.4.20.jar:1.4.20]
	at com.thoughtworks.xstream.core.TreeUnmarshaller.convertAnother(TreeUnmarshaller.java:52) [xstream-1.4.20.jar:1.4.20]
	at com.thoughtworks.xstream.converters.collections.AbstractCollectionConverter.readBareItem(AbstractCollectionConverter.java:132) [xstream-1.4.20.jar:1.4.20]
	at org.apache.jmeter.save.converters.MultiPropertyConverter.unmarshal(MultiPropertyConverter.java:68) [ApacheJMeter_core.jar:5.6.3]
	at com.thoughtworks.xstream.core.TreeUnmarshaller.convert(TreeUnmarshaller.java:74) [xstream-1.4.20.jar:1.4.20]
	at com.thoughtworks.xstream.core.AbstractReferenceUnmarshaller.convert(AbstractReferenceUnmarshaller.java:72) [xstream-1.4.20.jar:1.4.20]
	at com.thoughtworks.xstream.core.TreeUnmarshaller.convertAnother(TreeUnmarshaller.java:68) [xstream-1.4.20.jar:1.4.20]
	at com.thoughtworks.xstream.core.TreeUnmarshaller.convertAnother(TreeUnmarshaller.java:52) [xstream-1.4.20.jar:1.4.20]
	at com.thoughtworks.xstream.converters.collections.AbstractCollectionConverter.readBareItem(AbstractCollectionConverter.java:132) [xstream-1.4.20.jar:1.4.20]
	at org.apache.jmeter.save.converters.TestElementConverter.unmarshal(TestElementConverter.java:109) [ApacheJMeter_core.jar:5.6.3]
	at com.thoughtworks.xstream.core.TreeUnmarshaller.convert(TreeUnmarshaller.java:74) [xstream-1.4.20.jar:1.4.20]
	at com.thoughtworks.xstream.core.AbstractReferenceUnmarshaller.convert(AbstractReferenceUnmarshaller.java:72) [xstream-1.4.20.jar:1.4.20]
	at com.thoughtworks.xstream.core.TreeUnmarshaller.convertAnother(TreeUnmarshaller.java:68) [xstream-1.4.20.jar:1.4.20]
	at com.thoughtworks.xstream.core.TreeUnmarshaller.convertAnother(TreeUnmarshaller.java:52) [xstream-1.4.20.jar:1.4.20]
	at com.thoughtworks.xstream.converters.collections.AbstractCollectionConverter.readBareItem(AbstractCollectionConverter.java:132) [xstream-1.4.20.jar:1.4.20]
	at org.apache.jmeter.save.converters.HashTreeConverter.unmarshal(HashTreeConverter.java:66) [ApacheJMeter_core.jar:5.6.3]
	at com.thoughtworks.xstream.core.TreeUnmarshaller.convert(TreeUnmarshaller.java:74) [xstream-1.4.20.jar:1.4.20]
	at com.thoughtworks.xstream.core.AbstractReferenceUnmarshaller.convert(AbstractReferenceUnmarshaller.java:72) [xstream-1.4.20.jar:1.4.20]
	at com.thoughtworks.xstream.core.TreeUnmarshaller.convertAnother(TreeUnmarshaller.java:68) [xstream-1.4.20.jar:1.4.20]
	at com.thoughtworks.xstream.core.TreeUnmarshaller.convertAnother(TreeUnmarshaller.java:52) [xstream-1.4.20.jar:1.4.20]
	at com.thoughtworks.xstream.converters.collections.AbstractCollectionConverter.readBareItem(AbstractCollectionConverter.java:132) [xstream-1.4.20.jar:1.4.20]
	at org.apache.jmeter.save.converters.HashTreeConverter.unmarshal(HashTreeConverter.java:66) [ApacheJMeter_core.jar:5.6.3]
	at com.thoughtworks.xstream.core.TreeUnmarshaller.convert(TreeUnmarshaller.java:74) [xstream-1.4.20.jar:1.4.20]
	at com.thoughtworks.xstream.core.AbstractReferenceUnmarshaller.convert(AbstractReferenceUnmarshaller.java:72) [xstream-1.4.20.jar:1.4.20]
	at com.thoughtworks.xstream.core.TreeUnmarshaller.convertAnother(TreeUnmarshaller.java:68) [xstream-1.4.20.jar:1.4.20]
	at com.thoughtworks.xstream.core.TreeUnmarshaller.convertAnother(TreeUnmarshaller.java:52) [xstream-1.4.20.jar:1.4.20]
	at com.thoughtworks.xstream.converters.collections.AbstractCollectionConverter.readBareItem(AbstractCollectionConverter.java:132) [xstream-1.4.20.jar:1.4.20]
	at org.apache.jmeter.save.converters.HashTreeConverter.unmarshal(HashTreeConverter.java:66) [ApacheJMeter_core.jar:5.6.3]
	at com.thoughtworks.xstream.core.TreeUnmarshaller.convert(TreeUnmarshaller.java:74) [xstream-1.4.20.jar:1.4.20]
	at com.thoughtworks.xstream.core.AbstractReferenceUnmarshaller.convert(AbstractReferenceUnmarshaller.java:72) [xstream-1.4.20.jar:1.4.20]
	at com.thoughtworks.xstream.core.TreeUnmarshaller.convertAnother(TreeUnmarshaller.java:68) [xstream-1.4.20.jar:1.4.20]
	at com.thoughtworks.xstream.core.TreeUnmarshaller.convertAnother(TreeUnmarshaller.java:52) [xstream-1.4.20.jar:1.4.20]
	at com.thoughtworks.xstream.converters.collections.AbstractCollectionConverter.readBareItem(AbstractCollectionConverter.java:132) [xstream-1.4.20.jar:1.4.20]
	at org.apache.jmeter.save.converters.HashTreeConverter.unmarshal(HashTreeConverter.java:66) [ApacheJMeter_core.jar:5.6.3]
	at com.thoughtworks.xstream.core.TreeUnmarshaller.convert(TreeUnmarshaller.java:74) [xstream-1.4.20.jar:1.4.20]
	at com.thoughtworks.xstream.core.AbstractReferenceUnmarshaller.convert(AbstractReferenceUnmarshaller.java:72) [xstream-1.4.20.jar:1.4.20]
	at com.thoughtworks.xstream.core.TreeUnmarshaller.convertAnother(TreeUnmarshaller.java:68) [xstream-1.4.20.jar:1.4.20]
	at com.thoughtworks.xstream.core.TreeUnmarshaller.convertAnother(TreeUnmarshaller.java:52) [xstream-1.4.20.jar:1.4.20]
	at org.apache.jmeter.save.ScriptWrapperConverter.unmarshal(ScriptWrapperConverter.java:93) [ApacheJMeter_core.jar:5.6.3]
	at com.thoughtworks.xstream.core.TreeUnmarshaller.convert(TreeUnmarshaller.java:74) [xstream-1.4.20.jar:1.4.20]
	at com.thoughtworks.xstream.core.AbstractReferenceUnmarshaller.convert(AbstractReferenceUnmarshaller.java:72) [xstream-1.4.20.jar:1.4.20]
	at com.thoughtworks.xstream.core.TreeUnmarshaller.convertAnother(TreeUnmarshaller.java:68) [xstream-1.4.20.jar:1.4.20]
	at com.thoughtworks.xstream.core.TreeUnmarshaller.convertAnother(TreeUnmarshaller.java:52) [xstream-1.4.20.jar:1.4.20]
	at com.thoughtworks.xstream.core.TreeUnmarshaller.start(TreeUnmarshaller.java:136) [xstream-1.4.20.jar:1.4.20]
	at com.thoughtworks.xstream.core.AbstractTreeMarshallingStrategy.unmarshal(AbstractTreeMarshallingStrategy.java:32) [xstream-1.4.20.jar:1.4.20]
	at com.thoughtworks.xstream.XStream.unmarshal(XStream.java:1464) [xstream-1.4.20.jar:1.4.20]
	at com.thoughtworks.xstream.XStream.unmarshal(XStream.java:1441) [xstream-1.4.20.jar:1.4.20]
	at com.thoughtworks.xstream.XStream.fromXML(XStream.java:1321) [xstream-1.4.20.jar:1.4.20]
	at org.apache.jmeter.save.SaveService.readTree(SaveService.java:446) [ApacheJMeter_core.jar:5.6.3]
	at org.apache.jmeter.save.SaveService.loadTree(SaveService.java:429) [ApacheJMeter_core.jar:5.6.3]
	at org.apache.jmeter.JMeter.runNonGui(JMeter.java:954) [ApacheJMeter_core.jar:5.6.3]
	at org.apache.jmeter.JMeter.startNonGui(JMeter.java:940) [ApacheJMeter_core.jar:5.6.3]
	at org.apache.jmeter.JMeter.start(JMeter.java:508) [ApacheJMeter_core.jar:5.6.3]
	at java.base/jdk.internal.reflect.DirectMethodHandleAccessor.invoke(DirectMethodHandleAccessor.java:103) ~[?:?]
	at java.base/java.lang.reflect.Method.invoke(Method.java:580) ~[?:?]
	at org.apache.jmeter.NewDriver.main(NewDriver.java:259) [ApacheJMeter.jar:5.6.3]
2026-10-09 09:47:43,755 ERROR o.a.j.s.c.TestElementPropertyConverter: Couldn't unmarshall TestElementProperty
java.lang.IllegalArgumentException: Name cannot be null
	at org.apache.jmeter.testelement.property.AbstractProperty.setName(AbstractProperty.java:72) ~[ApacheJMeter_core.jar:5.6.3]
	at org.apache.jmeter.save.converters.TestElementPropertyConverter.unmarshal(TestElementPropertyConverter.java:100) [ApacheJMeter_core.jar:5.6.3]
	at com.thoughtworks.xstream.core.TreeUnmarshaller.convert(TreeUnmarshaller.java:74) [xstream-1.4.20.jar:1.4.20]
	at com.thoughtworks.xstream.core.AbstractReferenceUnmarshaller.convert(AbstractReferenceUnmarshaller.java:72) [xstream-1.4.20.jar:1.4.20]
	at com.thoughtworks.xstream.core.TreeUnmarshaller.convertAnother(TreeUnmarshaller.java:68) [xstream-1.4.20.jar:1.4.20]
	at com.thoughtworks.xstream.core.TreeUnmarshaller.convertAnother(TreeUnmarshaller.java:52) [xstream-1.4.20.jar:1.4.20]
	at com.thoughtworks.xstream.converters.collections.AbstractCollectionConverter.readBareItem(AbstractCollectionConverter.java:132) [xstream-1.4.20.jar:1.4.20]
	at org.apache.jmeter.save.converters.MultiPropertyConverter.unmarshal(MultiPropertyConverter.java:68) [ApacheJMeter_core.jar:5.6.3]
	at com.thoughtworks.xstream.core.TreeUnmarshaller.convert(TreeUnmarshaller.java:74) [xstream-1.4.20.jar:1.4.20]
	at com.thoughtworks.xstream.core.AbstractReferenceUnmarshaller.convert(AbstractReferenceUnmarshaller.java:72) [xstream-1.4.20.jar:1.4.20]
	at com.thoughtworks.xstream.core.TreeUnmarshaller.convertAnother(TreeUnmarshaller.java:68) [xstream-1.4.20.jar:1.4.20]
	at com.thoughtworks.xstream.core.TreeUnmarshaller.convertAnother(TreeUnmarshaller.java:52) [xstream-1.4.20.jar:1.4.20]
	at com.thoughtworks.xstream.converters.collections.AbstractCollectionConverter.readBareItem(AbstractCollectionConverter.java:132) [xstream-1.4.20.jar:1.4.20]
	at org.apache.jmeter.save.converters.TestElementConverter.unmarshal(TestElementConverter.java:109) [ApacheJMeter_core.jar:5.6.3]
	at com.thoughtworks.xstream.core.TreeUnmarshaller.convert(TreeUnmarshaller.java:74) [xstream-1.4.20.jar:1.4.20]
	at com.thoughtworks.xstream.core.AbstractReferenceUnmarshaller.convert(AbstractReferenceUnmarshaller.java:72) [xstream-1.4.20.jar:1.4.20]
	at com.thoughtworks.xstream.core.TreeUnmarshaller.convertAnother(TreeUnmarshaller.java:68) [xstream-1.4.20.jar:1.4.20]
	at com.thoughtworks.xstream.core.TreeUnmarshaller.convertAnother(TreeUnmarshaller.java:52) [xstream-1.4.20.jar:1.4.20]
	at com.thoughtworks.xstream.converters.collections.AbstractCollectionConverter.readBareItem(AbstractCollectionConverter.java:132) [xstream-1.4.20.jar:1.4.20]
	at org.apache.jmeter.save.converters.HashTreeConverter.unmarshal(HashTreeConverter.java:66) [ApacheJMeter_core.jar:5.6.3]
	at com.thoughtworks.xstream.core.TreeUnmarshaller.convert(TreeUnmarshaller.java:74) [xstream-1.4.20.jar:1.4.20]
	at com.thoughtworks.xstream.core.AbstractReferenceUnmarshaller.convert(AbstractReferenceUnmarshaller.java:72) [xstream-1.4.20.jar:1.4.20]
	at com.thoughtworks.xstream.core.TreeUnmarshaller.convertAnother(TreeUnmarshaller.java:68) [xstream-1.4.20.jar:1.4.20]
	at com.thoughtworks.xstream.core.TreeUnmarshaller.convertAnother(TreeUnmarshaller.java:52) [xstream-1.4.20.jar:1.4.20]
	at com.thoughtworks.xstream.converters.collections.AbstractCollectionConverter.readBareItem(AbstractCollectionConverter.java:132) [xstream-1.4.20.jar:1.4.20]
	at org.apache.jmeter.save.converters.HashTreeConverter.unmarshal(HashTreeConverter.java:66) [ApacheJMeter_core.jar:5.6.3]
	at com.thoughtworks.xstream.core.TreeUnmarshaller.convert(TreeUnmarshaller.java:74) [xstream-1.4.20.jar:1.4.20]
	at com.thoughtworks.xstream.core.AbstractReferenceUnmarshaller.convert(AbstractReferenceUnmarshaller.java:72) [xstream-1.4.20.jar:1.4.20]
	at com.thoughtworks.xstream.core.TreeUnmarshaller.convertAnother(TreeUnmarshaller.java:68) [xstream-1.4.20.jar:1.4.20]
	at com.thoughtworks.xstream.core.TreeUnmarshaller.convertAnother(TreeUnmarshaller.java:52) [xstream-1.4.20.jar:1.4.20]
	at com.thoughtworks.xstream.converters.collections.AbstractCollectionConverter.readBareItem(AbstractCollectionConverter.java:132) [xstream-1.4.20.jar:1.4.20]
	at org.apache.jmeter.save.converters.HashTreeConverter.unmarshal(HashTreeConverter.java:66) [ApacheJMeter_core.jar:5.6.3]
	at com.thoughtworks.xstream.core.TreeUnmarshaller.convert(TreeUnmarshaller.java:74) [xstream-1.4.20.jar:1.4.20]
	at com.thoughtworks.xstream.core.AbstractReferenceUnmarshaller.convert(AbstractReferenceUnmarshaller.java:72) [xstream-1.4.20.jar:1.4.20]
	at com.thoughtworks.xstream.core.TreeUnmarshaller.convertAnother(TreeUnmarshaller.java:68) [xstream-1.4.20.jar:1.4.20]
	at com.thoughtworks.xstream.core.TreeUnmarshaller.convertAnother(TreeUnmarshaller.java:52) [xstream-1.4.20.jar:1.4.20]
	at com.thoughtworks.xstream.converters.collections.AbstractCollectionConverter.readBareItem(AbstractCollectionConverter.java:132) [xstream-1.4.20.jar:1.4.20]
	at org.apache.jmeter.save.converters.HashTreeConverter.unmarshal(HashTreeConverter.java:66) [ApacheJMeter_core.jar:5.6.3]
	at com.thoughtworks.xstream.core.TreeUnmarshaller.convert(TreeUnmarshaller.java:74) [xstream-1.4.20.jar:1.4.20]
	at com.thoughtworks.xstream.core.AbstractReferenceUnmarshaller.convert(AbstractReferenceUnmarshaller.java:72) [xstream-1.4.20.jar:1.4.20]
	at com.thoughtworks.xstream.core.TreeUnmarshaller.convertAnother(TreeUnmarshaller.java:68) [xstream-1.4.20.jar:1.4.20]
	at com.thoughtworks.xstream.core.TreeUnmarshaller.convertAnother(TreeUnmarshaller.java:52) [xstream-1.4.20.jar:1.4.20]
	at org.apache.jmeter.save.ScriptWrapperConverter.unmarshal(ScriptWrapperConverter.java:93) [ApacheJMeter_core.jar:5.6.3]
	at com.thoughtworks.xstream.core.TreeUnmarshaller.convert(TreeUnmarshaller.java:74) [xstream-1.4.20.jar:1.4.20]
	at com.thoughtworks.xstream.core.AbstractReferenceUnmarshaller.convert(AbstractReferenceUnmarshaller.java:72) [xstream-1.4.20.jar:1.4.20]
	at com.thoughtworks.xstream.core.TreeUnmarshaller.convertAnother(TreeUnmarshaller.java:68) [xstream-1.4.20.jar:1.4.20]
	at com.thoughtworks.xstream.core.TreeUnmarshaller.convertAnother(TreeUnmarshaller.java:52) [xstream-1.4.20.jar:1.4.20]
	at com.thoughtworks.xstream.core.TreeUnmarshaller.start(TreeUnmarshaller.java:136) [xstream-1.4.20.jar:1.4.20]
	at com.thoughtworks.xstream.core.AbstractTreeMarshallingStrategy.unmarshal(AbstractTreeMarshallingStrategy.java:32) [xstream-1.4.20.jar:1.4.20]
	at com.thoughtworks.xstream.XStream.unmarshal(XStream.java:1464) [xstream-1.4.20.jar:1.4.20]
	at com.thoughtworks.xstream.XStream.unmarshal(XStream.java:1441) [xstream-1.4.20.jar:1.4.20]
	at com.thoughtworks.xstream.XStream.fromXML(XStream.java:1321) [xstream-1.4.20.jar:1.4.20]
	at org.apache.jmeter.save.SaveService.readTree(SaveService.java:446) [ApacheJMeter_core.jar:5.6.3]
	at org.apache.jmeter.save.SaveService.loadTree(SaveService.java:429) [ApacheJMeter_core.jar:5.6.3]
	at org.apache.jmeter.JMeter.runNonGui(JMeter.java:954) [ApacheJMeter_core.jar:5.6.3]
	at org.apache.jmeter.JMeter.startNonGui(JMeter.java:940) [ApacheJMeter_core.jar:5.6.3]
	at org.apache.jmeter.JMeter.start(JMeter.java:508) [ApacheJMeter_core.jar:5.6.3]
	at java.base/jdk.internal.reflect.DirectMethodHandleAccessor.invoke(DirectMethodHandleAccessor.java:103) ~[?:?]
	at java.base/java.lang.reflect.Method.invoke(Method.java:580) ~[?:?]
	at org.apache.jmeter.NewDriver.main(NewDriver.java:259) [ApacheJMeter.jar:5.6.3]
2026-10-09 09:47:43,758 ERROR o.a.j.s.c.TestElementPropertyConverter: Couldn't unmarshall TestElementProperty
java.lang.IllegalArgumentException: Name cannot be null
	at org.apache.jmeter.testelement.property.AbstractProperty.setName(AbstractProperty.java:72) ~[ApacheJMeter_core.jar:5.6.3]
	at org.apache.jmeter.save.converters.TestElementPropertyConverter.unmarshal(TestElementPropertyConverter.java:100) [ApacheJMeter_core.jar:5.6.3]
	at com.thoughtworks.xstream.core.TreeUnmarshaller.convert(TreeUnmarshaller.java:74) [xstream-1.4.20.jar:1.4.20]
	at com.thoughtworks.xstream.core.AbstractReferenceUnmarshaller.convert(AbstractReferenceUnmarshaller.java:72) [xstream-1.4.20.jar:1.4.20]
	at com.thoughtworks.xstream.core.TreeUnmarshaller.convertAnother(TreeUnmarshaller.java:68) [xstream-1.4.20.jar:1.4.20]
	at com.thoughtworks.xstream.core.TreeUnmarshaller.convertAnother(TreeUnmarshaller.java:52) [xstream-1.4.20.jar:1.4.20]
	at com.thoughtworks.xstream.converters.collections.AbstractCollectionConverter.readBareItem(AbstractCollectionConverter.java:132) [xstream-1.4.20.jar:1.4.20]
	at org.apache.jmeter.save.converters.MultiPropertyConverter.unmarshal(MultiPropertyConverter.java:68) [ApacheJMeter_core.jar:5.6.3]
	at com.thoughtworks.xstream.core.TreeUnmarshaller.convert(TreeUnmarshaller.java:74) [xstream-1.4.20.jar:1.4.20]
	at com.thoughtworks.xstream.core.AbstractReferenceUnmarshaller.convert(AbstractReferenceUnmarshaller.java:72) [xstream-1.4.20.jar:1.4.20]
	at com.thoughtworks.xstream.core.TreeUnmarshaller.convertAnother(TreeUnmarshaller.java:68) [xstream-1.4.20.jar:1.4.20]
	at com.thoughtworks.xstream.core.TreeUnmarshaller.convertAnother(TreeUnmarshaller.java:52) [xstream-1.4.20.jar:1.4.20]
	at com.thoughtworks.xstream.converters.collections.AbstractCollectionConverter.readBareItem(AbstractCollectionConverter.java:132) [xstream-1.4.20.jar:1.4.20]
	at org.apache.jmeter.save.converters.TestElementConverter.unmarshal(TestElementConverter.java:109) [ApacheJMeter_core.jar:5.6.3]
	at com.thoughtworks.xstream.core.TreeUnmarshaller.convert(TreeUnmarshaller.java:74) [xstream-1.4.20.jar:1.4.20]
	at com.thoughtworks.xstream.core.AbstractReferenceUnmarshaller.convert(AbstractReferenceUnmarshaller.java:72) [xstream-1.4.20.jar:1.4.20]
	at com.thoughtworks.xstream.core.TreeUnmarshaller.convertAnother(TreeUnmarshaller.java:68) [xstream-1.4.20.jar:1.4.20]
	at com.thoughtworks.xstream.core.TreeUnmarshaller.convertAnother(TreeUnmarshaller.java:52) [xstream-1.4.20.jar:1.4.20]
	at com.thoughtworks.xstream.converters.collections.AbstractCollectionConverter.readBareItem(AbstractCollectionConverter.java:132) [xstream-1.4.20.jar:1.4.20]
	at org.apache.jmeter.save.converters.HashTreeConverter.unmarshal(HashTreeConverter.java:66) [ApacheJMeter_core.jar:5.6.3]
	at com.thoughtworks.xstream.core.TreeUnmarshaller.convert(TreeUnmarshaller.java:74) [xstream-1.4.20.jar:1.4.20]
	at com.thoughtworks.xstream.core.AbstractReferenceUnmarshaller.convert(AbstractReferenceUnmarshaller.java:72) [xstream-1.4.20.jar:1.4.20]
	at com.thoughtworks.xstream.core.TreeUnmarshaller.convertAnother(TreeUnmarshaller.java:68) [xstream-1.4.20.jar:1.4.20]
	at com.thoughtworks.xstream.core.TreeUnmarshaller.convertAnother(TreeUnmarshaller.java:52) [xstream-1.4.20.jar:1.4.20]
	at com.thoughtworks.xstream.converters.collections.AbstractCollectionConverter.readBareItem(AbstractCollectionConverter.java:132) [xstream-1.4.20.jar:1.4.20]
	at org.apache.jmeter.save.converters.HashTreeConverter.unmarshal(HashTreeConverter.java:66) [ApacheJMeter_core.jar:5.6.3]
	at com.thoughtworks.xstream.core.TreeUnmarshaller.convert(TreeUnmarshaller.java:74) [xstream-1.4.20.jar:1.4.20]
	at com.thoughtworks.xstream.core.AbstractReferenceUnmarshaller.convert(AbstractReferenceUnmarshaller.java:72) [xstream-1.4.20.jar:1.4.20]
	at com.thoughtworks.xstream.core.TreeUnmarshaller.convertAnother(TreeUnmarshaller.java:68) [xstream-1.4.20.jar:1.4.20]
	at com.thoughtworks.xstream.core.TreeUnmarshaller.convertAnother(TreeUnmarshaller.java:52) [xstream-1.4.20.jar:1.4.20]
	at com.thoughtworks.xstream.converters.collections.AbstractCollectionConverter.readBareItem(AbstractCollectionConverter.java:132) [xstream-1.4.20.jar:1.4.20]
	at org.apache.jmeter.save.converters.HashTreeConverter.unmarshal(HashTreeConverter.java:66) [ApacheJMeter_core.jar:5.6.3]
	at com.thoughtworks.xstream.core.TreeUnmarshaller.convert(TreeUnmarshaller.java:74) [xstream-1.4.20.jar:1.4.20]
	at com.thoughtworks.xstream.core.AbstractReferenceUnmarshaller.convert(AbstractReferenceUnmarshaller.java:72) [xstream-1.4.20.jar:1.4.20]
	at com.thoughtworks.xstream.core.TreeUnmarshaller.convertAnother(TreeUnmarshaller.java:68) [xstream-1.4.20.jar:1.4.20]
	at com.thoughtworks.xstream.core.TreeUnmarshaller.convertAnother(TreeUnmarshaller.java:52) [xstream-1.4.20.jar:1.4.20]
	at com.thoughtworks.xstream.converters.collections.AbstractCollectionConverter.readBareItem(AbstractCollectionConverter.java:132) [xstream-1.4.20.jar:1.4.20]
	at org.apache.jmeter.save.converters.HashTreeConverter.unmarshal(HashTreeConverter.java:66) [ApacheJMeter_core.jar:5.6.3]
	at com.thoughtworks.xstream.core.TreeUnmarshaller.convert(TreeUnmarshaller.java:74) [xstream-1.4.20.jar:1.4.20]
	at com.thoughtworks.xstream.core.AbstractReferenceUnmarshaller.convert(AbstractReferenceUnmarshaller.java:72) [xstream-1.4.20.jar:1.4.20]
	at com.thoughtworks.xstream.core.TreeUnmarshaller.convertAnother(TreeUnmarshaller.java:68) [xstream-1.4.20.jar:1.4.20]
	at com.thoughtworks.xstream.core.TreeUnmarshaller.convertAnother(TreeUnmarshaller.java:52) [xstream-1.4.20.jar:1.4.20]
	at org.apache.jmeter.save.ScriptWrapperConverter.unmarshal(ScriptWrapperConverter.java:93) [ApacheJMeter_core.jar:5.6.3]
	at com.thoughtworks.xstream.core.TreeUnmarshaller.convert(TreeUnmarshaller.java:74) [xstream-1.4.20.jar:1.4.20]
	at com.thoughtworks.xstream.core.AbstractReferenceUnmarshaller.convert(AbstractReferenceUnmarshaller.java:72) [xstream-1.4.20.jar:1.4.20]
	at com.thoughtworks.xstream.core.TreeUnmarshaller.convertAnother(TreeUnmarshaller.java:68) [xstream-1.4.20.jar:1.4.20]
	at com.thoughtworks.xstream.core.TreeUnmarshaller.convertAnother(TreeUnmarshaller.java:52) [xstream-1.4.20.jar:1.4.20]
	at com.thoughtworks.xstream.core.TreeUnmarshaller.start(TreeUnmarshaller.java:136) [xstream-1.4.20.jar:1.4.20]
	at com.thoughtworks.xstream.core.AbstractTreeMarshallingStrategy.unmarshal(AbstractTreeMarshallingStrategy.java:32) [xstream-1.4.20.jar:1.4.20]
	at com.thoughtworks.xstream.XStream.unmarshal(XStream.java:1464) [xstream-1.4.20.jar:1.4.20]
	at com.thoughtworks.xstream.XStream.unmarshal(XStream.java:1441) [xstream-1.4.20.jar:1.4.20]
	at com.thoughtworks.xstream.XStream.fromXML(XStream.java:1321) [xstream-1.4.20.jar:1.4.20]
	at org.apache.jmeter.save.SaveService.readTree(SaveService.java:446) [ApacheJMeter_core.jar:5.6.3]
	at org.apache.jmeter.save.SaveService.loadTree(SaveService.java:429) [ApacheJMeter_core.jar:5.6.3]
	at org.apache.jmeter.JMeter.runNonGui(JMeter.java:954) [ApacheJMeter_core.jar:5.6.3]
	at org.apache.jmeter.JMeter.startNonGui(JMeter.java:940) [ApacheJMeter_core.jar:5.6.3]
	at org.apache.jmeter.JMeter.start(JMeter.java:508) [ApacheJMeter_core.jar:5.6.3]
	at java.base/jdk.internal.reflect.DirectMethodHandleAccessor.invoke(DirectMethodHandleAccessor.java:103) ~[?:?]
	at java.base/java.lang.reflect.Method.invoke(Method.java:580) ~[?:?]
	at org.apache.jmeter.NewDriver.main(NewDriver.java:259) [ApacheJMeter.jar:5.6.3]
2026-10-09 09:47:43,758 ERROR o.a.j.s.c.TestElementPropertyConverter: Couldn't unmarshall TestElementProperty
java.lang.IllegalArgumentException: Name cannot be null
	at org.apache.jmeter.testelement.property.AbstractProperty.setName(AbstractProperty.java:72) ~[ApacheJMeter_core.jar:5.6.3]
	at org.apache.jmeter.save.converters.TestElementPropertyConverter.unmarshal(TestElementPropertyConverter.java:100) [ApacheJMeter_core.jar:5.6.3]
	at com.thoughtworks.xstream.core.TreeUnmarshaller.convert(TreeUnmarshaller.java:74) [xstream-1.4.20.jar:1.4.20]
	at com.thoughtworks.xstream.core.AbstractReferenceUnmarshaller.convert(AbstractReferenceUnmarshaller.java:72) [xstream-1.4.20.jar:1.4.20]
	at com.thoughtworks.xstream.core.TreeUnmarshaller.convertAnother(TreeUnmarshaller.java:68) [xstream-1.4.20.jar:1.4.20]
	at com.thoughtworks.xstream.core.TreeUnmarshaller.convertAnother(TreeUnmarshaller.java:52) [xstream-1.4.20.jar:1.4.20]
	at com.thoughtworks.xstream.converters.collections.AbstractCollectionConverter.readBareItem(AbstractCollectionConverter.java:132) [xstream-1.4.20.jar:1.4.20]
	at org.apache.jmeter.save.converters.MultiPropertyConverter.unmarshal(MultiPropertyConverter.java:68) [ApacheJMeter_core.jar:5.6.3]
	at com.thoughtworks.xstream.core.TreeUnmarshaller.convert(TreeUnmarshaller.java:74) [xstream-1.4.20.jar:1.4.20]
	at com.thoughtworks.xstream.core.AbstractReferenceUnmarshaller.convert(AbstractReferenceUnmarshaller.java:72) [xstream-1.4.20.jar:1.4.20]
	at com.thoughtworks.xstream.core.TreeUnmarshaller.convertAnother(TreeUnmarshaller.java:68) [xstream-1.4.20.jar:1.4.20]
	at com.thoughtworks.xstream.core.TreeUnmarshaller.convertAnother(TreeUnmarshaller.java:52) [xstream-1.4.20.jar:1.4.20]
	at com.thoughtworks.xstream.converters.collections.AbstractCollectionConverter.readBareItem(AbstractCollectionConverter.java:132) [xstream-1.4.20.jar:1.4.20]
	at org.apache.jmeter.save.converters.TestElementConverter.unmarshal(TestElementConverter.java:109) [ApacheJMeter_core.jar:5.6.3]
	at com.thoughtworks.xstream.core.TreeUnmarshaller.convert(TreeUnmarshaller.java:74) [xstream-1.4.20.jar:1.4.20]
	at com.thoughtworks.xstream.core.AbstractReferenceUnmarshaller.convert(AbstractReferenceUnmarshaller.java:72) [xstream-1.4.20.jar:1.4.20]
	at com.thoughtworks.xstream.core.TreeUnmarshaller.convertAnother(TreeUnmarshaller.java:68) [xstream-1.4.20.jar:1.4.20]
	at com.thoughtworks.xstream.core.TreeUnmarshaller.convertAnother(TreeUnmarshaller.java:52) [xstream-1.4.20.jar:1.4.20]
	at com.thoughtworks.xstream.converters.collections.AbstractCollectionConverter.readBareItem(AbstractCollectionConverter.java:132) [xstream-1.4.20.jar:1.4.20]
	at org.apache.jmeter.save.converters.HashTreeConverter.unmarshal(HashTreeConverter.java:66) [ApacheJMeter_core.jar:5.6.3]
	at com.thoughtworks.xstream.core.TreeUnmarshaller.convert(TreeUnmarshaller.java:74) [xstream-1.4.20.jar:1.4.20]
	at com.thoughtworks.xstream.core.AbstractReferenceUnmarshaller.convert(AbstractReferenceUnmarshaller.java:72) [xstream-1.4.20.jar:1.4.20]
	at com.thoughtworks.xstream.core.TreeUnmarshaller.convertAnother(TreeUnmarshaller.java:68) [xstream-1.4.20.jar:1.4.20]
	at com.thoughtworks.xstream.core.TreeUnmarshaller.convertAnother(TreeUnmarshaller.java:52) [xstream-1.4.20.jar:1.4.20]
	at com.thoughtworks.xstream.converters.collections.AbstractCollectionConverter.readBareItem(AbstractCollectionConverter.java:132) [xstream-1.4.20.jar:1.4.20]
	at org.apache.jmeter.save.converters.HashTreeConverter.unmarshal(HashTreeConverter.java:66) [ApacheJMeter_core.jar:5.6.3]
	at com.thoughtworks.xstream.core.TreeUnmarshaller.convert(TreeUnmarshaller.java:74) [xstream-1.4.20.jar:1.4.20]
	at com.thoughtworks.xstream.core.AbstractReferenceUnmarshaller.convert(AbstractReferenceUnmarshaller.java:72) [xstream-1.4.20.jar:1.4.20]
	at com.thoughtworks.xstream.core.TreeUnmarshaller.convertAnother(TreeUnmarshaller.java:68) [xstream-1.4.20.jar:1.4.20]
	at com.thoughtworks.xstream.core.TreeUnmarshaller.convertAnother(TreeUnmarshaller.java:52) [xstream-1.4.20.jar:1.4.20]
	at com.thoughtworks.xstream.converters.collections.AbstractCollectionConverter.readBareItem(AbstractCollectionConverter.java:132) [xstream-1.4.20.jar:1.4.20]
	at org.apache.jmeter.save.converters.HashTreeConverter.unmarshal(HashTreeConverter.java:66) [ApacheJMeter_core.jar:5.6.3]
	at com.thoughtworks.xstream.core.TreeUnmarshaller.convert(TreeUnmarshaller.java:74) [xstream-1.4.20.jar:1.4.20]
	at com.thoughtworks.xstream.core.AbstractReferenceUnmarshaller.convert(AbstractReferenceUnmarshaller.java:72) [xstream-1.4.20.jar:1.4.20]
	at com.thoughtworks.xstream.core.TreeUnmarshaller.convertAnother(TreeUnmarshaller.java:68) [xstream-1.4.20.jar:1.4.20]
	at com.thoughtworks.xstream.core.TreeUnmarshaller.convertAnother(TreeUnmarshaller.java:52) [xstream-1.4.20.jar:1.4.20]
	at com.thoughtworks.xstream.converters.collections.AbstractCollectionConverter.readBareItem(AbstractCollectionConverter.java:132) [xstream-1.4.20.jar:1.4.20]
	at org.apache.jmeter.save.converters.HashTreeConverter.unmarshal(HashTreeConverter.java:66) [ApacheJMeter_core.jar:5.6.3]
	at com.thoughtworks.xstream.core.TreeUnmarshaller.convert(TreeUnmarshaller.java:74) [xstream-1.4.20.jar:1.4.20]
	at com.thoughtworks.xstream.core.AbstractReferenceUnmarshaller.convert(AbstractReferenceUnmarshaller.java:72) [xstream-1.4.20.jar:1.4.20]
	at com.thoughtworks.xstream.core.TreeUnmarshaller.convertAnother(TreeUnmarshaller.java:68) [xstream-1.4.20.jar:1.4.20]
	at com.thoughtworks.xstream.core.TreeUnmarshaller.convertAnother(TreeUnmarshaller.java:52) [xstream-1.4.20.jar:1.4.20]
	at org.apache.jmeter.save.ScriptWrapperConverter.unmarshal(ScriptWrapperConverter.java:93) [ApacheJMeter_core.jar:5.6.3]
	at com.thoughtworks.xstream.core.TreeUnmarshaller.convert(TreeUnmarshaller.java:74) [xstream-1.4.20.jar:1.4.20]
	at com.thoughtworks.xstream.core.AbstractReferenceUnmarshaller.convert(AbstractReferenceUnmarshaller.java:72) [xstream-1.4.20.jar:1.4.20]
	at com.thoughtworks.xstream.core.TreeUnmarshaller.convertAnother(TreeUnmarshaller.java:68) [xstream-1.4.20.jar:1.4.20]
	at com.thoughtworks.xstream.core.TreeUnmarshaller.convertAnother(TreeUnmarshaller.java:52) [xstream-1.4.20.jar:1.4.20]
	at com.thoughtworks.xstream.core.TreeUnmarshaller.start(TreeUnmarshaller.java:136) [xstream-1.4.20.jar:1.4.20]
	at com.thoughtworks.xstream.core.AbstractTreeMarshallingStrategy.unmarshal(AbstractTreeMarshallingStrategy.java:32) [xstream-1.4.20.jar:1.4.20]
	at com.thoughtworks.xstream.XStream.unmarshal(XStream.java:1464) [xstream-1.4.20.jar:1.4.20]
	at com.thoughtworks.xstream.XStream.unmarshal(XStream.java:1441) [xstream-1.4.20.jar:1.4.20]
	at com.thoughtworks.xstream.XStream.fromXML(XStream.java:1321) [xstream-1.4.20.jar:1.4.20]
	at org.apache.jmeter.save.SaveService.readTree(SaveService.java:446) [ApacheJMeter_core.jar:5.6.3]
	at org.apache.jmeter.save.SaveService.loadTree(SaveService.java:429) [ApacheJMeter_core.jar:5.6.3]
	at org.apache.jmeter.JMeter.runNonGui(JMeter.java:954) [ApacheJMeter_core.jar:5.6.3]
	at org.apache.jmeter.JMeter.startNonGui(JMeter.java:940) [ApacheJMeter_core.jar:5.6.3]
	at org.apache.jmeter.JMeter.start(JMeter.java:508) [ApacheJMeter_core.jar:5.6.3]
	at java.base/jdk.internal.reflect.DirectMethodHandleAccessor.invoke(DirectMethodHandleAccessor.java:103) ~[?:?]
	at java.base/java.lang.reflect.Method.invoke(Method.java:580) ~[?:?]
	at org.apache.jmeter.NewDriver.main(NewDriver.java:259) [ApacheJMeter.jar:5.6.3]
2026-10-09 09:47:43,762 ERROR o.a.j.s.c.TestElementPropertyConverter: Couldn't unmarshall TestElementProperty
java.lang.IllegalArgumentException: Name cannot be null
	at org.apache.jmeter.testelement.property.AbstractProperty.setName(AbstractProperty.java:72) ~[ApacheJMeter_core.jar:5.6.3]
	at org.apache.jmeter.save.converters.TestElementPropertyConverter.unmarshal(TestElementPropertyConverter.java:100) [ApacheJMeter_core.jar:5.6.3]
	at com.thoughtworks.xstream.core.TreeUnmarshaller.convert(TreeUnmarshaller.java:74) [xstream-1.4.20.jar:1.4.20]
	at com.thoughtworks.xstream.core.AbstractReferenceUnmarshaller.convert(AbstractReferenceUnmarshaller.java:72) [xstream-1.4.20.jar:1.4.20]
	at com.thoughtworks.xstream.core.TreeUnmarshaller.convertAnother(TreeUnmarshaller.java:68) [xstream-1.4.20.jar:1.4.20]
	at com.thoughtworks.xstream.core.TreeUnmarshaller.convertAnother(TreeUnmarshaller.java:52) [xstream-1.4.20.jar:1.4.20]
	at com.thoughtworks.xstream.converters.collections.AbstractCollectionConverter.readBareItem(AbstractCollectionConverter.java:132) [xstream-1.4.20.jar:1.4.20]
	at org.apache.jmeter.save.converters.MultiPropertyConverter.unmarshal(MultiPropertyConverter.java:68) [ApacheJMeter_core.jar:5.6.3]
	at com.thoughtworks.xstream.core.TreeUnmarshaller.convert(TreeUnmarshaller.java:74) [xstream-1.4.20.jar:1.4.20]
	at com.thoughtworks.xstream.core.AbstractReferenceUnmarshaller.convert(AbstractReferenceUnmarshaller.java:72) [xstream-1.4.20.jar:1.4.20]
	at com.thoughtworks.xstream.core.TreeUnmarshaller.convertAnother(TreeUnmarshaller.java:68) [xstream-1.4.20.jar:1.4.20]
	at com.thoughtworks.xstream.core.TreeUnmarshaller.convertAnother(TreeUnmarshaller.java:52) [xstream-1.4.20.jar:1.4.20]
	at com.thoughtworks.xstream.converters.collections.AbstractCollectionConverter.readBareItem(AbstractCollectionConverter.java:132) [xstream-1.4.20.jar:1.4.20]
	at org.apache.jmeter.save.converters.TestElementConverter.unmarshal(TestElementConverter.java:109) [ApacheJMeter_core.jar:5.6.3]
	at com.thoughtworks.xstream.core.TreeUnmarshaller.convert(TreeUnmarshaller.java:74) [xstream-1.4.20.jar:1.4.20]
	at com.thoughtworks.xstream.core.AbstractReferenceUnmarshaller.convert(AbstractReferenceUnmarshaller.java:72) [xstream-1.4.20.jar:1.4.20]
	at com.thoughtworks.xstream.core.TreeUnmarshaller.convertAnother(TreeUnmarshaller.java:68) [xstream-1.4.20.jar:1.4.20]
	at com.thoughtworks.xstream.core.TreeUnmarshaller.convertAnother(TreeUnmarshaller.java:52) [xstream-1.4.20.jar:1.4.20]
	at com.thoughtworks.xstream.converters.collections.AbstractCollectionConverter.readBareItem(AbstractCollectionConverter.java:132) [xstream-1.4.20.jar:1.4.20]
	at org.apache.jmeter.save.converters.HashTreeConverter.unmarshal(HashTreeConverter.java:66) [ApacheJMeter_core.jar:5.6.3]
	at com.thoughtworks.xstream.core.TreeUnmarshaller.convert(TreeUnmarshaller.java:74) [xstream-1.4.20.jar:1.4.20]
	at com.thoughtworks.xstream.core.AbstractReferenceUnmarshaller.convert(AbstractReferenceUnmarshaller.java:72) [xstream-1.4.20.jar:1.4.20]
	at com.thoughtworks.xstream.core.TreeUnmarshaller.convertAnother(TreeUnmarshaller.java:68) [xstream-1.4.20.jar:1.4.20]
	at com.thoughtworks.xstream.core.TreeUnmarshaller.convertAnother(TreeUnmarshaller.java:52) [xstream-1.4.20.jar:1.4.20]
	at com.thoughtworks.xstream.converters.collections.AbstractCollectionConverter.readBareItem(AbstractCollectionConverter.java:132) [xstream-1.4.20.jar:1.4.20]
	at org.apache.jmeter.save.converters.HashTreeConverter.unmarshal(HashTreeConverter.java:66) [ApacheJMeter_core.jar:5.6.3]
	at com.thoughtworks.xstream.core.TreeUnmarshaller.convert(TreeUnmarshaller.java:74) [xstream-1.4.20.jar:1.4.20]
	at com.thoughtworks.xstream.core.AbstractReferenceUnmarshaller.convert(AbstractReferenceUnmarshaller.java:72) [xstream-1.4.20.jar:1.4.20]
	at com.thoughtworks.xstream.core.TreeUnmarshaller.convertAnother(TreeUnmarshaller.java:68) [xstream-1.4.20.jar:1.4.20]
	at com.thoughtworks.xstream.core.TreeUnmarshaller.convertAnother(TreeUnmarshaller.java:52) [xstream-1.4.20.jar:1.4.20]
	at com.thoughtworks.xstream.converters.collections.AbstractCollectionConverter.readBareItem(AbstractCollectionConverter.java:132) [xstream-1.4.20.jar:1.4.20]
	at org.apache.jmeter.save.converters.HashTreeConverter.unmarshal(HashTreeConverter.java:66) [ApacheJMeter_core.jar:5.6.3]
	at com.thoughtworks.xstream.core.TreeUnmarshaller.convert(TreeUnmarshaller.java:74) [xstream-1.4.20.jar:1.4.20]
	at com.thoughtworks.xstream.core.AbstractReferenceUnmarshaller.convert(AbstractReferenceUnmarshaller.java:72) [xstream-1.4.20.jar:1.4.20]
	at com.thoughtworks.xstream.core.TreeUnmarshaller.convertAnother(TreeUnmarshaller.java:68) [xstream-1.4.20.jar:1.4.20]
	at com.thoughtworks.xstream.core.TreeUnmarshaller.convertAnother(TreeUnmarshaller.java:52) [xstream-1.4.20.jar:1.4.20]
	at com.thoughtworks.xstream.converters.collections.AbstractCollectionConverter.readBareItem(AbstractCollectionConverter.java:132) [xstream-1.4.20.jar:1.4.20]
	at org.apache.jmeter.save.converters.HashTreeConverter.unmarshal(HashTreeConverter.java:66) [ApacheJMeter_core.jar:5.6.3]
	at com.thoughtworks.xstream.core.TreeUnmarshaller.convert(TreeUnmarshaller.java:74) [xstream-1.4.20.jar:1.4.20]
	at com.thoughtworks.xstream.core.AbstractReferenceUnmarshaller.convert(AbstractReferenceUnmarshaller.java:72) [xstream-1.4.20.jar:1.4.20]
	at com.thoughtworks.xstream.core.TreeUnmarshaller.convertAnother(TreeUnmarshaller.java:68) [xstream-1.4.20.jar:1.4.20]
	at com.thoughtworks.xstream.core.TreeUnmarshaller.convertAnother(TreeUnmarshaller.java:52) [xstream-1.4.20.jar:1.4.20]
	at org.apache.jmeter.save.ScriptWrapperConverter.unmarshal(ScriptWrapperConverter.java:93) [ApacheJMeter_core.jar:5.6.3]
	at com.thoughtworks.xstream.core.TreeUnmarshaller.convert(TreeUnmarshaller.java:74) [xstream-1.4.20.jar:1.4.20]
	at com.thoughtworks.xstream.core.AbstractReferenceUnmarshaller.convert(AbstractReferenceUnmarshaller.java:72) [xstream-1.4.20.jar:1.4.20]
	at com.thoughtworks.xstream.core.TreeUnmarshaller.convertAnother(TreeUnmarshaller.java:68) [xstream-1.4.20.jar:1.4.20]
	at com.thoughtworks.xstream.core.TreeUnmarshaller.convertAnother(TreeUnmarshaller.java:52) [xstream-1.4.20.jar:1.4.20]
	at com.thoughtworks.xstream.core.TreeUnmarshaller.start(TreeUnmarshaller.java:136) [xstream-1.4.20.jar:1.4.20]
	at com.thoughtworks.xstream.core.AbstractTreeMarshallingStrategy.unmarshal(AbstractTreeMarshallingStrategy.java:32) [xstream-1.4.20.jar:1.4.20]
	at com.thoughtworks.xstream.XStream.unmarshal(XStream.java:1464) [xstream-1.4.20.jar:1.4.20]
	at com.thoughtworks.xstream.XStream.unmarshal(XStream.java:1441) [xstream-1.4.20.jar:1.4.20]
	at com.thoughtworks.xstream.XStream.fromXML(XStream.java:1321) [xstream-1.4.20.jar:1.4.20]
	at org.apache.jmeter.save.SaveService.readTree(SaveService.java:446) [ApacheJMeter_core.jar:5.6.3]
	at org.apache.jmeter.save.SaveService.loadTree(SaveService.java:429) [ApacheJMeter_core.jar:5.6.3]
	at org.apache.jmeter.JMeter.runNonGui(JMeter.java:954) [ApacheJMeter_core.jar:5.6.3]
	at org.apache.jmeter.JMeter.startNonGui(JMeter.java:940) [ApacheJMeter_core.jar:5.6.3]
	at org.apache.jmeter.JMeter.start(JMeter.java:508) [ApacheJMeter_core.jar:5.6.3]
	at java.base/jdk.internal.reflect.DirectMethodHandleAccessor.invoke(DirectMethodHandleAccessor.java:103) ~[?:?]
	at java.base/java.lang.reflect.Method.invoke(Method.java:580) ~[?:?]
	at org.apache.jmeter.NewDriver.main(NewDriver.java:259) [ApacheJMeter.jar:5.6.3]
2026-10-09 09:47:43,764 ERROR o.a.j.s.c.TestElementPropertyConverter: Couldn't unmarshall TestElementProperty
java.lang.IllegalArgumentException: Name cannot be null
	at org.apache.jmeter.testelement.property.AbstractProperty.setName(AbstractProperty.java:72) ~[ApacheJMeter_core.jar:5.6.3]
	at org.apache.jmeter.save.converters.TestElementPropertyConverter.unmarshal(TestElementPropertyConverter.java:100) [ApacheJMeter_core.jar:5.6.3]
	at com.thoughtworks.xstream.core.TreeUnmarshaller.convert(TreeUnmarshaller.java:74) [xstream-1.4.20.jar:1.4.20]
	at com.thoughtworks.xstream.core.AbstractReferenceUnmarshaller.convert(AbstractReferenceUnmarshaller.java:72) [xstream-1.4.20.jar:1.4.20]
	at com.thoughtworks.xstream.core.TreeUnmarshaller.convertAnother(TreeUnmarshaller.java:68) [xstream-1.4.20.jar:1.4.20]
	at com.thoughtworks.xstream.core.TreeUnmarshaller.convertAnother(TreeUnmarshaller.java:52) [xstream-1.4.20.jar:1.4.20]
	at com.thoughtworks.xstream.converters.collections.AbstractCollectionConverter.readBareItem(AbstractCollectionConverter.java:132) [xstream-1.4.20.jar:1.4.20]
	at org.apache.jmeter.save.converters.MultiPropertyConverter.unmarshal(MultiPropertyConverter.java:68) [ApacheJMeter_core.jar:5.6.3]
	at com.thoughtworks.xstream.core.TreeUnmarshaller.convert(TreeUnmarshaller.java:74) [xstream-1.4.20.jar:1.4.20]
	at com.thoughtworks.xstream.core.AbstractReferenceUnmarshaller.convert(AbstractReferenceUnmarshaller.java:72) [xstream-1.4.20.jar:1.4.20]
	at com.thoughtworks.xstream.core.TreeUnmarshaller.convertAnother(TreeUnmarshaller.java:68) [xstream-1.4.20.jar:1.4.20]
	at com.thoughtworks.xstream.core.TreeUnmarshaller.convertAnother(TreeUnmarshaller.java:52) [xstream-1.4.20.jar:1.4.20]
	at com.thoughtworks.xstream.converters.collections.AbstractCollectionConverter.readBareItem(AbstractCollectionConverter.java:132) [xstream-1.4.20.jar:1.4.20]
	at org.apache.jmeter.save.converters.TestElementConverter.unmarshal(TestElementConverter.java:109) [ApacheJMeter_core.jar:5.6.3]
	at com.thoughtworks.xstream.core.TreeUnmarshaller.convert(TreeUnmarshaller.java:74) [xstream-1.4.20.jar:1.4.20]
	at com.thoughtworks.xstream.core.AbstractReferenceUnmarshaller.convert(AbstractReferenceUnmarshaller.java:72) [xstream-1.4.20.jar:1.4.20]
	at com.thoughtworks.xstream.core.TreeUnmarshaller.convertAnother(TreeUnmarshaller.java:68) [xstream-1.4.20.jar:1.4.20]
	at com.thoughtworks.xstream.core.TreeUnmarshaller.convertAnother(TreeUnmarshaller.java:52) [xstream-1.4.20.jar:1.4.20]
	at com.thoughtworks.xstream.converters.collections.AbstractCollectionConverter.readBareItem(AbstractCollectionConverter.java:132) [xstream-1.4.20.jar:1.4.20]
	at org.apache.jmeter.save.converters.HashTreeConverter.unmarshal(HashTreeConverter.java:66) [ApacheJMeter_core.jar:5.6.3]
	at com.thoughtworks.xstream.core.TreeUnmarshaller.convert(TreeUnmarshaller.java:74) [xstream-1.4.20.jar:1.4.20]
	at com.thoughtworks.xstream.core.AbstractReferenceUnmarshaller.convert(AbstractReferenceUnmarshaller.java:72) [xstream-1.4.20.jar:1.4.20]
	at com.thoughtworks.xstream.core.TreeUnmarshaller.convertAnother(TreeUnmarshaller.java:68) [xstream-1.4.20.jar:1.4.20]
	at com.thoughtworks.xstream.core.TreeUnmarshaller.convertAnother(TreeUnmarshaller.java:52) [xstream-1.4.20.jar:1.4.20]
	at com.thoughtworks.xstream.converters.collections.AbstractCollectionConverter.readBareItem(AbstractCollectionConverter.java:132) [xstream-1.4.20.jar:1.4.20]
	at org.apache.jmeter.save.converters.HashTreeConverter.unmarshal(HashTreeConverter.java:66) [ApacheJMeter_core.jar:5.6.3]
	at com.thoughtworks.xstream.core.TreeUnmarshaller.convert(TreeUnmarshaller.java:74) [xstream-1.4.20.jar:1.4.20]
	at com.thoughtworks.xstream.core.AbstractReferenceUnmarshaller.convert(AbstractReferenceUnmarshaller.java:72) [xstream-1.4.20.jar:1.4.20]
	at com.thoughtworks.xstream.core.TreeUnmarshaller.convertAnother(TreeUnmarshaller.java:68) [xstream-1.4.20.jar:1.4.20]
	at com.thoughtworks.xstream.core.TreeUnmarshaller.convertAnother(TreeUnmarshaller.java:52) [xstream-1.4.20.jar:1.4.20]
	at com.thoughtworks.xstream.converters.collections.AbstractCollectionConverter.readBareItem(AbstractCollectionConverter.java:132) [xstream-1.4.20.jar:1.4.20]
	at org.apache.jmeter.save.converters.HashTreeConverter.unmarshal(HashTreeConverter.java:66) [ApacheJMeter_core.jar:5.6.3]
	at com.thoughtworks.xstream.core.TreeUnmarshaller.convert(TreeUnmarshaller.java:74) [xstream-1.4.20.jar:1.4.20]
	at com.thoughtworks.xstream.core.AbstractReferenceUnmarshaller.convert(AbstractReferenceUnmarshaller.java:72) [xstream-1.4.20.jar:1.4.20]
	at com.thoughtworks.xstream.core.TreeUnmarshaller.convertAnother(TreeUnmarshaller.java:68) [xstream-1.4.20.jar:1.4.20]
	at com.thoughtworks.xstream.core.TreeUnmarshaller.convertAnother(TreeUnmarshaller.java:52) [xstream-1.4.20.jar:1.4.20]
	at com.thoughtworks.xstream.converters.collections.AbstractCollectionConverter.readBareItem(AbstractCollectionConverter.java:132) [xstream-1.4.20.jar:1.4.20]
	at org.apache.jmeter.save.converters.HashTreeConverter.unmarshal(HashTreeConverter.java:66) [ApacheJMeter_core.jar:5.6.3]
	at com.thoughtworks.xstream.core.TreeUnmarshaller.convert(TreeUnmarshaller.java:74) [xstream-1.4.20.jar:1.4.20]
	at com.thoughtworks.xstream.core.AbstractReferenceUnmarshaller.convert(AbstractReferenceUnmarshaller.java:72) [xstream-1.4.20.jar:1.4.20]
	at com.thoughtworks.xstream.core.TreeUnmarshaller.convertAnother(TreeUnmarshaller.java:68) [xstream-1.4.20.jar:1.4.20]
	at com.thoughtworks.xstream.core.TreeUnmarshaller.convertAnother(TreeUnmarshaller.java:52) [xstream-1.4.20.jar:1.4.20]
	at org.apache.jmeter.save.ScriptWrapperConverter.unmarshal(ScriptWrapperConverter.java:93) [ApacheJMeter_core.jar:5.6.3]
	at com.thoughtworks.xstream.core.TreeUnmarshaller.convert(TreeUnmarshaller.java:74) [xstream-1.4.20.jar:1.4.20]
	at com.thoughtworks.xstream.core.AbstractReferenceUnmarshaller.convert(AbstractReferenceUnmarshaller.java:72) [xstream-1.4.20.jar:1.4.20]
	at com.thoughtworks.xstream.core.TreeUnmarshaller.convertAnother(TreeUnmarshaller.java:68) [xstream-1.4.20.jar:1.4.20]
	at com.thoughtworks.xstream.core.TreeUnmarshaller.convertAnother(TreeUnmarshaller.java:52) [xstream-1.4.20.jar:1.4.20]
	at com.thoughtworks.xstream.core.TreeUnmarshaller.start(TreeUnmarshaller.java:136) [xstream-1.4.20.jar:1.4.20]
	at com.thoughtworks.xstream.core.AbstractTreeMarshallingStrategy.unmarshal(AbstractTreeMarshallingStrategy.java:32) [xstream-1.4.20.jar:1.4.20]
	at com.thoughtworks.xstream.XStream.unmarshal(XStream.java:1464) [xstream-1.4.20.jar:1.4.20]
	at com.thoughtworks.xstream.XStream.unmarshal(XStream.java:1441) [xstream-1.4.20.jar:1.4.20]
	at com.thoughtworks.xstream.XStream.fromXML(XStream.java:1321) [xstream-1.4.20.jar:1.4.20]
	at org.apache.jmeter.save.SaveService.readTree(SaveService.java:446) [ApacheJMeter_core.jar:5.6.3]
	at org.apache.jmeter.save.SaveService.loadTree(SaveService.java:429) [ApacheJMeter_core.jar:5.6.3]
	at org.apache.jmeter.JMeter.runNonGui(JMeter.java:954) [ApacheJMeter_core.jar:5.6.3]
	at org.apache.jmeter.JMeter.startNonGui(JMeter.java:940) [ApacheJMeter_core.jar:5.6.3]
	at org.apache.jmeter.JMeter.start(JMeter.java:508) [ApacheJMeter_core.jar:5.6.3]
	at java.base/jdk.internal.reflect.DirectMethodHandleAccessor.invoke(DirectMethodHandleAccessor.java:103) ~[?:?]
	at java.base/java.lang.reflect.Method.invoke(Method.java:580) ~[?:?]
	at org.apache.jmeter.NewDriver.main(NewDriver.java:259) [ApacheJMeter.jar:5.6.3]
2026-10-09 09:47:43,766 ERROR o.a.j.s.c.TestElementPropertyConverter: Couldn't unmarshall TestElementProperty
java.lang.IllegalArgumentException: Name cannot be null
	at org.apache.jmeter.testelement.property.AbstractProperty.setName(AbstractProperty.java:72) ~[ApacheJMeter_core.jar:5.6.3]
	at org.apache.jmeter.save.converters.TestElementPropertyConverter.unmarshal(TestElementPropertyConverter.java:100) [ApacheJMeter_core.jar:5.6.3]
	at com.thoughtworks.xstream.core.TreeUnmarshaller.convert(TreeUnmarshaller.java:74) [xstream-1.4.20.jar:1.4.20]
	at com.thoughtworks.xstream.core.AbstractReferenceUnmarshaller.convert(AbstractReferenceUnmarshaller.java:72) [xstream-1.4.20.jar:1.4.20]
	at com.thoughtworks.xstream.core.TreeUnmarshaller.convertAnother(TreeUnmarshaller.java:68) [xstream-1.4.20.jar:1.4.20]
	at com.thoughtworks.xstream.core.TreeUnmarshaller.convertAnother(TreeUnmarshaller.java:52) [xstream-1.4.20.jar:1.4.20]
	at com.thoughtworks.xstream.converters.collections.AbstractCollectionConverter.readBareItem(AbstractCollectionConverter.java:132) [xstream-1.4.20.jar:1.4.20]
	at org.apache.jmeter.save.converters.MultiPropertyConverter.unmarshal(MultiPropertyConverter.java:68) [ApacheJMeter_core.jar:5.6.3]
	at com.thoughtworks.xstream.core.TreeUnmarshaller.convert(TreeUnmarshaller.java:74) [xstream-1.4.20.jar:1.4.20]
	at com.thoughtworks.xstream.core.AbstractReferenceUnmarshaller.convert(AbstractReferenceUnmarshaller.java:72) [xstream-1.4.20.jar:1.4.20]
	at com.thoughtworks.xstream.core.TreeUnmarshaller.convertAnother(TreeUnmarshaller.java:68) [xstream-1.4.20.jar:1.4.20]
	at com.thoughtworks.xstream.core.TreeUnmarshaller.convertAnother(TreeUnmarshaller.java:52) [xstream-1.4.20.jar:1.4.20]
	at com.thoughtworks.xstream.converters.collections.AbstractCollectionConverter.readBareItem(AbstractCollectionConverter.java:132) [xstream-1.4.20.jar:1.4.20]
	at org.apache.jmeter.save.converters.TestElementConverter.unmarshal(TestElementConverter.java:109) [ApacheJMeter_core.jar:5.6.3]
	at com.thoughtworks.xstream.core.TreeUnmarshaller.convert(TreeUnmarshaller.java:74) [xstream-1.4.20.jar:1.4.20]
	at com.thoughtworks.xstream.core.AbstractReferenceUnmarshaller.convert(AbstractReferenceUnmarshaller.java:72) [xstream-1.4.20.jar:1.4.20]
	at com.thoughtworks.xstream.core.TreeUnmarshaller.convertAnother(TreeUnmarshaller.java:68) [xstream-1.4.20.jar:1.4.20]
	at com.thoughtworks.xstream.core.TreeUnmarshaller.convertAnother(TreeUnmarshaller.java:52) [xstream-1.4.20.jar:1.4.20]
	at com.thoughtworks.xstream.converters.collections.AbstractCollectionConverter.readBareItem(AbstractCollectionConverter.java:132) [xstream-1.4.20.jar:1.4.20]
	at org.apache.jmeter.save.converters.HashTreeConverter.unmarshal(HashTreeConverter.java:66) [ApacheJMeter_core.jar:5.6.3]
	at com.thoughtworks.xstream.core.TreeUnmarshaller.convert(TreeUnmarshaller.java:74) [xstream-1.4.20.jar:1.4.20]
	at com.thoughtworks.xstream.core.AbstractReferenceUnmarshaller.convert(AbstractReferenceUnmarshaller.java:72) [xstream-1.4.20.jar:1.4.20]
	at com.thoughtworks.xstream.core.TreeUnmarshaller.convertAnother(TreeUnmarshaller.java:68) [xstream-1.4.20.jar:1.4.20]
	at com.thoughtworks.xstream.core.TreeUnmarshaller.convertAnother(TreeUnmarshaller.java:52) [xstream-1.4.20.jar:1.4.20]
	at com.thoughtworks.xstream.converters.collections.AbstractCollectionConverter.readBareItem(AbstractCollectionConverter.java:132) [xstream-1.4.20.jar:1.4.20]
	at org.apache.jmeter.save.converters.HashTreeConverter.unmarshal(HashTreeConverter.java:66) [ApacheJMeter_core.jar:5.6.3]
	at com.thoughtworks.xstream.core.TreeUnmarshaller.convert(TreeUnmarshaller.java:74) [xstream-1.4.20.jar:1.4.20]
	at com.thoughtworks.xstream.core.AbstractReferenceUnmarshaller.convert(AbstractReferenceUnmarshaller.java:72) [xstream-1.4.20.jar:1.4.20]
	at com.thoughtworks.xstream.core.TreeUnmarshaller.convertAnother(TreeUnmarshaller.java:68) [xstream-1.4.20.jar:1.4.20]
	at com.thoughtworks.xstream.core.TreeUnmarshaller.convertAnother(TreeUnmarshaller.java:52) [xstream-1.4.20.jar:1.4.20]
	at com.thoughtworks.xstream.converters.collections.AbstractCollectionConverter.readBareItem(AbstractCollectionConverter.java:132) [xstream-1.4.20.jar:1.4.20]
	at org.apache.jmeter.save.converters.HashTreeConverter.unmarshal(HashTreeConverter.java:66) [ApacheJMeter_core.jar:5.6.3]
	at com.thoughtworks.xstream.core.TreeUnmarshaller.convert(TreeUnmarshaller.java:74) [xstream-1.4.20.jar:1.4.20]
	at com.thoughtworks.xstream.core.AbstractReferenceUnmarshaller.convert(AbstractReferenceUnmarshaller.java:72) [xstream-1.4.20.jar:1.4.20]
	at com.thoughtworks.xstream.core.TreeUnmarshaller.convertAnother(TreeUnmarshaller.java:68) [xstream-1.4.20.jar:1.4.20]
	at com.thoughtworks.xstream.core.TreeUnmarshaller.convertAnother(TreeUnmarshaller.java:52) [xstream-1.4.20.jar:1.4.20]
	at com.thoughtworks.xstream.converters.collections.AbstractCollectionConverter.readBareItem(AbstractCollectionConverter.java:132) [xstream-1.4.20.jar:1.4.20]
	at org.apache.jmeter.save.converters.HashTreeConverter.unmarshal(HashTreeConverter.java:66) [ApacheJMeter_core.jar:5.6.3]
	at com.thoughtworks.xstream.core.TreeUnmarshaller.convert(TreeUnmarshaller.java:74) [xstream-1.4.20.jar:1.4.20]
	at com.thoughtworks.xstream.core.AbstractReferenceUnmarshaller.convert(AbstractReferenceUnmarshaller.java:72) [xstream-1.4.20.jar:1.4.20]
	at com.thoughtworks.xstream.core.TreeUnmarshaller.convertAnother(TreeUnmarshaller.java:68) [xstream-1.4.20.jar:1.4.20]
	at com.thoughtworks.xstream.core.TreeUnmarshaller.convertAnother(TreeUnmarshaller.java:52) [xstream-1.4.20.jar:1.4.20]
	at org.apache.jmeter.save.ScriptWrapperConverter.unmarshal(ScriptWrapperConverter.java:93) [ApacheJMeter_core.jar:5.6.3]
	at com.thoughtworks.xstream.core.TreeUnmarshaller.convert(TreeUnmarshaller.java:74) [xstream-1.4.20.jar:1.4.20]
	at com.thoughtworks.xstream.core.AbstractReferenceUnmarshaller.convert(AbstractReferenceUnmarshaller.java:72) [xstream-1.4.20.jar:1.4.20]
	at com.thoughtworks.xstream.core.TreeUnmarshaller.convertAnother(TreeUnmarshaller.java:68) [xstream-1.4.20.jar:1.4.20]
	at com.thoughtworks.xstream.core.TreeUnmarshaller.convertAnother(TreeUnmarshaller.java:52) [xstream-1.4.20.jar:1.4.20]
	at com.thoughtworks.xstream.core.TreeUnmarshaller.start(TreeUnmarshaller.java:136) [xstream-1.4.20.jar:1.4.20]
	at com.thoughtworks.xstream.core.AbstractTreeMarshallingStrategy.unmarshal(AbstractTreeMarshallingStrategy.java:32) [xstream-1.4.20.jar:1.4.20]
	at com.thoughtworks.xstream.XStream.unmarshal(XStream.java:1464) [xstream-1.4.20.jar:1.4.20]
	at com.thoughtworks.xstream.XStream.unmarshal(XStream.java:1441) [xstream-1.4.20.jar:1.4.20]
	at com.thoughtworks.xstream.XStream.fromXML(XStream.java:1321) [xstream-1.4.20.jar:1.4.20]
	at org.apache.jmeter.save.SaveService.readTree(SaveService.java:446) [ApacheJMeter_core.jar:5.6.3]
	at org.apache.jmeter.save.SaveService.loadTree(SaveService.java:429) [ApacheJMeter_core.jar:5.6.3]
	at org.apache.jmeter.JMeter.runNonGui(JMeter.java:954) [ApacheJMeter_core.jar:5.6.3]
	at org.apache.jmeter.JMeter.startNonGui(JMeter.java:940) [ApacheJMeter_core.jar:5.6.3]
	at org.apache.jmeter.JMeter.start(JMeter.java:508) [ApacheJMeter_core.jar:5.6.3]
	at java.base/jdk.internal.reflect.DirectMethodHandleAccessor.invoke(DirectMethodHandleAccessor.java:103) ~[?:?]
	at java.base/java.lang.reflect.Method.invoke(Method.java:580) ~[?:?]
	at org.apache.jmeter.NewDriver.main(NewDriver.java:259) [ApacheJMeter.jar:5.6.3]
2026-10-09 09:47:43,766 ERROR o.a.j.s.c.TestElementPropertyConverter: Couldn't unmarshall TestElementProperty
java.lang.IllegalArgumentException: Name cannot be null
	at org.apache.jmeter.testelement.property.AbstractProperty.setName(AbstractProperty.java:72) ~[ApacheJMeter_core.jar:5.6.3]
	at org.apache.jmeter.save.converters.TestElementPropertyConverter.unmarshal(TestElementPropertyConverter.java:100) [ApacheJMeter_core.jar:5.6.3]
	at com.thoughtworks.xstream.core.TreeUnmarshaller.convert(TreeUnmarshaller.java:74) [xstream-1.4.20.jar:1.4.20]
	at com.thoughtworks.xstream.core.AbstractReferenceUnmarshaller.convert(AbstractReferenceUnmarshaller.java:72) [xstream-1.4.20.jar:1.4.20]
	at com.thoughtworks.xstream.core.TreeUnmarshaller.convertAnother(TreeUnmarshaller.java:68) [xstream-1.4.20.jar:1.4.20]
	at com.thoughtworks.xstream.core.TreeUnmarshaller.convertAnother(TreeUnmarshaller.java:52) [xstream-1.4.20.jar:1.4.20]
	at com.thoughtworks.xstream.converters.collections.AbstractCollectionConverter.readBareItem(AbstractCollectionConverter.java:132) [xstream-1.4.20.jar:1.4.20]
	at org.apache.jmeter.save.converters.MultiPropertyConverter.unmarshal(MultiPropertyConverter.java:68) [ApacheJMeter_core.jar:5.6.3]
	at com.thoughtworks.xstream.core.TreeUnmarshaller.convert(TreeUnmarshaller.java:74) [xstream-1.4.20.jar:1.4.20]
	at com.thoughtworks.xstream.core.AbstractReferenceUnmarshaller.convert(AbstractReferenceUnmarshaller.java:72) [xstream-1.4.20.jar:1.4.20]
	at com.thoughtworks.xstream.core.TreeUnmarshaller.convertAnother(TreeUnmarshaller.java:68) [xstream-1.4.20.jar:1.4.20]
	at com.thoughtworks.xstream.core.TreeUnmarshaller.convertAnother(TreeUnmarshaller.java:52) [xstream-1.4.20.jar:1.4.20]
	at com.thoughtworks.xstream.converters.collections.AbstractCollectionConverter.readBareItem(AbstractCollectionConverter.java:132) [xstream-1.4.20.jar:1.4.20]
	at org.apache.jmeter.save.converters.TestElementConverter.unmarshal(TestElementConverter.java:109) [ApacheJMeter_core.jar:5.6.3]
	at com.thoughtworks.xstream.core.TreeUnmarshaller.convert(TreeUnmarshaller.java:74) [xstream-1.4.20.jar:1.4.20]
	at com.thoughtworks.xstream.core.AbstractReferenceUnmarshaller.convert(AbstractReferenceUnmarshaller.java:72) [xstream-1.4.20.jar:1.4.20]
	at com.thoughtworks.xstream.core.TreeUnmarshaller.convertAnother(TreeUnmarshaller.java:68) [xstream-1.4.20.jar:1.4.20]
	at com.thoughtworks.xstream.core.TreeUnmarshaller.convertAnother(TreeUnmarshaller.java:52) [xstream-1.4.20.jar:1.4.20]
	at com.thoughtworks.xstream.converters.collections.AbstractCollectionConverter.readBareItem(AbstractCollectionConverter.java:132) [xstream-1.4.20.jar:1.4.20]
	at org.apache.jmeter.save.converters.HashTreeConverter.unmarshal(HashTreeConverter.java:66) [ApacheJMeter_core.jar:5.6.3]
	at com.thoughtworks.xstream.core.TreeUnmarshaller.convert(TreeUnmarshaller.java:74) [xstream-1.4.20.jar:1.4.20]
	at com.thoughtworks.xstream.core.AbstractReferenceUnmarshaller.convert(AbstractReferenceUnmarshaller.java:72) [xstream-1.4.20.jar:1.4.20]
	at com.thoughtworks.xstream.core.TreeUnmarshaller.convertAnother(TreeUnmarshaller.java:68) [xstream-1.4.20.jar:1.4.20]
	at com.thoughtworks.xstream.core.TreeUnmarshaller.convertAnother(TreeUnmarshaller.java:52) [xstream-1.4.20.jar:1.4.20]
	at com.thoughtworks.xstream.converters.collections.AbstractCollectionConverter.readBareItem(AbstractCollectionConverter.java:132) [xstream-1.4.20.jar:1.4.20]
	at org.apache.jmeter.save.converters.HashTreeConverter.unmarshal(HashTreeConverter.java:66) [ApacheJMeter_core.jar:5.6.3]
	at com.thoughtworks.xstream.core.TreeUnmarshaller.convert(TreeUnmarshaller.java:74) [xstream-1.4.20.jar:1.4.20]
	at com.thoughtworks.xstream.core.AbstractReferenceUnmarshaller.convert(AbstractReferenceUnmarshaller.java:72) [xstream-1.4.20.jar:1.4.20]
	at com.thoughtworks.xstream.core.TreeUnmarshaller.convertAnother(TreeUnmarshaller.java:68) [xstream-1.4.20.jar:1.4.20]
	at com.thoughtworks.xstream.core.TreeUnmarshaller.convertAnother(TreeUnmarshaller.java:52) [xstream-1.4.20.jar:1.4.20]
	at com.thoughtworks.xstream.converters.collections.AbstractCollectionConverter.readBareItem(AbstractCollectionConverter.java:132) [xstream-1.4.20.jar:1.4.20]
	at org.apache.jmeter.save.converters.HashTreeConverter.unmarshal(HashTreeConverter.java:66) [ApacheJMeter_core.jar:5.6.3]
	at com.thoughtworks.xstream.core.TreeUnmarshaller.convert(TreeUnmarshaller.java:74) [xstream-1.4.20.jar:1.4.20]
	at com.thoughtworks.xstream.core.AbstractReferenceUnmarshaller.convert(AbstractReferenceUnmarshaller.java:72) [xstream-1.4.20.jar:1.4.20]
	at com.thoughtworks.xstream.core.TreeUnmarshaller.convertAnother(TreeUnmarshaller.java:68) [xstream-1.4.20.jar:1.4.20]
	at com.thoughtworks.xstream.core.TreeUnmarshaller.convertAnother(TreeUnmarshaller.java:52) [xstream-1.4.20.jar:1.4.20]
	at com.thoughtworks.xstream.converters.collections.AbstractCollectionConverter.readBareItem(AbstractCollectionConverter.java:132) [xstream-1.4.20.jar:1.4.20]
	at org.apache.jmeter.save.converters.HashTreeConverter.unmarshal(HashTreeConverter.java:66) [ApacheJMeter_core.jar:5.6.3]
	at com.thoughtworks.xstream.core.TreeUnmarshaller.convert(TreeUnmarshaller.java:74) [xstream-1.4.20.jar:1.4.20]
	at com.thoughtworks.xstream.core.AbstractReferenceUnmarshaller.convert(AbstractReferenceUnmarshaller.java:72) [xstream-1.4.20.jar:1.4.20]
	at com.thoughtworks.xstream.core.TreeUnmarshaller.convertAnother(TreeUnmarshaller.java:68) [xstream-1.4.20.jar:1.4.20]
	at com.thoughtworks.xstream.core.TreeUnmarshaller.convertAnother(TreeUnmarshaller.java:52) [xstream-1.4.20.jar:1.4.20]
	at org.apache.jmeter.save.ScriptWrapperConverter.unmarshal(ScriptWrapperConverter.java:93) [ApacheJMeter_core.jar:5.6.3]
	at com.thoughtworks.xstream.core.TreeUnmarshaller.convert(TreeUnmarshaller.java:74) [xstream-1.4.20.jar:1.4.20]
	at com.thoughtworks.xstream.core.AbstractReferenceUnmarshaller.convert(AbstractReferenceUnmarshaller.java:72) [xstream-1.4.20.jar:1.4.20]
	at com.thoughtworks.xstream.core.TreeUnmarshaller.convertAnother(TreeUnmarshaller.java:68) [xstream-1.4.20.jar:1.4.20]
	at com.thoughtworks.xstream.core.TreeUnmarshaller.convertAnother(TreeUnmarshaller.java:52) [xstream-1.4.20.jar:1.4.20]
	at com.thoughtworks.xstream.core.TreeUnmarshaller.start(TreeUnmarshaller.java:136) [xstream-1.4.20.jar:1.4.20]
	at com.thoughtworks.xstream.core.AbstractTreeMarshallingStrategy.unmarshal(AbstractTreeMarshallingStrategy.java:32) [xstream-1.4.20.jar:1.4.20]
	at com.thoughtworks.xstream.XStream.unmarshal(XStream.java:1464) [xstream-1.4.20.jar:1.4.20]
	at com.thoughtworks.xstream.XStream.unmarshal(XStream.java:1441) [xstream-1.4.20.jar:1.4.20]
	at com.thoughtworks.xstream.XStream.fromXML(XStream.java:1321) [xstream-1.4.20.jar:1.4.20]
	at org.apache.jmeter.save.SaveService.readTree(SaveService.java:446) [ApacheJMeter_core.jar:5.6.3]
	at org.apache.jmeter.save.SaveService.loadTree(SaveService.java:429) [ApacheJMeter_core.jar:5.6.3]
	at org.apache.jmeter.JMeter.runNonGui(JMeter.java:954) [ApacheJMeter_core.jar:5.6.3]
	at org.apache.jmeter.JMeter.startNonGui(JMeter.java:940) [ApacheJMeter_core.jar:5.6.3]
	at org.apache.jmeter.JMeter.start(JMeter.java:508) [ApacheJMeter_core.jar:5.6.3]
	at java.base/jdk.internal.reflect.DirectMethodHandleAccessor.invoke(DirectMethodHandleAccessor.java:103) ~[?:?]
	at java.base/java.lang.reflect.Method.invoke(Method.java:580) ~[?:?]
	at org.apache.jmeter.NewDriver.main(NewDriver.java:259) [ApacheJMeter.jar:5.6.3]
2026-10-09 09:47:43,768 ERROR o.a.j.s.c.TestElementPropertyConverter: Couldn't unmarshall TestElementProperty
java.lang.IllegalArgumentException: Name cannot be null
	at org.apache.jmeter.testelement.property.AbstractProperty.setName(AbstractProperty.java:72) ~[ApacheJMeter_core.jar:5.6.3]
	at org.apache.jmeter.save.converters.TestElementPropertyConverter.unmarshal(TestElementPropertyConverter.java:100) [ApacheJMeter_core.jar:5.6.3]
	at com.thoughtworks.xstream.core.TreeUnmarshaller.convert(TreeUnmarshaller.java:74) [xstream-1.4.20.jar:1.4.20]
	at com.thoughtworks.xstream.core.AbstractReferenceUnmarshaller.convert(AbstractReferenceUnmarshaller.java:72) [xstream-1.4.20.jar:1.4.20]
	at com.thoughtworks.xstream.core.TreeUnmarshaller.convertAnother(TreeUnmarshaller.java:68) [xstream-1.4.20.jar:1.4.20]
	at com.thoughtworks.xstream.core.TreeUnmarshaller.convertAnother(TreeUnmarshaller.java:52) [xstream-1.4.20.jar:1.4.20]
	at com.thoughtworks.xstream.converters.collections.AbstractCollectionConverter.readBareItem(AbstractCollectionConverter.java:132) [xstream-1.4.20.jar:1.4.20]
	at org.apache.jmeter.save.converters.MultiPropertyConverter.unmarshal(MultiPropertyConverter.java:68) [ApacheJMeter_core.jar:5.6.3]
	at com.thoughtworks.xstream.core.TreeUnmarshaller.convert(TreeUnmarshaller.java:74) [xstream-1.4.20.jar:1.4.20]
	at com.thoughtworks.xstream.core.AbstractReferenceUnmarshaller.convert(AbstractReferenceUnmarshaller.java:72) [xstream-1.4.20.jar:1.4.20]
	at com.thoughtworks.xstream.core.TreeUnmarshaller.convertAnother(TreeUnmarshaller.java:68) [xstream-1.4.20.jar:1.4.20]
	at com.thoughtworks.xstream.core.TreeUnmarshaller.convertAnother(TreeUnmarshaller.java:52) [xstream-1.4.20.jar:1.4.20]
	at com.thoughtworks.xstream.converters.collections.AbstractCollectionConverter.readBareItem(AbstractCollectionConverter.java:132) [xstream-1.4.20.jar:1.4.20]
	at org.apache.jmeter.save.converters.TestElementConverter.unmarshal(TestElementConverter.java:109) [ApacheJMeter_core.jar:5.6.3]
	at com.thoughtworks.xstream.core.TreeUnmarshaller.convert(TreeUnmarshaller.java:74) [xstream-1.4.20.jar:1.4.20]
	at com.thoughtworks.xstream.core.AbstractReferenceUnmarshaller.convert(AbstractReferenceUnmarshaller.java:72) [xstream-1.4.20.jar:1.4.20]
	at com.thoughtworks.xstream.core.TreeUnmarshaller.convertAnother(TreeUnmarshaller.java:68) [xstream-1.4.20.jar:1.4.20]
	at com.thoughtworks.xstream.core.TreeUnmarshaller.convertAnother(TreeUnmarshaller.java:52) [xstream-1.4.20.jar:1.4.20]
	at com.thoughtworks.xstream.converters.collections.AbstractCollectionConverter.readBareItem(AbstractCollectionConverter.java:132) [xstream-1.4.20.jar:1.4.20]
	at org.apache.jmeter.save.converters.HashTreeConverter.unmarshal(HashTreeConverter.java:66) [ApacheJMeter_core.jar:5.6.3]
	at com.thoughtworks.xstream.core.TreeUnmarshaller.convert(TreeUnmarshaller.java:74) [xstream-1.4.20.jar:1.4.20]
	at com.thoughtworks.xstream.core.AbstractReferenceUnmarshaller.convert(AbstractReferenceUnmarshaller.java:72) [xstream-1.4.20.jar:1.4.20]
	at com.thoughtworks.xstream.core.TreeUnmarshaller.convertAnother(TreeUnmarshaller.java:68) [xstream-1.4.20.jar:1.4.20]
	at com.thoughtworks.xstream.core.TreeUnmarshaller.convertAnother(TreeUnmarshaller.java:52) [xstream-1.4.20.jar:1.4.20]
	at com.thoughtworks.xstream.converters.collections.AbstractCollectionConverter.readBareItem(AbstractCollectionConverter.java:132) [xstream-1.4.20.jar:1.4.20]
	at org.apache.jmeter.save.converters.HashTreeConverter.unmarshal(HashTreeConverter.java:66) [ApacheJMeter_core.jar:5.6.3]
	at com.thoughtworks.xstream.core.TreeUnmarshaller.convert(TreeUnmarshaller.java:74) [xstream-1.4.20.jar:1.4.20]
	at com.thoughtworks.xstream.core.AbstractReferenceUnmarshaller.convert(AbstractReferenceUnmarshaller.java:72) [xstream-1.4.20.jar:1.4.20]
	at com.thoughtworks.xstream.core.TreeUnmarshaller.convertAnother(TreeUnmarshaller.java:68) [xstream-1.4.20.jar:1.4.20]
	at com.thoughtworks.xstream.core.TreeUnmarshaller.convertAnother(TreeUnmarshaller.java:52) [xstream-1.4.20.jar:1.4.20]
	at com.thoughtworks.xstream.converters.collections.AbstractCollectionConverter.readBareItem(AbstractCollectionConverter.java:132) [xstream-1.4.20.jar:1.4.20]
	at org.apache.jmeter.save.converters.HashTreeConverter.unmarshal(HashTreeConverter.java:66) [ApacheJMeter_core.jar:5.6.3]
	at com.thoughtworks.xstream.core.TreeUnmarshaller.convert(TreeUnmarshaller.java:74) [xstream-1.4.20.jar:1.4.20]
	at com.thoughtworks.xstream.core.AbstractReferenceUnmarshaller.convert(AbstractReferenceUnmarshaller.java:72) [xstream-1.4.20.jar:1.4.20]
	at com.thoughtworks.xstream.core.TreeUnmarshaller.convertAnother(TreeUnmarshaller.java:68) [xstream-1.4.20.jar:1.4.20]
	at com.thoughtworks.xstream.core.TreeUnmarshaller.convertAnother(TreeUnmarshaller.java:52) [xstream-1.4.20.jar:1.4.20]
	at com.thoughtworks.xstream.converters.collections.AbstractCollectionConverter.readBareItem(AbstractCollectionConverter.java:132) [xstream-1.4.20.jar:1.4.20]
	at org.apache.jmeter.save.converters.HashTreeConverter.unmarshal(HashTreeConverter.java:66) [ApacheJMeter_core.jar:5.6.3]
	at com.thoughtworks.xstream.core.TreeUnmarshaller.convert(TreeUnmarshaller.java:74) [xstream-1.4.20.jar:1.4.20]
	at com.thoughtworks.xstream.core.AbstractReferenceUnmarshaller.convert(AbstractReferenceUnmarshaller.java:72) [xstream-1.4.20.jar:1.4.20]
	at com.thoughtworks.xstream.core.TreeUnmarshaller.convertAnother(TreeUnmarshaller.java:68) [xstream-1.4.20.jar:1.4.20]
	at com.thoughtworks.xstream.core.TreeUnmarshaller.convertAnother(TreeUnmarshaller.java:52) [xstream-1.4.20.jar:1.4.20]
	at org.apache.jmeter.save.ScriptWrapperConverter.unmarshal(ScriptWrapperConverter.java:93) [ApacheJMeter_core.jar:5.6.3]
	at com.thoughtworks.xstream.core.TreeUnmarshaller.convert(TreeUnmarshaller.java:74) [xstream-1.4.20.jar:1.4.20]
	at com.thoughtworks.xstream.core.AbstractReferenceUnmarshaller.convert(AbstractReferenceUnmarshaller.java:72) [xstream-1.4.20.jar:1.4.20]
	at com.thoughtworks.xstream.core.TreeUnmarshaller.convertAnother(TreeUnmarshaller.java:68) [xstream-1.4.20.jar:1.4.20]
	at com.thoughtworks.xstream.core.TreeUnmarshaller.convertAnother(TreeUnmarshaller.java:52) [xstream-1.4.20.jar:1.4.20]
	at com.thoughtworks.xstream.core.TreeUnmarshaller.start(TreeUnmarshaller.java:136) [xstream-1.4.20.jar:1.4.20]
	at com.thoughtworks.xstream.core.AbstractTreeMarshallingStrategy.unmarshal(AbstractTreeMarshallingStrategy.java:32) [xstream-1.4.20.jar:1.4.20]
	at com.thoughtworks.xstream.XStream.unmarshal(XStream.java:1464) [xstream-1.4.20.jar:1.4.20]
	at com.thoughtworks.xstream.XStream.unmarshal(XStream.java:1441) [xstream-1.4.20.jar:1.4.20]
	at com.thoughtworks.xstream.XStream.fromXML(XStream.java:1321) [xstream-1.4.20.jar:1.4.20]
	at org.apache.jmeter.save.SaveService.readTree(SaveService.java:446) [ApacheJMeter_core.jar:5.6.3]
	at org.apache.jmeter.save.SaveService.loadTree(SaveService.java:429) [ApacheJMeter_core.jar:5.6.3]
	at org.apache.jmeter.JMeter.runNonGui(JMeter.java:954) [ApacheJMeter_core.jar:5.6.3]
	at org.apache.jmeter.JMeter.startNonGui(JMeter.java:940) [ApacheJMeter_core.jar:5.6.3]
	at org.apache.jmeter.JMeter.start(JMeter.java:508) [ApacheJMeter_core.jar:5.6.3]
	at java.base/jdk.internal.reflect.DirectMethodHandleAccessor.invoke(DirectMethodHandleAccessor.java:103) ~[?:?]
	at java.base/java.lang.reflect.Method.invoke(Method.java:580) ~[?:?]
	at org.apache.jmeter.NewDriver.main(NewDriver.java:259) [ApacheJMeter.jar:5.6.3]
2026-10-09 09:47:43,773 ERROR o.a.j.s.c.TestElementPropertyConverter: Couldn't unmarshall TestElementProperty
java.lang.IllegalArgumentException: Name cannot be null
	at org.apache.jmeter.testelement.property.AbstractProperty.setName(AbstractProperty.java:72) ~[ApacheJMeter_core.jar:5.6.3]
	at org.apache.jmeter.save.converters.TestElementPropertyConverter.unmarshal(TestElementPropertyConverter.java:100) [ApacheJMeter_core.jar:5.6.3]
	at com.thoughtworks.xstream.core.TreeUnmarshaller.convert(TreeUnmarshaller.java:74) [xstream-1.4.20.jar:1.4.20]
	at com.thoughtworks.xstream.core.AbstractReferenceUnmarshaller.convert(AbstractReferenceUnmarshaller.java:72) [xstream-1.4.20.jar:1.4.20]
	at com.thoughtworks.xstream.core.TreeUnmarshaller.convertAnother(TreeUnmarshaller.java:68) [xstream-1.4.20.jar:1.4.20]
	at com.thoughtworks.xstream.core.TreeUnmarshaller.convertAnother(TreeUnmarshaller.java:52) [xstream-1.4.20.jar:1.4.20]
	at com.thoughtworks.xstream.converters.collections.AbstractCollectionConverter.readBareItem(AbstractCollectionConverter.java:132) [xstream-1.4.20.jar:1.4.20]
	at org.apache.jmeter.save.converters.MultiPropertyConverter.unmarshal(MultiPropertyConverter.java:68) [ApacheJMeter_core.jar:5.6.3]
	at com.thoughtworks.xstream.core.TreeUnmarshaller.convert(TreeUnmarshaller.java:74) [xstream-1.4.20.jar:1.4.20]
	at com.thoughtworks.xstream.core.AbstractReferenceUnmarshaller.convert(AbstractReferenceUnmarshaller.java:72) [xstream-1.4.20.jar:1.4.20]
	at com.thoughtworks.xstream.core.TreeUnmarshaller.convertAnother(TreeUnmarshaller.java:68) [xstream-1.4.20.jar:1.4.20]
	at com.thoughtworks.xstream.core.TreeUnmarshaller.convertAnother(TreeUnmarshaller.java:52) [xstream-1.4.20.jar:1.4.20]
	at com.thoughtworks.xstream.converters.collections.AbstractCollectionConverter.readBareItem(AbstractCollectionConverter.java:132) [xstream-1.4.20.jar:1.4.20]
	at org.apache.jmeter.save.converters.TestElementConverter.unmarshal(TestElementConverter.java:109) [ApacheJMeter_core.jar:5.6.3]
	at com.thoughtworks.xstream.core.TreeUnmarshaller.convert(TreeUnmarshaller.java:74) [xstream-1.4.20.jar:1.4.20]
	at com.thoughtworks.xstream.core.AbstractReferenceUnmarshaller.convert(AbstractReferenceUnmarshaller.java:72) [xstream-1.4.20.jar:1.4.20]
	at com.thoughtworks.xstream.core.TreeUnmarshaller.convertAnother(TreeUnmarshaller.java:68) [xstream-1.4.20.jar:1.4.20]
	at com.thoughtworks.xstream.core.TreeUnmarshaller.convertAnother(TreeUnmarshaller.java:52) [xstream-1.4.20.jar:1.4.20]
	at com.thoughtworks.xstream.converters.collections.AbstractCollectionConverter.readBareItem(AbstractCollectionConverter.java:132) [xstream-1.4.20.jar:1.4.20]
	at org.apache.jmeter.save.converters.HashTreeConverter.unmarshal(HashTreeConverter.java:66) [ApacheJMeter_core.jar:5.6.3]
	at com.thoughtworks.xstream.core.TreeUnmarshaller.convert(TreeUnmarshaller.java:74) [xstream-1.4.20.jar:1.4.20]
	at com.thoughtworks.xstream.core.AbstractReferenceUnmarshaller.convert(AbstractReferenceUnmarshaller.java:72) [xstream-1.4.20.jar:1.4.20]
	at com.thoughtworks.xstream.core.TreeUnmarshaller.convertAnother(TreeUnmarshaller.java:68) [xstream-1.4.20.jar:1.4.20]
	at com.thoughtworks.xstream.core.TreeUnmarshaller.convertAnother(TreeUnmarshaller.java:52) [xstream-1.4.20.jar:1.4.20]
	at com.thoughtworks.xstream.converters.collections.AbstractCollectionConverter.readBareItem(AbstractCollectionConverter.java:132) [xstream-1.4.20.jar:1.4.20]
	at org.apache.jmeter.save.converters.HashTreeConverter.unmarshal(HashTreeConverter.java:66) [ApacheJMeter_core.jar:5.6.3]
	at com.thoughtworks.xstream.core.TreeUnmarshaller.convert(TreeUnmarshaller.java:74) [xstream-1.4.20.jar:1.4.20]
	at com.thoughtworks.xstream.core.AbstractReferenceUnmarshaller.convert(AbstractReferenceUnmarshaller.java:72) [xstream-1.4.20.jar:1.4.20]
	at com.thoughtworks.xstream.core.TreeUnmarshaller.convertAnother(TreeUnmarshaller.java:68) [xstream-1.4.20.jar:1.4.20]
	at com.thoughtworks.xstream.core.TreeUnmarshaller.convertAnother(TreeUnmarshaller.java:52) [xstream-1.4.20.jar:1.4.20]
	at com.thoughtworks.xstream.converters.collections.AbstractCollectionConverter.readBareItem(AbstractCollectionConverter.java:132) [xstream-1.4.20.jar:1.4.20]
	at org.apache.jmeter.save.converters.HashTreeConverter.unmarshal(HashTreeConverter.java:66) [ApacheJMeter_core.jar:5.6.3]
	at com.thoughtworks.xstream.core.TreeUnmarshaller.convert(TreeUnmarshaller.java:74) [xstream-1.4.20.jar:1.4.20]
	at com.thoughtworks.xstream.core.AbstractReferenceUnmarshaller.convert(AbstractReferenceUnmarshaller.java:72) [xstream-1.4.20.jar:1.4.20]
	at com.thoughtworks.xstream.core.TreeUnmarshaller.convertAnother(TreeUnmarshaller.java:68) [xstream-1.4.20.jar:1.4.20]
	at com.thoughtworks.xstream.core.TreeUnmarshaller.convertAnother(TreeUnmarshaller.java:52) [xstream-1.4.20.jar:1.4.20]
	at com.thoughtworks.xstream.converters.collections.AbstractCollectionConverter.readBareItem(AbstractCollectionConverter.java:132) [xstream-1.4.20.jar:1.4.20]
	at org.apache.jmeter.save.converters.HashTreeConverter.unmarshal(HashTreeConverter.java:66) [ApacheJMeter_core.jar:5.6.3]
	at com.thoughtworks.xstream.core.TreeUnmarshaller.convert(TreeUnmarshaller.java:74) [xstream-1.4.20.jar:1.4.20]
	at com.thoughtworks.xstream.core.AbstractReferenceUnmarshaller.convert(AbstractReferenceUnmarshaller.java:72) [xstream-1.4.20.jar:1.4.20]
	at com.thoughtworks.xstream.core.TreeUnmarshaller.convertAnother(TreeUnmarshaller.java:68) [xstream-1.4.20.jar:1.4.20]
	at com.thoughtworks.xstream.core.TreeUnmarshaller.convertAnother(TreeUnmarshaller.java:52) [xstream-1.4.20.jar:1.4.20]
	at org.apache.jmeter.save.ScriptWrapperConverter.unmarshal(ScriptWrapperConverter.java:93) [ApacheJMeter_core.jar:5.6.3]
	at com.thoughtworks.xstream.core.TreeUnmarshaller.convert(TreeUnmarshaller.java:74) [xstream-1.4.20.jar:1.4.20]
	at com.thoughtworks.xstream.core.AbstractReferenceUnmarshaller.convert(AbstractReferenceUnmarshaller.java:72) [xstream-1.4.20.jar:1.4.20]
	at com.thoughtworks.xstream.core.TreeUnmarshaller.convertAnother(TreeUnmarshaller.java:68) [xstream-1.4.20.jar:1.4.20]
	at com.thoughtworks.xstream.core.TreeUnmarshaller.convertAnother(TreeUnmarshaller.java:52) [xstream-1.4.20.jar:1.4.20]
	at com.thoughtworks.xstream.core.TreeUnmarshaller.start(TreeUnmarshaller.java:136) [xstream-1.4.20.jar:1.4.20]
	at com.thoughtworks.xstream.core.AbstractTreeMarshallingStrategy.unmarshal(AbstractTreeMarshallingStrategy.java:32) [xstream-1.4.20.jar:1.4.20]
	at com.thoughtworks.xstream.XStream.unmarshal(XStream.java:1464) [xstream-1.4.20.jar:1.4.20]
	at com.thoughtworks.xstream.XStream.unmarshal(XStream.java:1441) [xstream-1.4.20.jar:1.4.20]
	at com.thoughtworks.xstream.XStream.fromXML(XStream.java:1321) [xstream-1.4.20.jar:1.4.20]
	at org.apache.jmeter.save.SaveService.readTree(SaveService.java:446) [ApacheJMeter_core.jar:5.6.3]
	at org.apache.jmeter.save.SaveService.loadTree(SaveService.java:429) [ApacheJMeter_core.jar:5.6.3]
	at org.apache.jmeter.JMeter.runNonGui(JMeter.java:954) [ApacheJMeter_core.jar:5.6.3]
	at org.apache.jmeter.JMeter.startNonGui(JMeter.java:940) [ApacheJMeter_core.jar:5.6.3]
	at org.apache.jmeter.JMeter.start(JMeter.java:508) [ApacheJMeter_core.jar:5.6.3]
	at java.base/jdk.internal.reflect.DirectMethodHandleAccessor.invoke(DirectMethodHandleAccessor.java:103) ~[?:?]
	at java.base/java.lang.reflect.Method.invoke(Method.java:580) ~[?:?]
	at org.apache.jmeter.NewDriver.main(NewDriver.java:259) [ApacheJMeter.jar:5.6.3]
2026-10-09 09:47:43,773 ERROR o.a.j.s.c.TestElementPropertyConverter: Couldn't unmarshall TestElementProperty
java.lang.IllegalArgumentException: Name cannot be null
	at org.apache.jmeter.testelement.property.AbstractProperty.setName(AbstractProperty.java:72) ~[ApacheJMeter_core.jar:5.6.3]
	at org.apache.jmeter.save.converters.TestElementPropertyConverter.unmarshal(TestElementPropertyConverter.java:100) [ApacheJMeter_core.jar:5.6.3]
	at com.thoughtworks.xstream.core.TreeUnmarshaller.convert(TreeUnmarshaller.java:74) [xstream-1.4.20.jar:1.4.20]
	at com.thoughtworks.xstream.core.AbstractReferenceUnmarshaller.convert(AbstractReferenceUnmarshaller.java:72) [xstream-1.4.20.jar:1.4.20]
	at com.thoughtworks.xstream.core.TreeUnmarshaller.convertAnother(TreeUnmarshaller.java:68) [xstream-1.4.20.jar:1.4.20]
	at com.thoughtworks.xstream.core.TreeUnmarshaller.convertAnother(TreeUnmarshaller.java:52) [xstream-1.4.20.jar:1.4.20]
	at com.thoughtworks.xstream.converters.collections.AbstractCollectionConverter.readBareItem(AbstractCollectionConverter.java:132) [xstream-1.4.20.jar:1.4.20]
	at org.apache.jmeter.save.converters.MultiPropertyConverter.unmarshal(MultiPropertyConverter.java:68) [ApacheJMeter_core.jar:5.6.3]
	at com.thoughtworks.xstream.core.TreeUnmarshaller.convert(TreeUnmarshaller.java:74) [xstream-1.4.20.jar:1.4.20]
	at com.thoughtworks.xstream.core.AbstractReferenceUnmarshaller.convert(AbstractReferenceUnmarshaller.java:72) [xstream-1.4.20.jar:1.4.20]
	at com.thoughtworks.xstream.core.TreeUnmarshaller.convertAnother(TreeUnmarshaller.java:68) [xstream-1.4.20.jar:1.4.20]
	at com.thoughtworks.xstream.core.TreeUnmarshaller.convertAnother(TreeUnmarshaller.java:52) [xstream-1.4.20.jar:1.4.20]
	at com.thoughtworks.xstream.converters.collections.AbstractCollectionConverter.readBareItem(AbstractCollectionConverter.java:132) [xstream-1.4.20.jar:1.4.20]
	at org.apache.jmeter.save.converters.TestElementConverter.unmarshal(TestElementConverter.java:109) [ApacheJMeter_core.jar:5.6.3]
	at com.thoughtworks.xstream.core.TreeUnmarshaller.convert(TreeUnmarshaller.java:74) [xstream-1.4.20.jar:1.4.20]
	at com.thoughtworks.xstream.core.AbstractReferenceUnmarshaller.convert(AbstractReferenceUnmarshaller.java:72) [xstream-1.4.20.jar:1.4.20]
	at com.thoughtworks.xstream.core.TreeUnmarshaller.convertAnother(TreeUnmarshaller.java:68) [xstream-1.4.20.jar:1.4.20]
	at com.thoughtworks.xstream.core.TreeUnmarshaller.convertAnother(TreeUnmarshaller.java:52) [xstream-1.4.20.jar:1.4.20]
	at com.thoughtworks.xstream.converters.collections.AbstractCollectionConverter.readBareItem(AbstractCollectionConverter.java:132) [xstream-1.4.20.jar:1.4.20]
	at org.apache.jmeter.save.converters.HashTreeConverter.unmarshal(HashTreeConverter.java:66) [ApacheJMeter_core.jar:5.6.3]
	at com.thoughtworks.xstream.core.TreeUnmarshaller.convert(TreeUnmarshaller.java:74) [xstream-1.4.20.jar:1.4.20]
	at com.thoughtworks.xstream.core.AbstractReferenceUnmarshaller.convert(AbstractReferenceUnmarshaller.java:72) [xstream-1.4.20.jar:1.4.20]
	at com.thoughtworks.xstream.core.TreeUnmarshaller.convertAnother(TreeUnmarshaller.java:68) [xstream-1.4.20.jar:1.4.20]
	at com.thoughtworks.xstream.core.TreeUnmarshaller.convertAnother(TreeUnmarshaller.java:52) [xstream-1.4.20.jar:1.4.20]
	at com.thoughtworks.xstream.converters.collections.AbstractCollectionConverter.readBareItem(AbstractCollectionConverter.java:132) [xstream-1.4.20.jar:1.4.20]
	at org.apache.jmeter.save.converters.HashTreeConverter.unmarshal(HashTreeConverter.java:66) [ApacheJMeter_core.jar:5.6.3]
	at com.thoughtworks.xstream.core.TreeUnmarshaller.convert(TreeUnmarshaller.java:74) [xstream-1.4.20.jar:1.4.20]
	at com.thoughtworks.xstream.core.AbstractReferenceUnmarshaller.convert(AbstractReferenceUnmarshaller.java:72) [xstream-1.4.20.jar:1.4.20]
	at com.thoughtworks.xstream.core.TreeUnmarshaller.convertAnother(TreeUnmarshaller.java:68) [xstream-1.4.20.jar:1.4.20]
	at com.thoughtworks.xstream.core.TreeUnmarshaller.convertAnother(TreeUnmarshaller.java:52) [xstream-1.4.20.jar:1.4.20]
	at com.thoughtworks.xstream.converters.collections.AbstractCollectionConverter.readBareItem(AbstractCollectionConverter.java:132) [xstream-1.4.20.jar:1.4.20]
	at org.apache.jmeter.save.converters.HashTreeConverter.unmarshal(HashTreeConverter.java:66) [ApacheJMeter_core.jar:5.6.3]
	at com.thoughtworks.xstream.core.TreeUnmarshaller.convert(TreeUnmarshaller.java:74) [xstream-1.4.20.jar:1.4.20]
	at com.thoughtworks.xstream.core.AbstractReferenceUnmarshaller.convert(AbstractReferenceUnmarshaller.java:72) [xstream-1.4.20.jar:1.4.20]
	at com.thoughtworks.xstream.core.TreeUnmarshaller.convertAnother(TreeUnmarshaller.java:68) [xstream-1.4.20.jar:1.4.20]
	at com.thoughtworks.xstream.core.TreeUnmarshaller.convertAnother(TreeUnmarshaller.java:52) [xstream-1.4.20.jar:1.4.20]
	at com.thoughtworks.xstream.converters.collections.AbstractCollectionConverter.readBareItem(AbstractCollectionConverter.java:132) [xstream-1.4.20.jar:1.4.20]
	at org.apache.jmeter.save.converters.HashTreeConverter.unmarshal(HashTreeConverter.java:66) [ApacheJMeter_core.jar:5.6.3]
	at com.thoughtworks.xstream.core.TreeUnmarshaller.convert(TreeUnmarshaller.java:74) [xstream-1.4.20.jar:1.4.20]
	at com.thoughtworks.xstream.core.AbstractReferenceUnmarshaller.convert(AbstractReferenceUnmarshaller.java:72) [xstream-1.4.20.jar:1.4.20]
	at com.thoughtworks.xstream.core.TreeUnmarshaller.convertAnother(TreeUnmarshaller.java:68) [xstream-1.4.20.jar:1.4.20]
	at com.thoughtworks.xstream.core.TreeUnmarshaller.convertAnother(TreeUnmarshaller.java:52) [xstream-1.4.20.jar:1.4.20]
	at org.apache.jmeter.save.ScriptWrapperConverter.unmarshal(ScriptWrapperConverter.java:93) [ApacheJMeter_core.jar:5.6.3]
	at com.thoughtworks.xstream.core.TreeUnmarshaller.convert(TreeUnmarshaller.java:74) [xstream-1.4.20.jar:1.4.20]
	at com.thoughtworks.xstream.core.AbstractReferenceUnmarshaller.convert(AbstractReferenceUnmarshaller.java:72) [xstream-1.4.20.jar:1.4.20]
	at com.thoughtworks.xstream.core.TreeUnmarshaller.convertAnother(TreeUnmarshaller.java:68) [xstream-1.4.20.jar:1.4.20]
	at com.thoughtworks.xstream.core.TreeUnmarshaller.convertAnother(TreeUnmarshaller.java:52) [xstream-1.4.20.jar:1.4.20]
	at com.thoughtworks.xstream.core.TreeUnmarshaller.start(TreeUnmarshaller.java:136) [xstream-1.4.20.jar:1.4.20]
	at com.thoughtworks.xstream.core.AbstractTreeMarshallingStrategy.unmarshal(AbstractTreeMarshallingStrategy.java:32) [xstream-1.4.20.jar:1.4.20]
	at com.thoughtworks.xstream.XStream.unmarshal(XStream.java:1464) [xstream-1.4.20.jar:1.4.20]
	at com.thoughtworks.xstream.XStream.unmarshal(XStream.java:1441) [xstream-1.4.20.jar:1.4.20]
	at com.thoughtworks.xstream.XStream.fromXML(XStream.java:1321) [xstream-1.4.20.jar:1.4.20]
	at org.apache.jmeter.save.SaveService.readTree(SaveService.java:446) [ApacheJMeter_core.jar:5.6.3]
	at org.apache.jmeter.save.SaveService.loadTree(SaveService.java:429) [ApacheJMeter_core.jar:5.6.3]
	at org.apache.jmeter.JMeter.runNonGui(JMeter.java:954) [ApacheJMeter_core.jar:5.6.3]
	at org.apache.jmeter.JMeter.startNonGui(JMeter.java:940) [ApacheJMeter_core.jar:5.6.3]
	at org.apache.jmeter.JMeter.start(JMeter.java:508) [ApacheJMeter_core.jar:5.6.3]
	at java.base/jdk.internal.reflect.DirectMethodHandleAccessor.invoke(DirectMethodHandleAccessor.java:103) ~[?:?]
	at java.base/java.lang.reflect.Method.invoke(Method.java:580) ~[?:?]
	at org.apache.jmeter.NewDriver.main(NewDriver.java:259) [ApacheJMeter.jar:5.6.3]
2026-10-09 09:47:43,776 ERROR o.a.j.s.c.TestElementPropertyConverter: Couldn't unmarshall TestElementProperty
java.lang.IllegalArgumentException: Name cannot be null
	at org.apache.jmeter.testelement.property.AbstractProperty.setName(AbstractProperty.java:72) ~[ApacheJMeter_core.jar:5.6.3]
	at org.apache.jmeter.save.converters.TestElementPropertyConverter.unmarshal(TestElementPropertyConverter.java:100) [ApacheJMeter_core.jar:5.6.3]
	at com.thoughtworks.xstream.core.TreeUnmarshaller.convert(TreeUnmarshaller.java:74) [xstream-1.4.20.jar:1.4.20]
	at com.thoughtworks.xstream.core.AbstractReferenceUnmarshaller.convert(AbstractReferenceUnmarshaller.java:72) [xstream-1.4.20.jar:1.4.20]
	at com.thoughtworks.xstream.core.TreeUnmarshaller.convertAnother(TreeUnmarshaller.java:68) [xstream-1.4.20.jar:1.4.20]
	at com.thoughtworks.xstream.core.TreeUnmarshaller.convertAnother(TreeUnmarshaller.java:52) [xstream-1.4.20.jar:1.4.20]
	at com.thoughtworks.xstream.converters.collections.AbstractCollectionConverter.readBareItem(AbstractCollectionConverter.java:132) [xstream-1.4.20.jar:1.4.20]
	at org.apache.jmeter.save.converters.MultiPropertyConverter.unmarshal(MultiPropertyConverter.java:68) [ApacheJMeter_core.jar:5.6.3]
	at com.thoughtworks.xstream.core.TreeUnmarshaller.convert(TreeUnmarshaller.java:74) [xstream-1.4.20.jar:1.4.20]
	at com.thoughtworks.xstream.core.AbstractReferenceUnmarshaller.convert(AbstractReferenceUnmarshaller.java:72) [xstream-1.4.20.jar:1.4.20]
	at com.thoughtworks.xstream.core.TreeUnmarshaller.convertAnother(TreeUnmarshaller.java:68) [xstream-1.4.20.jar:1.4.20]
	at com.thoughtworks.xstream.core.TreeUnmarshaller.convertAnother(TreeUnmarshaller.java:52) [xstream-1.4.20.jar:1.4.20]
	at com.thoughtworks.xstream.converters.collections.AbstractCollectionConverter.readBareItem(AbstractCollectionConverter.java:132) [xstream-1.4.20.jar:1.4.20]
	at org.apache.jmeter.save.converters.TestElementConverter.unmarshal(TestElementConverter.java:109) [ApacheJMeter_core.jar:5.6.3]
	at com.thoughtworks.xstream.core.TreeUnmarshaller.convert(TreeUnmarshaller.java:74) [xstream-1.4.20.jar:1.4.20]
	at com.thoughtworks.xstream.core.AbstractReferenceUnmarshaller.convert(AbstractReferenceUnmarshaller.java:72) [xstream-1.4.20.jar:1.4.20]
	at com.thoughtworks.xstream.core.TreeUnmarshaller.convertAnother(TreeUnmarshaller.java:68) [xstream-1.4.20.jar:1.4.20]
	at com.thoughtworks.xstream.core.TreeUnmarshaller.convertAnother(TreeUnmarshaller.java:52) [xstream-1.4.20.jar:1.4.20]
	at com.thoughtworks.xstream.converters.collections.AbstractCollectionConverter.readBareItem(AbstractCollectionConverter.java:132) [xstream-1.4.20.jar:1.4.20]
	at org.apache.jmeter.save.converters.HashTreeConverter.unmarshal(HashTreeConverter.java:66) [ApacheJMeter_core.jar:5.6.3]
	at com.thoughtworks.xstream.core.TreeUnmarshaller.convert(TreeUnmarshaller.java:74) [xstream-1.4.20.jar:1.4.20]
	at com.thoughtworks.xstream.core.AbstractReferenceUnmarshaller.convert(AbstractReferenceUnmarshaller.java:72) [xstream-1.4.20.jar:1.4.20]
	at com.thoughtworks.xstream.core.TreeUnmarshaller.convertAnother(TreeUnmarshaller.java:68) [xstream-1.4.20.jar:1.4.20]
	at com.thoughtworks.xstream.core.TreeUnmarshaller.convertAnother(TreeUnmarshaller.java:52) [xstream-1.4.20.jar:1.4.20]
	at com.thoughtworks.xstream.converters.collections.AbstractCollectionConverter.readBareItem(AbstractCollectionConverter.java:132) [xstream-1.4.20.jar:1.4.20]
	at org.apache.jmeter.save.converters.HashTreeConverter.unmarshal(HashTreeConverter.java:66) [ApacheJMeter_core.jar:5.6.3]
	at com.thoughtworks.xstream.core.TreeUnmarshaller.convert(TreeUnmarshaller.java:74) [xstream-1.4.20.jar:1.4.20]
	at com.thoughtworks.xstream.core.AbstractReferenceUnmarshaller.convert(AbstractReferenceUnmarshaller.java:72) [xstream-1.4.20.jar:1.4.20]
	at com.thoughtworks.xstream.core.TreeUnmarshaller.convertAnother(TreeUnmarshaller.java:68) [xstream-1.4.20.jar:1.4.20]
	at com.thoughtworks.xstream.core.TreeUnmarshaller.convertAnother(TreeUnmarshaller.java:52) [xstream-1.4.20.jar:1.4.20]
	at com.thoughtworks.xstream.converters.collections.AbstractCollectionConverter.readBareItem(AbstractCollectionConverter.java:132) [xstream-1.4.20.jar:1.4.20]
	at org.apache.jmeter.save.converters.HashTreeConverter.unmarshal(HashTreeConverter.java:66) [ApacheJMeter_core.jar:5.6.3]
	at com.thoughtworks.xstream.core.TreeUnmarshaller.convert(TreeUnmarshaller.java:74) [xstream-1.4.20.jar:1.4.20]
	at com.thoughtworks.xstream.core.AbstractReferenceUnmarshaller.convert(AbstractReferenceUnmarshaller.java:72) [xstream-1.4.20.jar:1.4.20]
	at com.thoughtworks.xstream.core.TreeUnmarshaller.convertAnother(TreeUnmarshaller.java:68) [xstream-1.4.20.jar:1.4.20]
	at com.thoughtworks.xstream.core.TreeUnmarshaller.convertAnother(TreeUnmarshaller.java:52) [xstream-1.4.20.jar:1.4.20]
	at com.thoughtworks.xstream.converters.collections.AbstractCollectionConverter.readBareItem(AbstractCollectionConverter.java:132) [xstream-1.4.20.jar:1.4.20]
	at org.apache.jmeter.save.converters.HashTreeConverter.unmarshal(HashTreeConverter.java:66) [ApacheJMeter_core.jar:5.6.3]
	at com.thoughtworks.xstream.core.TreeUnmarshaller.convert(TreeUnmarshaller.java:74) [xstream-1.4.20.jar:1.4.20]
	at com.thoughtworks.xstream.core.AbstractReferenceUnmarshaller.convert(AbstractReferenceUnmarshaller.java:72) [xstream-1.4.20.jar:1.4.20]
	at com.thoughtworks.xstream.core.TreeUnmarshaller.convertAnother(TreeUnmarshaller.java:68) [xstream-1.4.20.jar:1.4.20]
	at com.thoughtworks.xstream.core.TreeUnmarshaller.convertAnother(TreeUnmarshaller.java:52) [xstream-1.4.20.jar:1.4.20]
	at org.apache.jmeter.save.ScriptWrapperConverter.unmarshal(ScriptWrapperConverter.java:93) [ApacheJMeter_core.jar:5.6.3]
	at com.thoughtworks.xstream.core.TreeUnmarshaller.convert(TreeUnmarshaller.java:74) [xstream-1.4.20.jar:1.4.20]
	at com.thoughtworks.xstream.core.AbstractReferenceUnmarshaller.convert(AbstractReferenceUnmarshaller.java:72) [xstream-1.4.20.jar:1.4.20]
	at com.thoughtworks.xstream.core.TreeUnmarshaller.convertAnother(TreeUnmarshaller.java:68) [xstream-1.4.20.jar:1.4.20]
	at com.thoughtworks.xstream.core.TreeUnmarshaller.convertAnother(TreeUnmarshaller.java:52) [xstream-1.4.20.jar:1.4.20]
	at com.thoughtworks.xstream.core.TreeUnmarshaller.start(TreeUnmarshaller.java:136) [xstream-1.4.20.jar:1.4.20]
	at com.thoughtworks.xstream.core.AbstractTreeMarshallingStrategy.unmarshal(AbstractTreeMarshallingStrategy.java:32) [xstream-1.4.20.jar:1.4.20]
	at com.thoughtworks.xstream.XStream.unmarshal(XStream.java:1464) [xstream-1.4.20.jar:1.4.20]
	at com.thoughtworks.xstream.XStream.unmarshal(XStream.java:1441) [xstream-1.4.20.jar:1.4.20]
	at com.thoughtworks.xstream.XStream.fromXML(XStream.java:1321) [xstream-1.4.20.jar:1.4.20]
	at org.apache.jmeter.save.SaveService.readTree(SaveService.java:446) [ApacheJMeter_core.jar:5.6.3]
	at org.apache.jmeter.save.SaveService.loadTree(SaveService.java:429) [ApacheJMeter_core.jar:5.6.3]
	at org.apache.jmeter.JMeter.runNonGui(JMeter.java:954) [ApacheJMeter_core.jar:5.6.3]
	at org.apache.jmeter.JMeter.startNonGui(JMeter.java:940) [ApacheJMeter_core.jar:5.6.3]
	at org.apache.jmeter.JMeter.start(JMeter.java:508) [ApacheJMeter_core.jar:5.6.3]
	at java.base/jdk.internal.reflect.DirectMethodHandleAccessor.invoke(DirectMethodHandleAccessor.java:103) ~[?:?]
	at java.base/java.lang.reflect.Method.invoke(Method.java:580) ~[?:?]
	at org.apache.jmeter.NewDriver.main(NewDriver.java:259) [ApacheJMeter.jar:5.6.3]
2026-10-09 09:47:43,778 ERROR o.a.j.s.c.TestElementPropertyConverter: Couldn't unmarshall TestElementProperty
java.lang.IllegalArgumentException: Name cannot be null
	at org.apache.jmeter.testelement.property.AbstractProperty.setName(AbstractProperty.java:72) ~[ApacheJMeter_core.jar:5.6.3]
	at org.apache.jmeter.save.converters.TestElementPropertyConverter.unmarshal(TestElementPropertyConverter.java:100) [ApacheJMeter_core.jar:5.6.3]
	at com.thoughtworks.xstream.core.TreeUnmarshaller.convert(TreeUnmarshaller.java:74) [xstream-1.4.20.jar:1.4.20]
	at com.thoughtworks.xstream.core.AbstractReferenceUnmarshaller.convert(AbstractReferenceUnmarshaller.java:72) [xstream-1.4.20.jar:1.4.20]
	at com.thoughtworks.xstream.core.TreeUnmarshaller.convertAnother(TreeUnmarshaller.java:68) [xstream-1.4.20.jar:1.4.20]
	at com.thoughtworks.xstream.core.TreeUnmarshaller.convertAnother(TreeUnmarshaller.java:52) [xstream-1.4.20.jar:1.4.20]
	at com.thoughtworks.xstream.converters.collections.AbstractCollectionConverter.readBareItem(AbstractCollectionConverter.java:132) [xstream-1.4.20.jar:1.4.20]
	at org.apache.jmeter.save.converters.MultiPropertyConverter.unmarshal(MultiPropertyConverter.java:68) [ApacheJMeter_core.jar:5.6.3]
	at com.thoughtworks.xstream.core.TreeUnmarshaller.convert(TreeUnmarshaller.java:74) [xstream-1.4.20.jar:1.4.20]
	at com.thoughtworks.xstream.core.AbstractReferenceUnmarshaller.convert(AbstractReferenceUnmarshaller.java:72) [xstream-1.4.20.jar:1.4.20]
	at com.thoughtworks.xstream.core.TreeUnmarshaller.convertAnother(TreeUnmarshaller.java:68) [xstream-1.4.20.jar:1.4.20]
	at com.thoughtworks.xstream.core.TreeUnmarshaller.convertAnother(TreeUnmarshaller.java:52) [xstream-1.4.20.jar:1.4.20]
	at com.thoughtworks.xstream.converters.collections.AbstractCollectionConverter.readBareItem(AbstractCollectionConverter.java:132) [xstream-1.4.20.jar:1.4.20]
	at org.apache.jmeter.save.converters.TestElementConverter.unmarshal(TestElementConverter.java:109) [ApacheJMeter_core.jar:5.6.3]
	at com.thoughtworks.xstream.core.TreeUnmarshaller.convert(TreeUnmarshaller.java:74) [xstream-1.4.20.jar:1.4.20]
	at com.thoughtworks.xstream.core.AbstractReferenceUnmarshaller.convert(AbstractReferenceUnmarshaller.java:72) [xstream-1.4.20.jar:1.4.20]
	at com.thoughtworks.xstream.core.TreeUnmarshaller.convertAnother(TreeUnmarshaller.java:68) [xstream-1.4.20.jar:1.4.20]
	at com.thoughtworks.xstream.core.TreeUnmarshaller.convertAnother(TreeUnmarshaller.java:52) [xstream-1.4.20.jar:1.4.20]
	at com.thoughtworks.xstream.converters.collections.AbstractCollectionConverter.readBareItem(AbstractCollectionConverter.java:132) [xstream-1.4.20.jar:1.4.20]
	at org.apache.jmeter.save.converters.HashTreeConverter.unmarshal(HashTreeConverter.java:66) [ApacheJMeter_core.jar:5.6.3]
	at com.thoughtworks.xstream.core.TreeUnmarshaller.convert(TreeUnmarshaller.java:74) [xstream-1.4.20.jar:1.4.20]
	at com.thoughtworks.xstream.core.AbstractReferenceUnmarshaller.convert(AbstractReferenceUnmarshaller.java:72) [xstream-1.4.20.jar:1.4.20]
	at com.thoughtworks.xstream.core.TreeUnmarshaller.convertAnother(TreeUnmarshaller.java:68) [xstream-1.4.20.jar:1.4.20]
	at com.thoughtworks.xstream.core.TreeUnmarshaller.convertAnother(TreeUnmarshaller.java:52) [xstream-1.4.20.jar:1.4.20]
	at com.thoughtworks.xstream.converters.collections.AbstractCollectionConverter.readBareItem(AbstractCollectionConverter.java:132) [xstream-1.4.20.jar:1.4.20]
	at org.apache.jmeter.save.converters.HashTreeConverter.unmarshal(HashTreeConverter.java:66) [ApacheJMeter_core.jar:5.6.3]
	at com.thoughtworks.xstream.core.TreeUnmarshaller.convert(TreeUnmarshaller.java:74) [xstream-1.4.20.jar:1.4.20]
	at com.thoughtworks.xstream.core.AbstractReferenceUnmarshaller.convert(AbstractReferenceUnmarshaller.java:72) [xstream-1.4.20.jar:1.4.20]
	at com.thoughtworks.xstream.core.TreeUnmarshaller.convertAnother(TreeUnmarshaller.java:68) [xstream-1.4.20.jar:1.4.20]
	at com.thoughtworks.xstream.core.TreeUnmarshaller.convertAnother(TreeUnmarshaller.java:52) [xstream-1.4.20.jar:1.4.20]
	at com.thoughtworks.xstream.converters.collections.AbstractCollectionConverter.readBareItem(AbstractCollectionConverter.java:132) [xstream-1.4.20.jar:1.4.20]
	at org.apache.jmeter.save.converters.HashTreeConverter.unmarshal(HashTreeConverter.java:66) [ApacheJMeter_core.jar:5.6.3]
	at com.thoughtworks.xstream.core.TreeUnmarshaller.convert(TreeUnmarshaller.java:74) [xstream-1.4.20.jar:1.4.20]
	at com.thoughtworks.xstream.core.AbstractReferenceUnmarshaller.convert(AbstractReferenceUnmarshaller.java:72) [xstream-1.4.20.jar:1.4.20]
	at com.thoughtworks.xstream.core.TreeUnmarshaller.convertAnother(TreeUnmarshaller.java:68) [xstream-1.4.20.jar:1.4.20]
	at com.thoughtworks.xstream.core.TreeUnmarshaller.convertAnother(TreeUnmarshaller.java:52) [xstream-1.4.20.jar:1.4.20]
	at com.thoughtworks.xstream.converters.collections.AbstractCollectionConverter.readBareItem(AbstractCollectionConverter.java:132) [xstream-1.4.20.jar:1.4.20]
	at org.apache.jmeter.save.converters.HashTreeConverter.unmarshal(HashTreeConverter.java:66) [ApacheJMeter_core.jar:5.6.3]
	at com.thoughtworks.xstream.core.TreeUnmarshaller.convert(TreeUnmarshaller.java:74) [xstream-1.4.20.jar:1.4.20]
	at com.thoughtworks.xstream.core.AbstractReferenceUnmarshaller.convert(AbstractReferenceUnmarshaller.java:72) [xstream-1.4.20.jar:1.4.20]
	at com.thoughtworks.xstream.core.TreeUnmarshaller.convertAnother(TreeUnmarshaller.java:68) [xstream-1.4.20.jar:1.4.20]
	at com.thoughtworks.xstream.core.TreeUnmarshaller.convertAnother(TreeUnmarshaller.java:52) [xstream-1.4.20.jar:1.4.20]
	at org.apache.jmeter.save.ScriptWrapperConverter.unmarshal(ScriptWrapperConverter.java:93) [ApacheJMeter_core.jar:5.6.3]
	at com.thoughtworks.xstream.core.TreeUnmarshaller.convert(TreeUnmarshaller.java:74) [xstream-1.4.20.jar:1.4.20]
	at com.thoughtworks.xstream.core.AbstractReferenceUnmarshaller.convert(AbstractReferenceUnmarshaller.java:72) [xstream-1.4.20.jar:1.4.20]
	at com.thoughtworks.xstream.core.TreeUnmarshaller.convertAnother(TreeUnmarshaller.java:68) [xstream-1.4.20.jar:1.4.20]
	at com.thoughtworks.xstream.core.TreeUnmarshaller.convertAnother(TreeUnmarshaller.java:52) [xstream-1.4.20.jar:1.4.20]
	at com.thoughtworks.xstream.core.TreeUnmarshaller.start(TreeUnmarshaller.java:136) [xstream-1.4.20.jar:1.4.20]
	at com.thoughtworks.xstream.core.AbstractTreeMarshallingStrategy.unmarshal(AbstractTreeMarshallingStrategy.java:32) [xstream-1.4.20.jar:1.4.20]
	at com.thoughtworks.xstream.XStream.unmarshal(XStream.java:1464) [xstream-1.4.20.jar:1.4.20]
	at com.thoughtworks.xstream.XStream.unmarshal(XStream.java:1441) [xstream-1.4.20.jar:1.4.20]
	at com.thoughtworks.xstream.XStream.fromXML(XStream.java:1321) [xstream-1.4.20.jar:1.4.20]
	at org.apache.jmeter.save.SaveService.readTree(SaveService.java:446) [ApacheJMeter_core.jar:5.6.3]
	at org.apache.jmeter.save.SaveService.loadTree(SaveService.java:429) [ApacheJMeter_core.jar:5.6.3]
	at org.apache.jmeter.JMeter.runNonGui(JMeter.java:954) [ApacheJMeter_core.jar:5.6.3]
	at org.apache.jmeter.JMeter.startNonGui(JMeter.java:940) [ApacheJMeter_core.jar:5.6.3]
	at org.apache.jmeter.JMeter.start(JMeter.java:508) [ApacheJMeter_core.jar:5.6.3]
	at java.base/jdk.internal.reflect.DirectMethodHandleAccessor.invoke(DirectMethodHandleAccessor.java:103) ~[?:?]
	at java.base/java.lang.reflect.Method.invoke(Method.java:580) ~[?:?]
	at org.apache.jmeter.NewDriver.main(NewDriver.java:259) [ApacheJMeter.jar:5.6.3]
2026-10-09 09:47:43,780 ERROR o.a.j.s.c.TestElementPropertyConverter: Couldn't unmarshall TestElementProperty
java.lang.IllegalArgumentException: Name cannot be null
	at org.apache.jmeter.testelement.property.AbstractProperty.setName(AbstractProperty.java:72) ~[ApacheJMeter_core.jar:5.6.3]
	at org.apache.jmeter.save.converters.TestElementPropertyConverter.unmarshal(TestElementPropertyConverter.java:100) [ApacheJMeter_core.jar:5.6.3]
	at com.thoughtworks.xstream.core.TreeUnmarshaller.convert(TreeUnmarshaller.java:74) [xstream-1.4.20.jar:1.4.20]
	at com.thoughtworks.xstream.core.AbstractReferenceUnmarshaller.convert(AbstractReferenceUnmarshaller.java:72) [xstream-1.4.20.jar:1.4.20]
	at com.thoughtworks.xstream.core.TreeUnmarshaller.convertAnother(TreeUnmarshaller.java:68) [xstream-1.4.20.jar:1.4.20]
	at com.thoughtworks.xstream.core.TreeUnmarshaller.convertAnother(TreeUnmarshaller.java:52) [xstream-1.4.20.jar:1.4.20]
	at com.thoughtworks.xstream.converters.collections.AbstractCollectionConverter.readBareItem(AbstractCollectionConverter.java:132) [xstream-1.4.20.jar:1.4.20]
	at org.apache.jmeter.save.converters.MultiPropertyConverter.unmarshal(MultiPropertyConverter.java:68) [ApacheJMeter_core.jar:5.6.3]
	at com.thoughtworks.xstream.core.TreeUnmarshaller.convert(TreeUnmarshaller.java:74) [xstream-1.4.20.jar:1.4.20]
	at com.thoughtworks.xstream.core.AbstractReferenceUnmarshaller.convert(AbstractReferenceUnmarshaller.java:72) [xstream-1.4.20.jar:1.4.20]
	at com.thoughtworks.xstream.core.TreeUnmarshaller.convertAnother(TreeUnmarshaller.java:68) [xstream-1.4.20.jar:1.4.20]
	at com.thoughtworks.xstream.core.TreeUnmarshaller.convertAnother(TreeUnmarshaller.java:52) [xstream-1.4.20.jar:1.4.20]
	at com.thoughtworks.xstream.converters.collections.AbstractCollectionConverter.readBareItem(AbstractCollectionConverter.java:132) [xstream-1.4.20.jar:1.4.20]
	at org.apache.jmeter.save.converters.TestElementConverter.unmarshal(TestElementConverter.java:109) [ApacheJMeter_core.jar:5.6.3]
	at com.thoughtworks.xstream.core.TreeUnmarshaller.convert(TreeUnmarshaller.java:74) [xstream-1.4.20.jar:1.4.20]
	at com.thoughtworks.xstream.core.AbstractReferenceUnmarshaller.convert(AbstractReferenceUnmarshaller.java:72) [xstream-1.4.20.jar:1.4.20]
	at com.thoughtworks.xstream.core.TreeUnmarshaller.convertAnother(TreeUnmarshaller.java:68) [xstream-1.4.20.jar:1.4.20]
	at com.thoughtworks.xstream.core.TreeUnmarshaller.convertAnother(TreeUnmarshaller.java:52) [xstream-1.4.20.jar:1.4.20]
	at com.thoughtworks.xstream.converters.collections.AbstractCollectionConverter.readBareItem(AbstractCollectionConverter.java:132) [xstream-1.4.20.jar:1.4.20]
	at org.apache.jmeter.save.converters.HashTreeConverter.unmarshal(HashTreeConverter.java:66) [ApacheJMeter_core.jar:5.6.3]
	at com.thoughtworks.xstream.core.TreeUnmarshaller.convert(TreeUnmarshaller.java:74) [xstream-1.4.20.jar:1.4.20]
	at com.thoughtworks.xstream.core.AbstractReferenceUnmarshaller.convert(AbstractReferenceUnmarshaller.java:72) [xstream-1.4.20.jar:1.4.20]
	at com.thoughtworks.xstream.core.TreeUnmarshaller.convertAnother(TreeUnmarshaller.java:68) [xstream-1.4.20.jar:1.4.20]
	at com.thoughtworks.xstream.core.TreeUnmarshaller.convertAnother(TreeUnmarshaller.java:52) [xstream-1.4.20.jar:1.4.20]
	at com.thoughtworks.xstream.converters.collections.AbstractCollectionConverter.readBareItem(AbstractCollectionConverter.java:132) [xstream-1.4.20.jar:1.4.20]
	at org.apache.jmeter.save.converters.HashTreeConverter.unmarshal(HashTreeConverter.java:66) [ApacheJMeter_core.jar:5.6.3]
	at com.thoughtworks.xstream.core.TreeUnmarshaller.convert(TreeUnmarshaller.java:74) [xstream-1.4.20.jar:1.4.20]
	at com.thoughtworks.xstream.core.AbstractReferenceUnmarshaller.convert(AbstractReferenceUnmarshaller.java:72) [xstream-1.4.20.jar:1.4.20]
	at com.thoughtworks.xstream.core.TreeUnmarshaller.convertAnother(TreeUnmarshaller.java:68) [xstream-1.4.20.jar:1.4.20]
	at com.thoughtworks.xstream.core.TreeUnmarshaller.convertAnother(TreeUnmarshaller.java:52) [xstream-1.4.20.jar:1.4.20]
	at com.thoughtworks.xstream.converters.collections.AbstractCollectionConverter.readBareItem(AbstractCollectionConverter.java:132) [xstream-1.4.20.jar:1.4.20]
	at org.apache.jmeter.save.converters.HashTreeConverter.unmarshal(HashTreeConverter.java:66) [ApacheJMeter_core.jar:5.6.3]
	at com.thoughtworks.xstream.core.TreeUnmarshaller.convert(TreeUnmarshaller.java:74) [xstream-1.4.20.jar:1.4.20]
	at com.thoughtworks.xstream.core.AbstractReferenceUnmarshaller.convert(AbstractReferenceUnmarshaller.java:72) [xstream-1.4.20.jar:1.4.20]
	at com.thoughtworks.xstream.core.TreeUnmarshaller.convertAnother(TreeUnmarshaller.java:68) [xstream-1.4.20.jar:1.4.20]
	at com.thoughtworks.xstream.core.TreeUnmarshaller.convertAnother(TreeUnmarshaller.java:52) [xstream-1.4.20.jar:1.4.20]
	at com.thoughtworks.xstream.converters.collections.AbstractCollectionConverter.readBareItem(AbstractCollectionConverter.java:132) [xstream-1.4.20.jar:1.4.20]
	at org.apache.jmeter.save.converters.HashTreeConverter.unmarshal(HashTreeConverter.java:66) [ApacheJMeter_core.jar:5.6.3]
	at com.thoughtworks.xstream.core.TreeUnmarshaller.convert(TreeUnmarshaller.java:74) [xstream-1.4.20.jar:1.4.20]
	at com.thoughtworks.xstream.core.AbstractReferenceUnmarshaller.convert(AbstractReferenceUnmarshaller.java:72) [xstream-1.4.20.jar:1.4.20]
	at com.thoughtworks.xstream.core.TreeUnmarshaller.convertAnother(TreeUnmarshaller.java:68) [xstream-1.4.20.jar:1.4.20]
	at com.thoughtworks.xstream.core.TreeUnmarshaller.convertAnother(TreeUnmarshaller.java:52) [xstream-1.4.20.jar:1.4.20]
	at org.apache.jmeter.save.ScriptWrapperConverter.unmarshal(ScriptWrapperConverter.java:93) [ApacheJMeter_core.jar:5.6.3]
	at com.thoughtworks.xstream.core.TreeUnmarshaller.convert(TreeUnmarshaller.java:74) [xstream-1.4.20.jar:1.4.20]
	at com.thoughtworks.xstream.core.AbstractReferenceUnmarshaller.convert(AbstractReferenceUnmarshaller.java:72) [xstream-1.4.20.jar:1.4.20]
	at com.thoughtworks.xstream.core.TreeUnmarshaller.convertAnother(TreeUnmarshaller.java:68) [xstream-1.4.20.jar:1.4.20]
	at com.thoughtworks.xstream.core.TreeUnmarshaller.convertAnother(TreeUnmarshaller.java:52) [xstream-1.4.20.jar:1.4.20]
	at com.thoughtworks.xstream.core.TreeUnmarshaller.start(TreeUnmarshaller.java:136) [xstream-1.4.20.jar:1.4.20]
	at com.thoughtworks.xstream.core.AbstractTreeMarshallingStrategy.unmarshal(AbstractTreeMarshallingStrategy.java:32) [xstream-1.4.20.jar:1.4.20]
	at com.thoughtworks.xstream.XStream.unmarshal(XStream.java:1464) [xstream-1.4.20.jar:1.4.20]
	at com.thoughtworks.xstream.XStream.unmarshal(XStream.java:1441) [xstream-1.4.20.jar:1.4.20]
	at com.thoughtworks.xstream.XStream.fromXML(XStream.java:1321) [xstream-1.4.20.jar:1.4.20]
	at org.apache.jmeter.save.SaveService.readTree(SaveService.java:446) [ApacheJMeter_core.jar:5.6.3]
	at org.apache.jmeter.save.SaveService.loadTree(SaveService.java:429) [ApacheJMeter_core.jar:5.6.3]
	at org.apache.jmeter.JMeter.runNonGui(JMeter.java:954) [ApacheJMeter_core.jar:5.6.3]
	at org.apache.jmeter.JMeter.startNonGui(JMeter.java:940) [ApacheJMeter_core.jar:5.6.3]
	at org.apache.jmeter.JMeter.start(JMeter.java:508) [ApacheJMeter_core.jar:5.6.3]
	at java.base/jdk.internal.reflect.DirectMethodHandleAccessor.invoke(DirectMethodHandleAccessor.java:103) ~[?:?]
	at java.base/java.lang.reflect.Method.invoke(Method.java:580) ~[?:?]
	at org.apache.jmeter.NewDriver.main(NewDriver.java:259) [ApacheJMeter.jar:5.6.3]
2026-10-09 09:47:43,782 ERROR o.a.j.s.c.TestElementPropertyConverter: Couldn't unmarshall TestElementProperty
java.lang.IllegalArgumentException: Name cannot be null
	at org.apache.jmeter.testelement.property.AbstractProperty.setName(AbstractProperty.java:72) ~[ApacheJMeter_core.jar:5.6.3]
	at org.apache.jmeter.save.converters.TestElementPropertyConverter.unmarshal(TestElementPropertyConverter.java:100) [ApacheJMeter_core.jar:5.6.3]
	at com.thoughtworks.xstream.core.TreeUnmarshaller.convert(TreeUnmarshaller.java:74) [xstream-1.4.20.jar:1.4.20]
	at com.thoughtworks.xstream.core.AbstractReferenceUnmarshaller.convert(AbstractReferenceUnmarshaller.java:72) [xstream-1.4.20.jar:1.4.20]
	at com.thoughtworks.xstream.core.TreeUnmarshaller.convertAnother(TreeUnmarshaller.java:68) [xstream-1.4.20.jar:1.4.20]
	at com.thoughtworks.xstream.core.TreeUnmarshaller.convertAnother(TreeUnmarshaller.java:52) [xstream-1.4.20.jar:1.4.20]
	at com.thoughtworks.xstream.converters.collections.AbstractCollectionConverter.readBareItem(AbstractCollectionConverter.java:132) [xstream-1.4.20.jar:1.4.20]
	at org.apache.jmeter.save.converters.MultiPropertyConverter.unmarshal(MultiPropertyConverter.java:68) [ApacheJMeter_core.jar:5.6.3]
	at com.thoughtworks.xstream.core.TreeUnmarshaller.convert(TreeUnmarshaller.java:74) [xstream-1.4.20.jar:1.4.20]
	at com.thoughtworks.xstream.core.AbstractReferenceUnmarshaller.convert(AbstractReferenceUnmarshaller.java:72) [xstream-1.4.20.jar:1.4.20]
	at com.thoughtworks.xstream.core.TreeUnmarshaller.convertAnother(TreeUnmarshaller.java:68) [xstream-1.4.20.jar:1.4.20]
	at com.thoughtworks.xstream.core.TreeUnmarshaller.convertAnother(TreeUnmarshaller.java:52) [xstream-1.4.20.jar:1.4.20]
	at com.thoughtworks.xstream.converters.collections.AbstractCollectionConverter.readBareItem(AbstractCollectionConverter.java:132) [xstream-1.4.20.jar:1.4.20]
	at org.apache.jmeter.save.converters.TestElementConverter.unmarshal(TestElementConverter.java:109) [ApacheJMeter_core.jar:5.6.3]
	at com.thoughtworks.xstream.core.TreeUnmarshaller.convert(TreeUnmarshaller.java:74) [xstream-1.4.20.jar:1.4.20]
	at com.thoughtworks.xstream.core.AbstractReferenceUnmarshaller.convert(AbstractReferenceUnmarshaller.java:72) [xstream-1.4.20.jar:1.4.20]
	at com.thoughtworks.xstream.core.TreeUnmarshaller.convertAnother(TreeUnmarshaller.java:68) [xstream-1.4.20.jar:1.4.20]
	at com.thoughtworks.xstream.core.TreeUnmarshaller.convertAnother(TreeUnmarshaller.java:52) [xstream-1.4.20.jar:1.4.20]
	at com.thoughtworks.xstream.converters.collections.AbstractCollectionConverter.readBareItem(AbstractCollectionConverter.java:132) [xstream-1.4.20.jar:1.4.20]
	at org.apache.jmeter.save.converters.HashTreeConverter.unmarshal(HashTreeConverter.java:66) [ApacheJMeter_core.jar:5.6.3]
	at com.thoughtworks.xstream.core.TreeUnmarshaller.convert(TreeUnmarshaller.java:74) [xstream-1.4.20.jar:1.4.20]
	at com.thoughtworks.xstream.core.AbstractReferenceUnmarshaller.convert(AbstractReferenceUnmarshaller.java:72) [xstream-1.4.20.jar:1.4.20]
	at com.thoughtworks.xstream.core.TreeUnmarshaller.convertAnother(TreeUnmarshaller.java:68) [xstream-1.4.20.jar:1.4.20]
	at com.thoughtworks.xstream.core.TreeUnmarshaller.convertAnother(TreeUnmarshaller.java:52) [xstream-1.4.20.jar:1.4.20]
	at com.thoughtworks.xstream.converters.collections.AbstractCollectionConverter.readBareItem(AbstractCollectionConverter.java:132) [xstream-1.4.20.jar:1.4.20]
	at org.apache.jmeter.save.converters.HashTreeConverter.unmarshal(HashTreeConverter.java:66) [ApacheJMeter_core.jar:5.6.3]
	at com.thoughtworks.xstream.core.TreeUnmarshaller.convert(TreeUnmarshaller.java:74) [xstream-1.4.20.jar:1.4.20]
	at com.thoughtworks.xstream.core.AbstractReferenceUnmarshaller.convert(AbstractReferenceUnmarshaller.java:72) [xstream-1.4.20.jar:1.4.20]
	at com.thoughtworks.xstream.core.TreeUnmarshaller.convertAnother(TreeUnmarshaller.java:68) [xstream-1.4.20.jar:1.4.20]
	at com.thoughtworks.xstream.core.TreeUnmarshaller.convertAnother(TreeUnmarshaller.java:52) [xstream-1.4.20.jar:1.4.20]
	at com.thoughtworks.xstream.converters.collections.AbstractCollectionConverter.readBareItem(AbstractCollectionConverter.java:132) [xstream-1.4.20.jar:1.4.20]
	at org.apache.jmeter.save.converters.HashTreeConverter.unmarshal(HashTreeConverter.java:66) [ApacheJMeter_core.jar:5.6.3]
	at com.thoughtworks.xstream.core.TreeUnmarshaller.convert(TreeUnmarshaller.java:74) [xstream-1.4.20.jar:1.4.20]
	at com.thoughtworks.xstream.core.AbstractReferenceUnmarshaller.convert(AbstractReferenceUnmarshaller.java:72) [xstream-1.4.20.jar:1.4.20]
	at com.thoughtworks.xstream.core.TreeUnmarshaller.convertAnother(TreeUnmarshaller.java:68) [xstream-1.4.20.jar:1.4.20]
	at com.thoughtworks.xstream.core.TreeUnmarshaller.convertAnother(TreeUnmarshaller.java:52) [xstream-1.4.20.jar:1.4.20]
	at com.thoughtworks.xstream.converters.collections.AbstractCollectionConverter.readBareItem(AbstractCollectionConverter.java:132) [xstream-1.4.20.jar:1.4.20]
	at org.apache.jmeter.save.converters.HashTreeConverter.unmarshal(HashTreeConverter.java:66) [ApacheJMeter_core.jar:5.6.3]
	at com.thoughtworks.xstream.core.TreeUnmarshaller.convert(TreeUnmarshaller.java:74) [xstream-1.4.20.jar:1.4.20]
	at com.thoughtworks.xstream.core.AbstractReferenceUnmarshaller.convert(AbstractReferenceUnmarshaller.java:72) [xstream-1.4.20.jar:1.4.20]
	at com.thoughtworks.xstream.core.TreeUnmarshaller.convertAnother(TreeUnmarshaller.java:68) [xstream-1.4.20.jar:1.4.20]
	at com.thoughtworks.xstream.core.TreeUnmarshaller.convertAnother(TreeUnmarshaller.java:52) [xstream-1.4.20.jar:1.4.20]
	at org.apache.jmeter.save.ScriptWrapperConverter.unmarshal(ScriptWrapperConverter.java:93) [ApacheJMeter_core.jar:5.6.3]
	at com.thoughtworks.xstream.core.TreeUnmarshaller.convert(TreeUnmarshaller.java:74) [xstream-1.4.20.jar:1.4.20]
	at com.thoughtworks.xstream.core.AbstractReferenceUnmarshaller.convert(AbstractReferenceUnmarshaller.java:72) [xstream-1.4.20.jar:1.4.20]
	at com.thoughtworks.xstream.core.TreeUnmarshaller.convertAnother(TreeUnmarshaller.java:68) [xstream-1.4.20.jar:1.4.20]
	at com.thoughtworks.xstream.core.TreeUnmarshaller.convertAnother(TreeUnmarshaller.java:52) [xstream-1.4.20.jar:1.4.20]
	at com.thoughtworks.xstream.core.TreeUnmarshaller.start(TreeUnmarshaller.java:136) [xstream-1.4.20.jar:1.4.20]
	at com.thoughtworks.xstream.core.AbstractTreeMarshallingStrategy.unmarshal(AbstractTreeMarshallingStrategy.java:32) [xstream-1.4.20.jar:1.4.20]
	at com.thoughtworks.xstream.XStream.unmarshal(XStream.java:1464) [xstream-1.4.20.jar:1.4.20]
	at com.thoughtworks.xstream.XStream.unmarshal(XStream.java:1441) [xstream-1.4.20.jar:1.4.20]
	at com.thoughtworks.xstream.XStream.fromXML(XStream.java:1321) [xstream-1.4.20.jar:1.4.20]
	at org.apache.jmeter.save.SaveService.readTree(SaveService.java:446) [ApacheJMeter_core.jar:5.6.3]
	at org.apache.jmeter.save.SaveService.loadTree(SaveService.java:429) [ApacheJMeter_core.jar:5.6.3]
	at org.apache.jmeter.JMeter.runNonGui(JMeter.java:954) [ApacheJMeter_core.jar:5.6.3]
	at org.apache.jmeter.JMeter.startNonGui(JMeter.java:940) [ApacheJMeter_core.jar:5.6.3]
	at org.apache.jmeter.JMeter.start(JMeter.java:508) [ApacheJMeter_core.jar:5.6.3]
	at java.base/jdk.internal.reflect.DirectMethodHandleAccessor.invoke(DirectMethodHandleAccessor.java:103) ~[?:?]
	at java.base/java.lang.reflect.Method.invoke(Method.java:580) ~[?:?]
	at org.apache.jmeter.NewDriver.main(NewDriver.java:259) [ApacheJMeter.jar:5.6.3]
2026-10-09 09:47:43,782 ERROR o.a.j.s.c.TestElementPropertyConverter: Couldn't unmarshall TestElementProperty
java.lang.IllegalArgumentException: Name cannot be null
	at org.apache.jmeter.testelement.property.AbstractProperty.setName(AbstractProperty.java:72) ~[ApacheJMeter_core.jar:5.6.3]
	at org.apache.jmeter.save.converters.TestElementPropertyConverter.unmarshal(TestElementPropertyConverter.java:100) [ApacheJMeter_core.jar:5.6.3]
	at com.thoughtworks.xstream.core.TreeUnmarshaller.convert(TreeUnmarshaller.java:74) [xstream-1.4.20.jar:1.4.20]
	at com.thoughtworks.xstream.core.AbstractReferenceUnmarshaller.convert(AbstractReferenceUnmarshaller.java:72) [xstream-1.4.20.jar:1.4.20]
	at com.thoughtworks.xstream.core.TreeUnmarshaller.convertAnother(TreeUnmarshaller.java:68) [xstream-1.4.20.jar:1.4.20]
	at com.thoughtworks.xstream.core.TreeUnmarshaller.convertAnother(TreeUnmarshaller.java:52) [xstream-1.4.20.jar:1.4.20]
	at com.thoughtworks.xstream.converters.collections.AbstractCollectionConverter.readBareItem(AbstractCollectionConverter.java:132) [xstream-1.4.20.jar:1.4.20]
	at org.apache.jmeter.save.converters.MultiPropertyConverter.unmarshal(MultiPropertyConverter.java:68) [ApacheJMeter_core.jar:5.6.3]
	at com.thoughtworks.xstream.core.TreeUnmarshaller.convert(TreeUnmarshaller.java:74) [xstream-1.4.20.jar:1.4.20]
	at com.thoughtworks.xstream.core.AbstractReferenceUnmarshaller.convert(AbstractReferenceUnmarshaller.java:72) [xstream-1.4.20.jar:1.4.20]
	at com.thoughtworks.xstream.core.TreeUnmarshaller.convertAnother(TreeUnmarshaller.java:68) [xstream-1.4.20.jar:1.4.20]
	at com.thoughtworks.xstream.core.TreeUnmarshaller.convertAnother(TreeUnmarshaller.java:52) [xstream-1.4.20.jar:1.4.20]
	at com.thoughtworks.xstream.converters.collections.AbstractCollectionConverter.readBareItem(AbstractCollectionConverter.java:132) [xstream-1.4.20.jar:1.4.20]
	at org.apache.jmeter.save.converters.TestElementConverter.unmarshal(TestElementConverter.java:109) [ApacheJMeter_core.jar:5.6.3]
	at com.thoughtworks.xstream.core.TreeUnmarshaller.convert(TreeUnmarshaller.java:74) [xstream-1.4.20.jar:1.4.20]
	at com.thoughtworks.xstream.core.AbstractReferenceUnmarshaller.convert(AbstractReferenceUnmarshaller.java:72) [xstream-1.4.20.jar:1.4.20]
	at com.thoughtworks.xstream.core.TreeUnmarshaller.convertAnother(TreeUnmarshaller.java:68) [xstream-1.4.20.jar:1.4.20]
	at com.thoughtworks.xstream.core.TreeUnmarshaller.convertAnother(TreeUnmarshaller.java:52) [xstream-1.4.20.jar:1.4.20]
	at com.thoughtworks.xstream.converters.collections.AbstractCollectionConverter.readBareItem(AbstractCollectionConverter.java:132) [xstream-1.4.20.jar:1.4.20]
	at org.apache.jmeter.save.converters.HashTreeConverter.unmarshal(HashTreeConverter.java:66) [ApacheJMeter_core.jar:5.6.3]
	at com.thoughtworks.xstream.core.TreeUnmarshaller.convert(TreeUnmarshaller.java:74) [xstream-1.4.20.jar:1.4.20]
	at com.thoughtworks.xstream.core.AbstractReferenceUnmarshaller.convert(AbstractReferenceUnmarshaller.java:72) [xstream-1.4.20.jar:1.4.20]
	at com.thoughtworks.xstream.core.TreeUnmarshaller.convertAnother(TreeUnmarshaller.java:68) [xstream-1.4.20.jar:1.4.20]
	at com.thoughtworks.xstream.core.TreeUnmarshaller.convertAnother(TreeUnmarshaller.java:52) [xstream-1.4.20.jar:1.4.20]
	at com.thoughtworks.xstream.converters.collections.AbstractCollectionConverter.readBareItem(AbstractCollectionConverter.java:132) [xstream-1.4.20.jar:1.4.20]
	at org.apache.jmeter.save.converters.HashTreeConverter.unmarshal(HashTreeConverter.java:66) [ApacheJMeter_core.jar:5.6.3]
	at com.thoughtworks.xstream.core.TreeUnmarshaller.convert(TreeUnmarshaller.java:74) [xstream-1.4.20.jar:1.4.20]
	at com.thoughtworks.xstream.core.AbstractReferenceUnmarshaller.convert(AbstractReferenceUnmarshaller.java:72) [xstream-1.4.20.jar:1.4.20]
	at com.thoughtworks.xstream.core.TreeUnmarshaller.convertAnother(TreeUnmarshaller.java:68) [xstream-1.4.20.jar:1.4.20]
	at com.thoughtworks.xstream.core.TreeUnmarshaller.convertAnother(TreeUnmarshaller.java:52) [xstream-1.4.20.jar:1.4.20]
	at com.thoughtworks.xstream.converters.collections.AbstractCollectionConverter.readBareItem(AbstractCollectionConverter.java:132) [xstream-1.4.20.jar:1.4.20]
	at org.apache.jmeter.save.converters.HashTreeConverter.unmarshal(HashTreeConverter.java:66) [ApacheJMeter_core.jar:5.6.3]
	at com.thoughtworks.xstream.core.TreeUnmarshaller.convert(TreeUnmarshaller.java:74) [xstream-1.4.20.jar:1.4.20]
	at com.thoughtworks.xstream.core.AbstractReferenceUnmarshaller.convert(AbstractReferenceUnmarshaller.java:72) [xstream-1.4.20.jar:1.4.20]
	at com.thoughtworks.xstream.core.TreeUnmarshaller.convertAnother(TreeUnmarshaller.java:68) [xstream-1.4.20.jar:1.4.20]
	at com.thoughtworks.xstream.core.TreeUnmarshaller.convertAnother(TreeUnmarshaller.java:52) [xstream-1.4.20.jar:1.4.20]
	at com.thoughtworks.xstream.converters.collections.AbstractCollectionConverter.readBareItem(AbstractCollectionConverter.java:132) [xstream-1.4.20.jar:1.4.20]
	at org.apache.jmeter.save.converters.HashTreeConverter.unmarshal(HashTreeConverter.java:66) [ApacheJMeter_core.jar:5.6.3]
	at com.thoughtworks.xstream.core.TreeUnmarshaller.convert(TreeUnmarshaller.java:74) [xstream-1.4.20.jar:1.4.20]
	at com.thoughtworks.xstream.core.AbstractReferenceUnmarshaller.convert(AbstractReferenceUnmarshaller.java:72) [xstream-1.4.20.jar:1.4.20]
	at com.thoughtworks.xstream.core.TreeUnmarshaller.convertAnother(TreeUnmarshaller.java:68) [xstream-1.4.20.jar:1.4.20]
	at com.thoughtworks.xstream.core.TreeUnmarshaller.convertAnother(TreeUnmarshaller.java:52) [xstream-1.4.20.jar:1.4.20]
	at org.apache.jmeter.save.ScriptWrapperConverter.unmarshal(ScriptWrapperConverter.java:93) [ApacheJMeter_core.jar:5.6.3]
	at com.thoughtworks.xstream.core.TreeUnmarshaller.convert(TreeUnmarshaller.java:74) [xstream-1.4.20.jar:1.4.20]
	at com.thoughtworks.xstream.core.AbstractReferenceUnmarshaller.convert(AbstractReferenceUnmarshaller.java:72) [xstream-1.4.20.jar:1.4.20]
	at com.thoughtworks.xstream.core.TreeUnmarshaller.convertAnother(TreeUnmarshaller.java:68) [xstream-1.4.20.jar:1.4.20]
	at com.thoughtworks.xstream.core.TreeUnmarshaller.convertAnother(TreeUnmarshaller.java:52) [xstream-1.4.20.jar:1.4.20]
	at com.thoughtworks.xstream.core.TreeUnmarshaller.start(TreeUnmarshaller.java:136) [xstream-1.4.20.jar:1.4.20]
	at com.thoughtworks.xstream.core.AbstractTreeMarshallingStrategy.unmarshal(AbstractTreeMarshallingStrategy.java:32) [xstream-1.4.20.jar:1.4.20]
	at com.thoughtworks.xstream.XStream.unmarshal(XStream.java:1464) [xstream-1.4.20.jar:1.4.20]
	at com.thoughtworks.xstream.XStream.unmarshal(XStream.java:1441) [xstream-1.4.20.jar:1.4.20]
	at com.thoughtworks.xstream.XStream.fromXML(XStream.java:1321) [xstream-1.4.20.jar:1.4.20]
	at org.apache.jmeter.save.SaveService.readTree(SaveService.java:446) [ApacheJMeter_core.jar:5.6.3]
	at org.apache.jmeter.save.SaveService.loadTree(SaveService.java:429) [ApacheJMeter_core.jar:5.6.3]
	at org.apache.jmeter.JMeter.runNonGui(JMeter.java:954) [ApacheJMeter_core.jar:5.6.3]
	at org.apache.jmeter.JMeter.startNonGui(JMeter.java:940) [ApacheJMeter_core.jar:5.6.3]
	at org.apache.jmeter.JMeter.start(JMeter.java:508) [ApacheJMeter_core.jar:5.6.3]
	at java.base/jdk.internal.reflect.DirectMethodHandleAccessor.invoke(DirectMethodHandleAccessor.java:103) ~[?:?]
	at java.base/java.lang.reflect.Method.invoke(Method.java:580) ~[?:?]
	at org.apache.jmeter.NewDriver.main(NewDriver.java:259) [ApacheJMeter.jar:5.6.3]
2026-10-09 09:47:43,784 ERROR o.a.j.s.c.TestElementPropertyConverter: Couldn't unmarshall TestElementProperty
java.lang.IllegalArgumentException: Name cannot be null
	at org.apache.jmeter.testelement.property.AbstractProperty.setName(AbstractProperty.java:72) ~[ApacheJMeter_core.jar:5.6.3]
	at org.apache.jmeter.save.converters.TestElementPropertyConverter.unmarshal(TestElementPropertyConverter.java:100) [ApacheJMeter_core.jar:5.6.3]
	at com.thoughtworks.xstream.core.TreeUnmarshaller.convert(TreeUnmarshaller.java:74) [xstream-1.4.20.jar:1.4.20]
	at com.thoughtworks.xstream.core.AbstractReferenceUnmarshaller.convert(AbstractReferenceUnmarshaller.java:72) [xstream-1.4.20.jar:1.4.20]
	at com.thoughtworks.xstream.core.TreeUnmarshaller.convertAnother(TreeUnmarshaller.java:68) [xstream-1.4.20.jar:1.4.20]
	at com.thoughtworks.xstream.core.TreeUnmarshaller.convertAnother(TreeUnmarshaller.java:52) [xstream-1.4.20.jar:1.4.20]
	at com.thoughtworks.xstream.converters.collections.AbstractCollectionConverter.readBareItem(AbstractCollectionConverter.java:132) [xstream-1.4.20.jar:1.4.20]
	at org.apache.jmeter.save.converters.MultiPropertyConverter.unmarshal(MultiPropertyConverter.java:68) [ApacheJMeter_core.jar:5.6.3]
	at com.thoughtworks.xstream.core.TreeUnmarshaller.convert(TreeUnmarshaller.java:74) [xstream-1.4.20.jar:1.4.20]
	at com.thoughtworks.xstream.core.AbstractReferenceUnmarshaller.convert(AbstractReferenceUnmarshaller.java:72) [xstream-1.4.20.jar:1.4.20]
	at com.thoughtworks.xstream.core.TreeUnmarshaller.convertAnother(TreeUnmarshaller.java:68) [xstream-1.4.20.jar:1.4.20]
	at com.thoughtworks.xstream.core.TreeUnmarshaller.convertAnother(TreeUnmarshaller.java:52) [xstream-1.4.20.jar:1.4.20]
	at com.thoughtworks.xstream.converters.collections.AbstractCollectionConverter.readBareItem(AbstractCollectionConverter.java:132) [xstream-1.4.20.jar:1.4.20]
	at org.apache.jmeter.save.converters.TestElementConverter.unmarshal(TestElementConverter.java:109) [ApacheJMeter_core.jar:5.6.3]
	at com.thoughtworks.xstream.core.TreeUnmarshaller.convert(TreeUnmarshaller.java:74) [xstream-1.4.20.jar:1.4.20]
	at com.thoughtworks.xstream.core.AbstractReferenceUnmarshaller.convert(AbstractReferenceUnmarshaller.java:72) [xstream-1.4.20.jar:1.4.20]
	at com.thoughtworks.xstream.core.TreeUnmarshaller.convertAnother(TreeUnmarshaller.java:68) [xstream-1.4.20.jar:1.4.20]
	at com.thoughtworks.xstream.core.TreeUnmarshaller.convertAnother(TreeUnmarshaller.java:52) [xstream-1.4.20.jar:1.4.20]
	at com.thoughtworks.xstream.converters.collections.AbstractCollectionConverter.readBareItem(AbstractCollectionConverter.java:132) [xstream-1.4.20.jar:1.4.20]
	at org.apache.jmeter.save.converters.HashTreeConverter.unmarshal(HashTreeConverter.java:66) [ApacheJMeter_core.jar:5.6.3]
	at com.thoughtworks.xstream.core.TreeUnmarshaller.convert(TreeUnmarshaller.java:74) [xstream-1.4.20.jar:1.4.20]
	at com.thoughtworks.xstream.core.AbstractReferenceUnmarshaller.convert(AbstractReferenceUnmarshaller.java:72) [xstream-1.4.20.jar:1.4.20]
	at com.thoughtworks.xstream.core.TreeUnmarshaller.convertAnother(TreeUnmarshaller.java:68) [xstream-1.4.20.jar:1.4.20]
	at com.thoughtworks.xstream.core.TreeUnmarshaller.convertAnother(TreeUnmarshaller.java:52) [xstream-1.4.20.jar:1.4.20]
	at com.thoughtworks.xstream.converters.collections.AbstractCollectionConverter.readBareItem(AbstractCollectionConverter.java:132) [xstream-1.4.20.jar:1.4.20]
	at org.apache.jmeter.save.converters.HashTreeConverter.unmarshal(HashTreeConverter.java:66) [ApacheJMeter_core.jar:5.6.3]
	at com.thoughtworks.xstream.core.TreeUnmarshaller.convert(TreeUnmarshaller.java:74) [xstream-1.4.20.jar:1.4.20]
	at com.thoughtworks.xstream.core.AbstractReferenceUnmarshaller.convert(AbstractReferenceUnmarshaller.java:72) [xstream-1.4.20.jar:1.4.20]
	at com.thoughtworks.xstream.core.TreeUnmarshaller.convertAnother(TreeUnmarshaller.java:68) [xstream-1.4.20.jar:1.4.20]
	at com.thoughtworks.xstream.core.TreeUnmarshaller.convertAnother(TreeUnmarshaller.java:52) [xstream-1.4.20.jar:1.4.20]
	at com.thoughtworks.xstream.converters.collections.AbstractCollectionConverter.readBareItem(AbstractCollectionConverter.java:132) [xstream-1.4.20.jar:1.4.20]
	at org.apache.jmeter.save.converters.HashTreeConverter.unmarshal(HashTreeConverter.java:66) [ApacheJMeter_core.jar:5.6.3]
	at com.thoughtworks.xstream.core.TreeUnmarshaller.convert(TreeUnmarshaller.java:74) [xstream-1.4.20.jar:1.4.20]
	at com.thoughtworks.xstream.core.AbstractReferenceUnmarshaller.convert(AbstractReferenceUnmarshaller.java:72) [xstream-1.4.20.jar:1.4.20]
	at com.thoughtworks.xstream.core.TreeUnmarshaller.convertAnother(TreeUnmarshaller.java:68) [xstream-1.4.20.jar:1.4.20]
	at com.thoughtworks.xstream.core.TreeUnmarshaller.convertAnother(TreeUnmarshaller.java:52) [xstream-1.4.20.jar:1.4.20]
	at com.thoughtworks.xstream.converters.collections.AbstractCollectionConverter.readBareItem(AbstractCollectionConverter.java:132) [xstream-1.4.20.jar:1.4.20]
	at org.apache.jmeter.save.converters.HashTreeConverter.unmarshal(HashTreeConverter.java:66) [ApacheJMeter_core.jar:5.6.3]
	at com.thoughtworks.xstream.core.TreeUnmarshaller.convert(TreeUnmarshaller.java:74) [xstream-1.4.20.jar:1.4.20]
	at com.thoughtworks.xstream.core.AbstractReferenceUnmarshaller.convert(AbstractReferenceUnmarshaller.java:72) [xstream-1.4.20.jar:1.4.20]
	at com.thoughtworks.xstream.core.TreeUnmarshaller.convertAnother(TreeUnmarshaller.java:68) [xstream-1.4.20.jar:1.4.20]
	at com.thoughtworks.xstream.core.TreeUnmarshaller.convertAnother(TreeUnmarshaller.java:52) [xstream-1.4.20.jar:1.4.20]
	at org.apache.jmeter.save.ScriptWrapperConverter.unmarshal(ScriptWrapperConverter.java:93) [ApacheJMeter_core.jar:5.6.3]
	at com.thoughtworks.xstream.core.TreeUnmarshaller.convert(TreeUnmarshaller.java:74) [xstream-1.4.20.jar:1.4.20]
	at com.thoughtworks.xstream.core.AbstractReferenceUnmarshaller.convert(AbstractReferenceUnmarshaller.java:72) [xstream-1.4.20.jar:1.4.20]
	at com.thoughtworks.xstream.core.TreeUnmarshaller.convertAnother(TreeUnmarshaller.java:68) [xstream-1.4.20.jar:1.4.20]
	at com.thoughtworks.xstream.core.TreeUnmarshaller.convertAnother(TreeUnmarshaller.java:52) [xstream-1.4.20.jar:1.4.20]
	at com.thoughtworks.xstream.core.TreeUnmarshaller.start(TreeUnmarshaller.java:136) [xstream-1.4.20.jar:1.4.20]
	at com.thoughtworks.xstream.core.AbstractTreeMarshallingStrategy.unmarshal(AbstractTreeMarshallingStrategy.java:32) [xstream-1.4.20.jar:1.4.20]
	at com.thoughtworks.xstream.XStream.unmarshal(XStream.java:1464) [xstream-1.4.20.jar:1.4.20]
	at com.thoughtworks.xstream.XStream.unmarshal(XStream.java:1441) [xstream-1.4.20.jar:1.4.20]
	at com.thoughtworks.xstream.XStream.fromXML(XStream.java:1321) [xstream-1.4.20.jar:1.4.20]
	at org.apache.jmeter.save.SaveService.readTree(SaveService.java:446) [ApacheJMeter_core.jar:5.6.3]
	at org.apache.jmeter.save.SaveService.loadTree(SaveService.java:429) [ApacheJMeter_core.jar:5.6.3]
	at org.apache.jmeter.JMeter.runNonGui(JMeter.java:954) [ApacheJMeter_core.jar:5.6.3]
	at org.apache.jmeter.JMeter.startNonGui(JMeter.java:940) [ApacheJMeter_core.jar:5.6.3]
	at org.apache.jmeter.JMeter.start(JMeter.java:508) [ApacheJMeter_core.jar:5.6.3]
	at java.base/jdk.internal.reflect.DirectMethodHandleAccessor.invoke(DirectMethodHandleAccessor.java:103) ~[?:?]
	at java.base/java.lang.reflect.Method.invoke(Method.java:580) ~[?:?]
	at org.apache.jmeter.NewDriver.main(NewDriver.java:259) [ApacheJMeter.jar:5.6.3]
2026-10-09 09:47:43,788 ERROR o.a.j.s.c.TestElementPropertyConverter: Couldn't unmarshall TestElementProperty
java.lang.IllegalArgumentException: Name cannot be null
	at org.apache.jmeter.testelement.property.AbstractProperty.setName(AbstractProperty.java:72) ~[ApacheJMeter_core.jar:5.6.3]
	at org.apache.jmeter.save.converters.TestElementPropertyConverter.unmarshal(TestElementPropertyConverter.java:100) [ApacheJMeter_core.jar:5.6.3]
	at com.thoughtworks.xstream.core.TreeUnmarshaller.convert(TreeUnmarshaller.java:74) [xstream-1.4.20.jar:1.4.20]
	at com.thoughtworks.xstream.core.AbstractReferenceUnmarshaller.convert(AbstractReferenceUnmarshaller.java:72) [xstream-1.4.20.jar:1.4.20]
	at com.thoughtworks.xstream.core.TreeUnmarshaller.convertAnother(TreeUnmarshaller.java:68) [xstream-1.4.20.jar:1.4.20]
	at com.thoughtworks.xstream.core.TreeUnmarshaller.convertAnother(TreeUnmarshaller.java:52) [xstream-1.4.20.jar:1.4.20]
	at com.thoughtworks.xstream.converters.collections.AbstractCollectionConverter.readBareItem(AbstractCollectionConverter.java:132) [xstream-1.4.20.jar:1.4.20]
	at org.apache.jmeter.save.converters.MultiPropertyConverter.unmarshal(MultiPropertyConverter.java:68) [ApacheJMeter_core.jar:5.6.3]
	at com.thoughtworks.xstream.core.TreeUnmarshaller.convert(TreeUnmarshaller.java:74) [xstream-1.4.20.jar:1.4.20]
	at com.thoughtworks.xstream.core.AbstractReferenceUnmarshaller.convert(AbstractReferenceUnmarshaller.java:72) [xstream-1.4.20.jar:1.4.20]
	at com.thoughtworks.xstream.core.TreeUnmarshaller.convertAnother(TreeUnmarshaller.java:68) [xstream-1.4.20.jar:1.4.20]
	at com.thoughtworks.xstream.core.TreeUnmarshaller.convertAnother(TreeUnmarshaller.java:52) [xstream-1.4.20.jar:1.4.20]
	at com.thoughtworks.xstream.converters.collections.AbstractCollectionConverter.readBareItem(AbstractCollectionConverter.java:132) [xstream-1.4.20.jar:1.4.20]
	at org.apache.jmeter.save.converters.TestElementConverter.unmarshal(TestElementConverter.java:109) [ApacheJMeter_core.jar:5.6.3]
	at com.thoughtworks.xstream.core.TreeUnmarshaller.convert(TreeUnmarshaller.java:74) [xstream-1.4.20.jar:1.4.20]
	at com.thoughtworks.xstream.core.AbstractReferenceUnmarshaller.convert(AbstractReferenceUnmarshaller.java:72) [xstream-1.4.20.jar:1.4.20]
	at com.thoughtworks.xstream.core.TreeUnmarshaller.convertAnother(TreeUnmarshaller.java:68) [xstream-1.4.20.jar:1.4.20]
	at com.thoughtworks.xstream.core.TreeUnmarshaller.convertAnother(TreeUnmarshaller.java:52) [xstream-1.4.20.jar:1.4.20]
	at com.thoughtworks.xstream.converters.collections.AbstractCollectionConverter.readBareItem(AbstractCollectionConverter.java:132) [xstream-1.4.20.jar:1.4.20]
	at org.apache.jmeter.save.converters.HashTreeConverter.unmarshal(HashTreeConverter.java:66) [ApacheJMeter_core.jar:5.6.3]
	at com.thoughtworks.xstream.core.TreeUnmarshaller.convert(TreeUnmarshaller.java:74) [xstream-1.4.20.jar:1.4.20]
	at com.thoughtworks.xstream.core.AbstractReferenceUnmarshaller.convert(AbstractReferenceUnmarshaller.java:72) [xstream-1.4.20.jar:1.4.20]
	at com.thoughtworks.xstream.core.TreeUnmarshaller.convertAnother(TreeUnmarshaller.java:68) [xstream-1.4.20.jar:1.4.20]
	at com.thoughtworks.xstream.core.TreeUnmarshaller.convertAnother(TreeUnmarshaller.java:52) [xstream-1.4.20.jar:1.4.20]
	at com.thoughtworks.xstream.converters.collections.AbstractCollectionConverter.readBareItem(AbstractCollectionConverter.java:132) [xstream-1.4.20.jar:1.4.20]
	at org.apache.jmeter.save.converters.HashTreeConverter.unmarshal(HashTreeConverter.java:66) [ApacheJMeter_core.jar:5.6.3]
	at com.thoughtworks.xstream.core.TreeUnmarshaller.convert(TreeUnmarshaller.java:74) [xstream-1.4.20.jar:1.4.20]
	at com.thoughtworks.xstream.core.AbstractReferenceUnmarshaller.convert(AbstractReferenceUnmarshaller.java:72) [xstream-1.4.20.jar:1.4.20]
	at com.thoughtworks.xstream.core.TreeUnmarshaller.convertAnother(TreeUnmarshaller.java:68) [xstream-1.4.20.jar:1.4.20]
	at com.thoughtworks.xstream.core.TreeUnmarshaller.convertAnother(TreeUnmarshaller.java:52) [xstream-1.4.20.jar:1.4.20]
	at com.thoughtworks.xstream.converters.collections.AbstractCollectionConverter.readBareItem(AbstractCollectionConverter.java:132) [xstream-1.4.20.jar:1.4.20]
	at org.apache.jmeter.save.converters.HashTreeConverter.unmarshal(HashTreeConverter.java:66) [ApacheJMeter_core.jar:5.6.3]
	at com.thoughtworks.xstream.core.TreeUnmarshaller.convert(TreeUnmarshaller.java:74) [xstream-1.4.20.jar:1.4.20]
	at com.thoughtworks.xstream.core.AbstractReferenceUnmarshaller.convert(AbstractReferenceUnmarshaller.java:72) [xstream-1.4.20.jar:1.4.20]
	at com.thoughtworks.xstream.core.TreeUnmarshaller.convertAnother(TreeUnmarshaller.java:68) [xstream-1.4.20.jar:1.4.20]
	at com.thoughtworks.xstream.core.TreeUnmarshaller.convertAnother(TreeUnmarshaller.java:52) [xstream-1.4.20.jar:1.4.20]
	at com.thoughtworks.xstream.converters.collections.AbstractCollectionConverter.readBareItem(AbstractCollectionConverter.java:132) [xstream-1.4.20.jar:1.4.20]
	at org.apache.jmeter.save.converters.HashTreeConverter.unmarshal(HashTreeConverter.java:66) [ApacheJMeter_core.jar:5.6.3]
	at com.thoughtworks.xstream.core.TreeUnmarshaller.convert(TreeUnmarshaller.java:74) [xstream-1.4.20.jar:1.4.20]
	at com.thoughtworks.xstream.core.AbstractReferenceUnmarshaller.convert(AbstractReferenceUnmarshaller.java:72) [xstream-1.4.20.jar:1.4.20]
	at com.thoughtworks.xstream.core.TreeUnmarshaller.convertAnother(TreeUnmarshaller.java:68) [xstream-1.4.20.jar:1.4.20]
	at com.thoughtworks.xstream.core.TreeUnmarshaller.convertAnother(TreeUnmarshaller.java:52) [xstream-1.4.20.jar:1.4.20]
	at org.apache.jmeter.save.ScriptWrapperConverter.unmarshal(ScriptWrapperConverter.java:93) [ApacheJMeter_core.jar:5.6.3]
	at com.thoughtworks.xstream.core.TreeUnmarshaller.convert(TreeUnmarshaller.java:74) [xstream-1.4.20.jar:1.4.20]
	at com.thoughtworks.xstream.core.AbstractReferenceUnmarshaller.convert(AbstractReferenceUnmarshaller.java:72) [xstream-1.4.20.jar:1.4.20]
	at com.thoughtworks.xstream.core.TreeUnmarshaller.convertAnother(TreeUnmarshaller.java:68) [xstream-1.4.20.jar:1.4.20]
	at com.thoughtworks.xstream.core.TreeUnmarshaller.convertAnother(TreeUnmarshaller.java:52) [xstream-1.4.20.jar:1.4.20]
	at com.thoughtworks.xstream.core.TreeUnmarshaller.start(TreeUnmarshaller.java:136) [xstream-1.4.20.jar:1.4.20]
	at com.thoughtworks.xstream.core.AbstractTreeMarshallingStrategy.unmarshal(AbstractTreeMarshallingStrategy.java:32) [xstream-1.4.20.jar:1.4.20]
	at com.thoughtworks.xstream.XStream.unmarshal(XStream.java:1464) [xstream-1.4.20.jar:1.4.20]
	at com.thoughtworks.xstream.XStream.unmarshal(XStream.java:1441) [xstream-1.4.20.jar:1.4.20]
	at com.thoughtworks.xstream.XStream.fromXML(XStream.java:1321) [xstream-1.4.20.jar:1.4.20]
	at org.apache.jmeter.save.SaveService.readTree(SaveService.java:446) [ApacheJMeter_core.jar:5.6.3]
	at org.apache.jmeter.save.SaveService.loadTree(SaveService.java:429) [ApacheJMeter_core.jar:5.6.3]
	at org.apache.jmeter.JMeter.runNonGui(JMeter.java:954) [ApacheJMeter_core.jar:5.6.3]
	at org.apache.jmeter.JMeter.startNonGui(JMeter.java:940) [ApacheJMeter_core.jar:5.6.3]
	at org.apache.jmeter.JMeter.start(JMeter.java:508) [ApacheJMeter_core.jar:5.6.3]
	at java.base/jdk.internal.reflect.DirectMethodHandleAccessor.invoke(DirectMethodHandleAccessor.java:103) ~[?:?]
	at java.base/java.lang.reflect.Method.invoke(Method.java:580) ~[?:?]
	at org.apache.jmeter.NewDriver.main(NewDriver.java:259) [ApacheJMeter.jar:5.6.3]
2026-10-09 09:47:43,789 ERROR o.a.j.s.c.TestElementPropertyConverter: Couldn't unmarshall TestElementProperty
java.lang.IllegalArgumentException: Name cannot be null
	at org.apache.jmeter.testelement.property.AbstractProperty.setName(AbstractProperty.java:72) ~[ApacheJMeter_core.jar:5.6.3]
	at org.apache.jmeter.save.converters.TestElementPropertyConverter.unmarshal(TestElementPropertyConverter.java:100) [ApacheJMeter_core.jar:5.6.3]
	at com.thoughtworks.xstream.core.TreeUnmarshaller.convert(TreeUnmarshaller.java:74) [xstream-1.4.20.jar:1.4.20]
	at com.thoughtworks.xstream.core.AbstractReferenceUnmarshaller.convert(AbstractReferenceUnmarshaller.java:72) [xstream-1.4.20.jar:1.4.20]
	at com.thoughtworks.xstream.core.TreeUnmarshaller.convertAnother(TreeUnmarshaller.java:68) [xstream-1.4.20.jar:1.4.20]
	at com.thoughtworks.xstream.core.TreeUnmarshaller.convertAnother(TreeUnmarshaller.java:52) [xstream-1.4.20.jar:1.4.20]
	at com.thoughtworks.xstream.converters.collections.AbstractCollectionConverter.readBareItem(AbstractCollectionConverter.java:132) [xstream-1.4.20.jar:1.4.20]
	at org.apache.jmeter.save.converters.MultiPropertyConverter.unmarshal(MultiPropertyConverter.java:68) [ApacheJMeter_core.jar:5.6.3]
	at com.thoughtworks.xstream.core.TreeUnmarshaller.convert(TreeUnmarshaller.java:74) [xstream-1.4.20.jar:1.4.20]
	at com.thoughtworks.xstream.core.AbstractReferenceUnmarshaller.convert(AbstractReferenceUnmarshaller.java:72) [xstream-1.4.20.jar:1.4.20]
	at com.thoughtworks.xstream.core.TreeUnmarshaller.convertAnother(TreeUnmarshaller.java:68) [xstream-1.4.20.jar:1.4.20]
	at com.thoughtworks.xstream.core.TreeUnmarshaller.convertAnother(TreeUnmarshaller.java:52) [xstream-1.4.20.jar:1.4.20]
	at com.thoughtworks.xstream.converters.collections.AbstractCollectionConverter.readBareItem(AbstractCollectionConverter.java:132) [xstream-1.4.20.jar:1.4.20]
	at org.apache.jmeter.save.converters.TestElementConverter.unmarshal(TestElementConverter.java:109) [ApacheJMeter_core.jar:5.6.3]
	at com.thoughtworks.xstream.core.TreeUnmarshaller.convert(TreeUnmarshaller.java:74) [xstream-1.4.20.jar:1.4.20]
	at com.thoughtworks.xstream.core.AbstractReferenceUnmarshaller.convert(AbstractReferenceUnmarshaller.java:72) [xstream-1.4.20.jar:1.4.20]
	at com.thoughtworks.xstream.core.TreeUnmarshaller.convertAnother(TreeUnmarshaller.java:68) [xstream-1.4.20.jar:1.4.20]
	at com.thoughtworks.xstream.core.TreeUnmarshaller.convertAnother(TreeUnmarshaller.java:52) [xstream-1.4.20.jar:1.4.20]
	at com.thoughtworks.xstream.converters.collections.AbstractCollectionConverter.readBareItem(AbstractCollectionConverter.java:132) [xstream-1.4.20.jar:1.4.20]
	at org.apache.jmeter.save.converters.HashTreeConverter.unmarshal(HashTreeConverter.java:66) [ApacheJMeter_core.jar:5.6.3]
	at com.thoughtworks.xstream.core.TreeUnmarshaller.convert(TreeUnmarshaller.java:74) [xstream-1.4.20.jar:1.4.20]
	at com.thoughtworks.xstream.core.AbstractReferenceUnmarshaller.convert(AbstractReferenceUnmarshaller.java:72) [xstream-1.4.20.jar:1.4.20]
	at com.thoughtworks.xstream.core.TreeUnmarshaller.convertAnother(TreeUnmarshaller.java:68) [xstream-1.4.20.jar:1.4.20]
	at com.thoughtworks.xstream.core.TreeUnmarshaller.convertAnother(TreeUnmarshaller.java:52) [xstream-1.4.20.jar:1.4.20]
	at com.thoughtworks.xstream.converters.collections.AbstractCollectionConverter.readBareItem(AbstractCollectionConverter.java:132) [xstream-1.4.20.jar:1.4.20]
	at org.apache.jmeter.save.converters.HashTreeConverter.unmarshal(HashTreeConverter.java:66) [ApacheJMeter_core.jar:5.6.3]
	at com.thoughtworks.xstream.core.TreeUnmarshaller.convert(TreeUnmarshaller.java:74) [xstream-1.4.20.jar:1.4.20]
	at com.thoughtworks.xstream.core.AbstractReferenceUnmarshaller.convert(AbstractReferenceUnmarshaller.java:72) [xstream-1.4.20.jar:1.4.20]
	at com.thoughtworks.xstream.core.TreeUnmarshaller.convertAnother(TreeUnmarshaller.java:68) [xstream-1.4.20.jar:1.4.20]
	at com.thoughtworks.xstream.core.TreeUnmarshaller.convertAnother(TreeUnmarshaller.java:52) [xstream-1.4.20.jar:1.4.20]
	at com.thoughtworks.xstream.converters.collections.AbstractCollectionConverter.readBareItem(AbstractCollectionConverter.java:132) [xstream-1.4.20.jar:1.4.20]
	at org.apache.jmeter.save.converters.HashTreeConverter.unmarshal(HashTreeConverter.java:66) [ApacheJMeter_core.jar:5.6.3]
	at com.thoughtworks.xstream.core.TreeUnmarshaller.convert(TreeUnmarshaller.java:74) [xstream-1.4.20.jar:1.4.20]
	at com.thoughtworks.xstream.core.AbstractReferenceUnmarshaller.convert(AbstractReferenceUnmarshaller.java:72) [xstream-1.4.20.jar:1.4.20]
	at com.thoughtworks.xstream.core.TreeUnmarshaller.convertAnother(TreeUnmarshaller.java:68) [xstream-1.4.20.jar:1.4.20]
	at com.thoughtworks.xstream.core.TreeUnmarshaller.convertAnother(TreeUnmarshaller.java:52) [xstream-1.4.20.jar:1.4.20]
	at com.thoughtworks.xstream.converters.collections.AbstractCollectionConverter.readBareItem(AbstractCollectionConverter.java:132) [xstream-1.4.20.jar:1.4.20]
	at org.apache.jmeter.save.converters.HashTreeConverter.unmarshal(HashTreeConverter.java:66) [ApacheJMeter_core.jar:5.6.3]
	at com.thoughtworks.xstream.core.TreeUnmarshaller.convert(TreeUnmarshaller.java:74) [xstream-1.4.20.jar:1.4.20]
	at com.thoughtworks.xstream.core.AbstractReferenceUnmarshaller.convert(AbstractReferenceUnmarshaller.java:72) [xstream-1.4.20.jar:1.4.20]
	at com.thoughtworks.xstream.core.TreeUnmarshaller.convertAnother(TreeUnmarshaller.java:68) [xstream-1.4.20.jar:1.4.20]
	at com.thoughtworks.xstream.core.TreeUnmarshaller.convertAnother(TreeUnmarshaller.java:52) [xstream-1.4.20.jar:1.4.20]
	at org.apache.jmeter.save.ScriptWrapperConverter.unmarshal(ScriptWrapperConverter.java:93) [ApacheJMeter_core.jar:5.6.3]
	at com.thoughtworks.xstream.core.TreeUnmarshaller.convert(TreeUnmarshaller.java:74) [xstream-1.4.20.jar:1.4.20]
	at com.thoughtworks.xstream.core.AbstractReferenceUnmarshaller.convert(AbstractReferenceUnmarshaller.java:72) [xstream-1.4.20.jar:1.4.20]
	at com.thoughtworks.xstream.core.TreeUnmarshaller.convertAnother(TreeUnmarshaller.java:68) [xstream-1.4.20.jar:1.4.20]
	at com.thoughtworks.xstream.core.TreeUnmarshaller.convertAnother(TreeUnmarshaller.java:52) [xstream-1.4.20.jar:1.4.20]
	at com.thoughtworks.xstream.core.TreeUnmarshaller.start(TreeUnmarshaller.java:136) [xstream-1.4.20.jar:1.4.20]
	at com.thoughtworks.xstream.core.AbstractTreeMarshallingStrategy.unmarshal(AbstractTreeMarshallingStrategy.java:32) [xstream-1.4.20.jar:1.4.20]
	at com.thoughtworks.xstream.XStream.unmarshal(XStream.java:1464) [xstream-1.4.20.jar:1.4.20]
	at com.thoughtworks.xstream.XStream.unmarshal(XStream.java:1441) [xstream-1.4.20.jar:1.4.20]
	at com.thoughtworks.xstream.XStream.fromXML(XStream.java:1321) [xstream-1.4.20.jar:1.4.20]
	at org.apache.jmeter.save.SaveService.readTree(SaveService.java:446) [ApacheJMeter_core.jar:5.6.3]
	at org.apache.jmeter.save.SaveService.loadTree(SaveService.java:429) [ApacheJMeter_core.jar:5.6.3]
	at org.apache.jmeter.JMeter.runNonGui(JMeter.java:954) [ApacheJMeter_core.jar:5.6.3]
	at org.apache.jmeter.JMeter.startNonGui(JMeter.java:940) [ApacheJMeter_core.jar:5.6.3]
	at org.apache.jmeter.JMeter.start(JMeter.java:508) [ApacheJMeter_core.jar:5.6.3]
	at java.base/jdk.internal.reflect.DirectMethodHandleAccessor.invoke(DirectMethodHandleAccessor.java:103) ~[?:?]
	at java.base/java.lang.reflect.Method.invoke(Method.java:580) ~[?:?]
	at org.apache.jmeter.NewDriver.main(NewDriver.java:259) [ApacheJMeter.jar:5.6.3]
2026-10-09 09:47:43,790 ERROR o.a.j.s.c.TestElementPropertyConverter: Couldn't unmarshall TestElementProperty
java.lang.IllegalArgumentException: Name cannot be null
	at org.apache.jmeter.testelement.property.AbstractProperty.setName(AbstractProperty.java:72) ~[ApacheJMeter_core.jar:5.6.3]
	at org.apache.jmeter.save.converters.TestElementPropertyConverter.unmarshal(TestElementPropertyConverter.java:100) [ApacheJMeter_core.jar:5.6.3]
	at com.thoughtworks.xstream.core.TreeUnmarshaller.convert(TreeUnmarshaller.java:74) [xstream-1.4.20.jar:1.4.20]
	at com.thoughtworks.xstream.core.AbstractReferenceUnmarshaller.convert(AbstractReferenceUnmarshaller.java:72) [xstream-1.4.20.jar:1.4.20]
	at com.thoughtworks.xstream.core.TreeUnmarshaller.convertAnother(TreeUnmarshaller.java:68) [xstream-1.4.20.jar:1.4.20]
	at com.thoughtworks.xstream.core.TreeUnmarshaller.convertAnother(TreeUnmarshaller.java:52) [xstream-1.4.20.jar:1.4.20]
	at com.thoughtworks.xstream.converters.collections.AbstractCollectionConverter.readBareItem(AbstractCollectionConverter.java:132) [xstream-1.4.20.jar:1.4.20]
	at org.apache.jmeter.save.converters.MultiPropertyConverter.unmarshal(MultiPropertyConverter.java:68) [ApacheJMeter_core.jar:5.6.3]
	at com.thoughtworks.xstream.core.TreeUnmarshaller.convert(TreeUnmarshaller.java:74) [xstream-1.4.20.jar:1.4.20]
	at com.thoughtworks.xstream.core.AbstractReferenceUnmarshaller.convert(AbstractReferenceUnmarshaller.java:72) [xstream-1.4.20.jar:1.4.20]
	at com.thoughtworks.xstream.core.TreeUnmarshaller.convertAnother(TreeUnmarshaller.java:68) [xstream-1.4.20.jar:1.4.20]
	at com.thoughtworks.xstream.core.TreeUnmarshaller.convertAnother(TreeUnmarshaller.java:52) [xstream-1.4.20.jar:1.4.20]
	at com.thoughtworks.xstream.converters.collections.AbstractCollectionConverter.readBareItem(AbstractCollectionConverter.java:132) [xstream-1.4.20.jar:1.4.20]
	at org.apache.jmeter.save.converters.TestElementConverter.unmarshal(TestElementConverter.java:109) [ApacheJMeter_core.jar:5.6.3]
	at com.thoughtworks.xstream.core.TreeUnmarshaller.convert(TreeUnmarshaller.java:74) [xstream-1.4.20.jar:1.4.20]
	at com.thoughtworks.xstream.core.AbstractReferenceUnmarshaller.convert(AbstractReferenceUnmarshaller.java:72) [xstream-1.4.20.jar:1.4.20]
	at com.thoughtworks.xstream.core.TreeUnmarshaller.convertAnother(TreeUnmarshaller.java:68) [xstream-1.4.20.jar:1.4.20]
	at com.thoughtworks.xstream.core.TreeUnmarshaller.convertAnother(TreeUnmarshaller.java:52) [xstream-1.4.20.jar:1.4.20]
	at com.thoughtworks.xstream.converters.collections.AbstractCollectionConverter.readBareItem(AbstractCollectionConverter.java:132) [xstream-1.4.20.jar:1.4.20]
	at org.apache.jmeter.save.converters.HashTreeConverter.unmarshal(HashTreeConverter.java:66) [ApacheJMeter_core.jar:5.6.3]
	at com.thoughtworks.xstream.core.TreeUnmarshaller.convert(TreeUnmarshaller.java:74) [xstream-1.4.20.jar:1.4.20]
	at com.thoughtworks.xstream.core.AbstractReferenceUnmarshaller.convert(AbstractReferenceUnmarshaller.java:72) [xstream-1.4.20.jar:1.4.20]
	at com.thoughtworks.xstream.core.TreeUnmarshaller.convertAnother(TreeUnmarshaller.java:68) [xstream-1.4.20.jar:1.4.20]
	at com.thoughtworks.xstream.core.TreeUnmarshaller.convertAnother(TreeUnmarshaller.java:52) [xstream-1.4.20.jar:1.4.20]
	at com.thoughtworks.xstream.converters.collections.AbstractCollectionConverter.readBareItem(AbstractCollectionConverter.java:132) [xstream-1.4.20.jar:1.4.20]
	at org.apache.jmeter.save.converters.HashTreeConverter.unmarshal(HashTreeConverter.java:66) [ApacheJMeter_core.jar:5.6.3]
	at com.thoughtworks.xstream.core.TreeUnmarshaller.convert(TreeUnmarshaller.java:74) [xstream-1.4.20.jar:1.4.20]
	at com.thoughtworks.xstream.core.AbstractReferenceUnmarshaller.convert(AbstractReferenceUnmarshaller.java:72) [xstream-1.4.20.jar:1.4.20]
	at com.thoughtworks.xstream.core.TreeUnmarshaller.convertAnother(TreeUnmarshaller.java:68) [xstream-1.4.20.jar:1.4.20]
	at com.thoughtworks.xstream.core.TreeUnmarshaller.convertAnother(TreeUnmarshaller.java:52) [xstream-1.4.20.jar:1.4.20]
	at com.thoughtworks.xstream.converters.collections.AbstractCollectionConverter.readBareItem(AbstractCollectionConverter.java:132) [xstream-1.4.20.jar:1.4.20]
	at org.apache.jmeter.save.converters.HashTreeConverter.unmarshal(HashTreeConverter.java:66) [ApacheJMeter_core.jar:5.6.3]
	at com.thoughtworks.xstream.core.TreeUnmarshaller.convert(TreeUnmarshaller.java:74) [xstream-1.4.20.jar:1.4.20]
	at com.thoughtworks.xstream.core.AbstractReferenceUnmarshaller.convert(AbstractReferenceUnmarshaller.java:72) [xstream-1.4.20.jar:1.4.20]
	at com.thoughtworks.xstream.core.TreeUnmarshaller.convertAnother(TreeUnmarshaller.java:68) [xstream-1.4.20.jar:1.4.20]
	at com.thoughtworks.xstream.core.TreeUnmarshaller.convertAnother(TreeUnmarshaller.java:52) [xstream-1.4.20.jar:1.4.20]
	at com.thoughtworks.xstream.converters.collections.AbstractCollectionConverter.readBareItem(AbstractCollectionConverter.java:132) [xstream-1.4.20.jar:1.4.20]
	at org.apache.jmeter.save.converters.HashTreeConverter.unmarshal(HashTreeConverter.java:66) [ApacheJMeter_core.jar:5.6.3]
	at com.thoughtworks.xstream.core.TreeUnmarshaller.convert(TreeUnmarshaller.java:74) [xstream-1.4.20.jar:1.4.20]
	at com.thoughtworks.xstream.core.AbstractReferenceUnmarshaller.convert(AbstractReferenceUnmarshaller.java:72) [xstream-1.4.20.jar:1.4.20]
	at com.thoughtworks.xstream.core.TreeUnmarshaller.convertAnother(TreeUnmarshaller.java:68) [xstream-1.4.20.jar:1.4.20]
	at com.thoughtworks.xstream.core.TreeUnmarshaller.convertAnother(TreeUnmarshaller.java:52) [xstream-1.4.20.jar:1.4.20]
	at org.apache.jmeter.save.ScriptWrapperConverter.unmarshal(ScriptWrapperConverter.java:93) [ApacheJMeter_core.jar:5.6.3]
	at com.thoughtworks.xstream.core.TreeUnmarshaller.convert(TreeUnmarshaller.java:74) [xstream-1.4.20.jar:1.4.20]
	at com.thoughtworks.xstream.core.AbstractReferenceUnmarshaller.convert(AbstractReferenceUnmarshaller.java:72) [xstream-1.4.20.jar:1.4.20]
	at com.thoughtworks.xstream.core.TreeUnmarshaller.convertAnother(TreeUnmarshaller.java:68) [xstream-1.4.20.jar:1.4.20]
	at com.thoughtworks.xstream.core.TreeUnmarshaller.convertAnother(TreeUnmarshaller.java:52) [xstream-1.4.20.jar:1.4.20]
	at com.thoughtworks.xstream.core.TreeUnmarshaller.start(TreeUnmarshaller.java:136) [xstream-1.4.20.jar:1.4.20]
	at com.thoughtworks.xstream.core.AbstractTreeMarshallingStrategy.unmarshal(AbstractTreeMarshallingStrategy.java:32) [xstream-1.4.20.jar:1.4.20]
	at com.thoughtworks.xstream.XStream.unmarshal(XStream.java:1464) [xstream-1.4.20.jar:1.4.20]
	at com.thoughtworks.xstream.XStream.unmarshal(XStream.java:1441) [xstream-1.4.20.jar:1.4.20]
	at com.thoughtworks.xstream.XStream.fromXML(XStream.java:1321) [xstream-1.4.20.jar:1.4.20]
	at org.apache.jmeter.save.SaveService.readTree(SaveService.java:446) [ApacheJMeter_core.jar:5.6.3]
	at org.apache.jmeter.save.SaveService.loadTree(SaveService.java:429) [ApacheJMeter_core.jar:5.6.3]
	at org.apache.jmeter.JMeter.runNonGui(JMeter.java:954) [ApacheJMeter_core.jar:5.6.3]
	at org.apache.jmeter.JMeter.startNonGui(JMeter.java:940) [ApacheJMeter_core.jar:5.6.3]
	at org.apache.jmeter.JMeter.start(JMeter.java:508) [ApacheJMeter_core.jar:5.6.3]
	at java.base/jdk.internal.reflect.DirectMethodHandleAccessor.invoke(DirectMethodHandleAccessor.java:103) ~[?:?]
	at java.base/java.lang.reflect.Method.invoke(Method.java:580) ~[?:?]
	at org.apache.jmeter.NewDriver.main(NewDriver.java:259) [ApacheJMeter.jar:5.6.3]
2026-10-09 09:47:43,790 ERROR o.a.j.s.c.TestElementPropertyConverter: Couldn't unmarshall TestElementProperty
java.lang.IllegalArgumentException: Name cannot be null
	at org.apache.jmeter.testelement.property.AbstractProperty.setName(AbstractProperty.java:72) ~[ApacheJMeter_core.jar:5.6.3]
	at org.apache.jmeter.save.converters.TestElementPropertyConverter.unmarshal(TestElementPropertyConverter.java:100) [ApacheJMeter_core.jar:5.6.3]
	at com.thoughtworks.xstream.core.TreeUnmarshaller.convert(TreeUnmarshaller.java:74) [xstream-1.4.20.jar:1.4.20]
	at com.thoughtworks.xstream.core.AbstractReferenceUnmarshaller.convert(AbstractReferenceUnmarshaller.java:72) [xstream-1.4.20.jar:1.4.20]
	at com.thoughtworks.xstream.core.TreeUnmarshaller.convertAnother(TreeUnmarshaller.java:68) [xstream-1.4.20.jar:1.4.20]
	at com.thoughtworks.xstream.core.TreeUnmarshaller.convertAnother(TreeUnmarshaller.java:52) [xstream-1.4.20.jar:1.4.20]
	at com.thoughtworks.xstream.converters.collections.AbstractCollectionConverter.readBareItem(AbstractCollectionConverter.java:132) [xstream-1.4.20.jar:1.4.20]
	at org.apache.jmeter.save.converters.MultiPropertyConverter.unmarshal(MultiPropertyConverter.java:68) [ApacheJMeter_core.jar:5.6.3]
	at com.thoughtworks.xstream.core.TreeUnmarshaller.convert(TreeUnmarshaller.java:74) [xstream-1.4.20.jar:1.4.20]
	at com.thoughtworks.xstream.core.AbstractReferenceUnmarshaller.convert(AbstractReferenceUnmarshaller.java:72) [xstream-1.4.20.jar:1.4.20]
	at com.thoughtworks.xstream.core.TreeUnmarshaller.convertAnother(TreeUnmarshaller.java:68) [xstream-1.4.20.jar:1.4.20]
	at com.thoughtworks.xstream.core.TreeUnmarshaller.convertAnother(TreeUnmarshaller.java:52) [xstream-1.4.20.jar:1.4.20]
	at com.thoughtworks.xstream.converters.collections.AbstractCollectionConverter.readBareItem(AbstractCollectionConverter.java:132) [xstream-1.4.20.jar:1.4.20]
	at org.apache.jmeter.save.converters.TestElementConverter.unmarshal(TestElementConverter.java:109) [ApacheJMeter_core.jar:5.6.3]
	at com.thoughtworks.xstream.core.TreeUnmarshaller.convert(TreeUnmarshaller.java:74) [xstream-1.4.20.jar:1.4.20]
	at com.thoughtworks.xstream.core.AbstractReferenceUnmarshaller.convert(AbstractReferenceUnmarshaller.java:72) [xstream-1.4.20.jar:1.4.20]
	at com.thoughtworks.xstream.core.TreeUnmarshaller.convertAnother(TreeUnmarshaller.java:68) [xstream-1.4.20.jar:1.4.20]
	at com.thoughtworks.xstream.core.TreeUnmarshaller.convertAnother(TreeUnmarshaller.java:52) [xstream-1.4.20.jar:1.4.20]
	at com.thoughtworks.xstream.converters.collections.AbstractCollectionConverter.readBareItem(AbstractCollectionConverter.java:132) [xstream-1.4.20.jar:1.4.20]
	at org.apache.jmeter.save.converters.HashTreeConverter.unmarshal(HashTreeConverter.java:66) [ApacheJMeter_core.jar:5.6.3]
	at com.thoughtworks.xstream.core.TreeUnmarshaller.convert(TreeUnmarshaller.java:74) [xstream-1.4.20.jar:1.4.20]
	at com.thoughtworks.xstream.core.AbstractReferenceUnmarshaller.convert(AbstractReferenceUnmarshaller.java:72) [xstream-1.4.20.jar:1.4.20]
	at com.thoughtworks.xstream.core.TreeUnmarshaller.convertAnother(TreeUnmarshaller.java:68) [xstream-1.4.20.jar:1.4.20]
	at com.thoughtworks.xstream.core.TreeUnmarshaller.convertAnother(TreeUnmarshaller.java:52) [xstream-1.4.20.jar:1.4.20]
	at com.thoughtworks.xstream.converters.collections.AbstractCollectionConverter.readBareItem(AbstractCollectionConverter.java:132) [xstream-1.4.20.jar:1.4.20]
	at org.apache.jmeter.save.converters.HashTreeConverter.unmarshal(HashTreeConverter.java:66) [ApacheJMeter_core.jar:5.6.3]
	at com.thoughtworks.xstream.core.TreeUnmarshaller.convert(TreeUnmarshaller.java:74) [xstream-1.4.20.jar:1.4.20]
	at com.thoughtworks.xstream.core.AbstractReferenceUnmarshaller.convert(AbstractReferenceUnmarshaller.java:72) [xstream-1.4.20.jar:1.4.20]
	at com.thoughtworks.xstream.core.TreeUnmarshaller.convertAnother(TreeUnmarshaller.java:68) [xstream-1.4.20.jar:1.4.20]
	at com.thoughtworks.xstream.core.TreeUnmarshaller.convertAnother(TreeUnmarshaller.java:52) [xstream-1.4.20.jar:1.4.20]
	at com.thoughtworks.xstream.converters.collections.AbstractCollectionConverter.readBareItem(AbstractCollectionConverter.java:132) [xstream-1.4.20.jar:1.4.20]
	at org.apache.jmeter.save.converters.HashTreeConverter.unmarshal(HashTreeConverter.java:66) [ApacheJMeter_core.jar:5.6.3]
	at com.thoughtworks.xstream.core.TreeUnmarshaller.convert(TreeUnmarshaller.java:74) [xstream-1.4.20.jar:1.4.20]
	at com.thoughtworks.xstream.core.AbstractReferenceUnmarshaller.convert(AbstractReferenceUnmarshaller.java:72) [xstream-1.4.20.jar:1.4.20]
	at com.thoughtworks.xstream.core.TreeUnmarshaller.convertAnother(TreeUnmarshaller.java:68) [xstream-1.4.20.jar:1.4.20]
	at com.thoughtworks.xstream.core.TreeUnmarshaller.convertAnother(TreeUnmarshaller.java:52) [xstream-1.4.20.jar:1.4.20]
	at com.thoughtworks.xstream.converters.collections.AbstractCollectionConverter.readBareItem(AbstractCollectionConverter.java:132) [xstream-1.4.20.jar:1.4.20]
	at org.apache.jmeter.save.converters.HashTreeConverter.unmarshal(HashTreeConverter.java:66) [ApacheJMeter_core.jar:5.6.3]
	at com.thoughtworks.xstream.core.TreeUnmarshaller.convert(TreeUnmarshaller.java:74) [xstream-1.4.20.jar:1.4.20]
	at com.thoughtworks.xstream.core.AbstractReferenceUnmarshaller.convert(AbstractReferenceUnmarshaller.java:72) [xstream-1.4.20.jar:1.4.20]
	at com.thoughtworks.xstream.core.TreeUnmarshaller.convertAnother(TreeUnmarshaller.java:68) [xstream-1.4.20.jar:1.4.20]
	at com.thoughtworks.xstream.core.TreeUnmarshaller.convertAnother(TreeUnmarshaller.java:52) [xstream-1.4.20.jar:1.4.20]
	at org.apache.jmeter.save.ScriptWrapperConverter.unmarshal(ScriptWrapperConverter.java:93) [ApacheJMeter_core.jar:5.6.3]
	at com.thoughtworks.xstream.core.TreeUnmarshaller.convert(TreeUnmarshaller.java:74) [xstream-1.4.20.jar:1.4.20]
	at com.thoughtworks.xstream.core.AbstractReferenceUnmarshaller.convert(AbstractReferenceUnmarshaller.java:72) [xstream-1.4.20.jar:1.4.20]
	at com.thoughtworks.xstream.core.TreeUnmarshaller.convertAnother(TreeUnmarshaller.java:68) [xstream-1.4.20.jar:1.4.20]
	at com.thoughtworks.xstream.core.TreeUnmarshaller.convertAnother(TreeUnmarshaller.java:52) [xstream-1.4.20.jar:1.4.20]
	at com.thoughtworks.xstream.core.TreeUnmarshaller.start(TreeUnmarshaller.java:136) [xstream-1.4.20.jar:1.4.20]
	at com.thoughtworks.xstream.core.AbstractTreeMarshallingStrategy.unmarshal(AbstractTreeMarshallingStrategy.java:32) [xstream-1.4.20.jar:1.4.20]
	at com.thoughtworks.xstream.XStream.unmarshal(XStream.java:1464) [xstream-1.4.20.jar:1.4.20]
	at com.thoughtworks.xstream.XStream.unmarshal(XStream.java:1441) [xstream-1.4.20.jar:1.4.20]
	at com.thoughtworks.xstream.XStream.fromXML(XStream.java:1321) [xstream-1.4.20.jar:1.4.20]
	at org.apache.jmeter.save.SaveService.readTree(SaveService.java:446) [ApacheJMeter_core.jar:5.6.3]
	at org.apache.jmeter.save.SaveService.loadTree(SaveService.java:429) [ApacheJMeter_core.jar:5.6.3]
	at org.apache.jmeter.JMeter.runNonGui(JMeter.java:954) [ApacheJMeter_core.jar:5.6.3]
	at org.apache.jmeter.JMeter.startNonGui(JMeter.java:940) [ApacheJMeter_core.jar:5.6.3]
	at org.apache.jmeter.JMeter.start(JMeter.java:508) [ApacheJMeter_core.jar:5.6.3]
	at java.base/jdk.internal.reflect.DirectMethodHandleAccessor.invoke(DirectMethodHandleAccessor.java:103) ~[?:?]
	at java.base/java.lang.reflect.Method.invoke(Method.java:580) ~[?:?]
	at org.apache.jmeter.NewDriver.main(NewDriver.java:259) [ApacheJMeter.jar:5.6.3]
2026-10-09 09:47:43,790 ERROR o.a.j.s.c.TestElementPropertyConverter: Couldn't unmarshall TestElementProperty
java.lang.IllegalArgumentException: Name cannot be null
	at org.apache.jmeter.testelement.property.AbstractProperty.setName(AbstractProperty.java:72) ~[ApacheJMeter_core.jar:5.6.3]
	at org.apache.jmeter.save.converters.TestElementPropertyConverter.unmarshal(TestElementPropertyConverter.java:100) [ApacheJMeter_core.jar:5.6.3]
	at com.thoughtworks.xstream.core.TreeUnmarshaller.convert(TreeUnmarshaller.java:74) [xstream-1.4.20.jar:1.4.20]
	at com.thoughtworks.xstream.core.AbstractReferenceUnmarshaller.convert(AbstractReferenceUnmarshaller.java:72) [xstream-1.4.20.jar:1.4.20]
	at com.thoughtworks.xstream.core.TreeUnmarshaller.convertAnother(TreeUnmarshaller.java:68) [xstream-1.4.20.jar:1.4.20]
	at com.thoughtworks.xstream.core.TreeUnmarshaller.convertAnother(TreeUnmarshaller.java:52) [xstream-1.4.20.jar:1.4.20]
	at com.thoughtworks.xstream.converters.collections.AbstractCollectionConverter.readBareItem(AbstractCollectionConverter.java:132) [xstream-1.4.20.jar:1.4.20]
	at org.apache.jmeter.save.converters.MultiPropertyConverter.unmarshal(MultiPropertyConverter.java:68) [ApacheJMeter_core.jar:5.6.3]
	at com.thoughtworks.xstream.core.TreeUnmarshaller.convert(TreeUnmarshaller.java:74) [xstream-1.4.20.jar:1.4.20]
	at com.thoughtworks.xstream.core.AbstractReferenceUnmarshaller.convert(AbstractReferenceUnmarshaller.java:72) [xstream-1.4.20.jar:1.4.20]
	at com.thoughtworks.xstream.core.TreeUnmarshaller.convertAnother(TreeUnmarshaller.java:68) [xstream-1.4.20.jar:1.4.20]
	at com.thoughtworks.xstream.core.TreeUnmarshaller.convertAnother(TreeUnmarshaller.java:52) [xstream-1.4.20.jar:1.4.20]
	at com.thoughtworks.xstream.converters.collections.AbstractCollectionConverter.readBareItem(AbstractCollectionConverter.java:132) [xstream-1.4.20.jar:1.4.20]
	at org.apache.jmeter.save.converters.TestElementConverter.unmarshal(TestElementConverter.java:109) [ApacheJMeter_core.jar:5.6.3]
	at com.thoughtworks.xstream.core.TreeUnmarshaller.convert(TreeUnmarshaller.java:74) [xstream-1.4.20.jar:1.4.20]
	at com.thoughtworks.xstream.core.AbstractReferenceUnmarshaller.convert(AbstractReferenceUnmarshaller.java:72) [xstream-1.4.20.jar:1.4.20]
	at com.thoughtworks.xstream.core.TreeUnmarshaller.convertAnother(TreeUnmarshaller.java:68) [xstream-1.4.20.jar:1.4.20]
	at com.thoughtworks.xstream.core.TreeUnmarshaller.convertAnother(TreeUnmarshaller.java:52) [xstream-1.4.20.jar:1.4.20]
	at com.thoughtworks.xstream.converters.collections.AbstractCollectionConverter.readBareItem(AbstractCollectionConverter.java:132) [xstream-1.4.20.jar:1.4.20]
	at org.apache.jmeter.save.converters.HashTreeConverter.unmarshal(HashTreeConverter.java:66) [ApacheJMeter_core.jar:5.6.3]
	at com.thoughtworks.xstream.core.TreeUnmarshaller.convert(TreeUnmarshaller.java:74) [xstream-1.4.20.jar:1.4.20]
	at com.thoughtworks.xstream.core.AbstractReferenceUnmarshaller.convert(AbstractReferenceUnmarshaller.java:72) [xstream-1.4.20.jar:1.4.20]
	at com.thoughtworks.xstream.core.TreeUnmarshaller.convertAnother(TreeUnmarshaller.java:68) [xstream-1.4.20.jar:1.4.20]
	at com.thoughtworks.xstream.core.TreeUnmarshaller.convertAnother(TreeUnmarshaller.java:52) [xstream-1.4.20.jar:1.4.20]
	at com.thoughtworks.xstream.converters.collections.AbstractCollectionConverter.readBareItem(AbstractCollectionConverter.java:132) [xstream-1.4.20.jar:1.4.20]
	at org.apache.jmeter.save.converters.HashTreeConverter.unmarshal(HashTreeConverter.java:66) [ApacheJMeter_core.jar:5.6.3]
	at com.thoughtworks.xstream.core.TreeUnmarshaller.convert(TreeUnmarshaller.java:74) [xstream-1.4.20.jar:1.4.20]
	at com.thoughtworks.xstream.core.AbstractReferenceUnmarshaller.convert(AbstractReferenceUnmarshaller.java:72) [xstream-1.4.20.jar:1.4.20]
	at com.thoughtworks.xstream.core.TreeUnmarshaller.convertAnother(TreeUnmarshaller.java:68) [xstream-1.4.20.jar:1.4.20]
	at com.thoughtworks.xstream.core.TreeUnmarshaller.convertAnother(TreeUnmarshaller.java:52) [xstream-1.4.20.jar:1.4.20]
	at com.thoughtworks.xstream.converters.collections.AbstractCollectionConverter.readBareItem(AbstractCollectionConverter.java:132) [xstream-1.4.20.jar:1.4.20]
	at org.apache.jmeter.save.converters.HashTreeConverter.unmarshal(HashTreeConverter.java:66) [ApacheJMeter_core.jar:5.6.3]
	at com.thoughtworks.xstream.core.TreeUnmarshaller.convert(TreeUnmarshaller.java:74) [xstream-1.4.20.jar:1.4.20]
	at com.thoughtworks.xstream.core.AbstractReferenceUnmarshaller.convert(AbstractReferenceUnmarshaller.java:72) [xstream-1.4.20.jar:1.4.20]
	at com.thoughtworks.xstream.core.TreeUnmarshaller.convertAnother(TreeUnmarshaller.java:68) [xstream-1.4.20.jar:1.4.20]
	at com.thoughtworks.xstream.core.TreeUnmarshaller.convertAnother(TreeUnmarshaller.java:52) [xstream-1.4.20.jar:1.4.20]
	at com.thoughtworks.xstream.converters.collections.AbstractCollectionConverter.readBareItem(AbstractCollectionConverter.java:132) [xstream-1.4.20.jar:1.4.20]
	at org.apache.jmeter.save.converters.HashTreeConverter.unmarshal(HashTreeConverter.java:66) [ApacheJMeter_core.jar:5.6.3]
	at com.thoughtworks.xstream.core.TreeUnmarshaller.convert(TreeUnmarshaller.java:74) [xstream-1.4.20.jar:1.4.20]
	at com.thoughtworks.xstream.core.AbstractReferenceUnmarshaller.convert(AbstractReferenceUnmarshaller.java:72) [xstream-1.4.20.jar:1.4.20]
	at com.thoughtworks.xstream.core.TreeUnmarshaller.convertAnother(TreeUnmarshaller.java:68) [xstream-1.4.20.jar:1.4.20]
	at com.thoughtworks.xstream.core.TreeUnmarshaller.convertAnother(TreeUnmarshaller.java:52) [xstream-1.4.20.jar:1.4.20]
	at org.apache.jmeter.save.ScriptWrapperConverter.unmarshal(ScriptWrapperConverter.java:93) [ApacheJMeter_core.jar:5.6.3]
	at com.thoughtworks.xstream.core.TreeUnmarshaller.convert(TreeUnmarshaller.java:74) [xstream-1.4.20.jar:1.4.20]
	at com.thoughtworks.xstream.core.AbstractReferenceUnmarshaller.convert(AbstractReferenceUnmarshaller.java:72) [xstream-1.4.20.jar:1.4.20]
	at com.thoughtworks.xstream.core.TreeUnmarshaller.convertAnother(TreeUnmarshaller.java:68) [xstream-1.4.20.jar:1.4.20]
	at com.thoughtworks.xstream.core.TreeUnmarshaller.convertAnother(TreeUnmarshaller.java:52) [xstream-1.4.20.jar:1.4.20]
	at com.thoughtworks.xstream.core.TreeUnmarshaller.start(TreeUnmarshaller.java:136) [xstream-1.4.20.jar:1.4.20]
	at com.thoughtworks.xstream.core.AbstractTreeMarshallingStrategy.unmarshal(AbstractTreeMarshallingStrategy.java:32) [xstream-1.4.20.jar:1.4.20]
	at com.thoughtworks.xstream.XStream.unmarshal(XStream.java:1464) [xstream-1.4.20.jar:1.4.20]
	at com.thoughtworks.xstream.XStream.unmarshal(XStream.java:1441) [xstream-1.4.20.jar:1.4.20]
	at com.thoughtworks.xstream.XStream.fromXML(XStream.java:1321) [xstream-1.4.20.jar:1.4.20]
	at org.apache.jmeter.save.SaveService.readTree(SaveService.java:446) [ApacheJMeter_core.jar:5.6.3]
	at org.apache.jmeter.save.SaveService.loadTree(SaveService.java:429) [ApacheJMeter_core.jar:5.6.3]
	at org.apache.jmeter.JMeter.runNonGui(JMeter.java:954) [ApacheJMeter_core.jar:5.6.3]
	at org.apache.jmeter.JMeter.startNonGui(JMeter.java:940) [ApacheJMeter_core.jar:5.6.3]
	at org.apache.jmeter.JMeter.start(JMeter.java:508) [ApacheJMeter_core.jar:5.6.3]
	at java.base/jdk.internal.reflect.DirectMethodHandleAccessor.invoke(DirectMethodHandleAccessor.java:103) ~[?:?]
	at java.base/java.lang.reflect.Method.invoke(Method.java:580) ~[?:?]
	at org.apache.jmeter.NewDriver.main(NewDriver.java:259) [ApacheJMeter.jar:5.6.3]
2026-10-09 09:47:43,797 ERROR o.a.j.s.c.TestElementPropertyConverter: Couldn't unmarshall TestElementProperty
java.lang.IllegalArgumentException: Name cannot be null
	at org.apache.jmeter.testelement.property.AbstractProperty.setName(AbstractProperty.java:72) ~[ApacheJMeter_core.jar:5.6.3]
	at org.apache.jmeter.save.converters.TestElementPropertyConverter.unmarshal(TestElementPropertyConverter.java:100) [ApacheJMeter_core.jar:5.6.3]
	at com.thoughtworks.xstream.core.TreeUnmarshaller.convert(TreeUnmarshaller.java:74) [xstream-1.4.20.jar:1.4.20]
	at com.thoughtworks.xstream.core.AbstractReferenceUnmarshaller.convert(AbstractReferenceUnmarshaller.java:72) [xstream-1.4.20.jar:1.4.20]
	at com.thoughtworks.xstream.core.TreeUnmarshaller.convertAnother(TreeUnmarshaller.java:68) [xstream-1.4.20.jar:1.4.20]
	at com.thoughtworks.xstream.core.TreeUnmarshaller.convertAnother(TreeUnmarshaller.java:52) [xstream-1.4.20.jar:1.4.20]
	at com.thoughtworks.xstream.converters.collections.AbstractCollectionConverter.readBareItem(AbstractCollectionConverter.java:132) [xstream-1.4.20.jar:1.4.20]
	at org.apache.jmeter.save.converters.MultiPropertyConverter.unmarshal(MultiPropertyConverter.java:68) [ApacheJMeter_core.jar:5.6.3]
	at com.thoughtworks.xstream.core.TreeUnmarshaller.convert(TreeUnmarshaller.java:74) [xstream-1.4.20.jar:1.4.20]
	at com.thoughtworks.xstream.core.AbstractReferenceUnmarshaller.convert(AbstractReferenceUnmarshaller.java:72) [xstream-1.4.20.jar:1.4.20]
	at com.thoughtworks.xstream.core.TreeUnmarshaller.convertAnother(TreeUnmarshaller.java:68) [xstream-1.4.20.jar:1.4.20]
	at com.thoughtworks.xstream.core.TreeUnmarshaller.convertAnother(TreeUnmarshaller.java:52) [xstream-1.4.20.jar:1.4.20]
	at com.thoughtworks.xstream.converters.collections.AbstractCollectionConverter.readBareItem(AbstractCollectionConverter.java:132) [xstream-1.4.20.jar:1.4.20]
	at org.apache.jmeter.save.converters.TestElementConverter.unmarshal(TestElementConverter.java:109) [ApacheJMeter_core.jar:5.6.3]
	at com.thoughtworks.xstream.core.TreeUnmarshaller.convert(TreeUnmarshaller.java:74) [xstream-1.4.20.jar:1.4.20]
	at com.thoughtworks.xstream.core.AbstractReferenceUnmarshaller.convert(AbstractReferenceUnmarshaller.java:72) [xstream-1.4.20.jar:1.4.20]
	at com.thoughtworks.xstream.core.TreeUnmarshaller.convertAnother(TreeUnmarshaller.java:68) [xstream-1.4.20.jar:1.4.20]
	at com.thoughtworks.xstream.core.TreeUnmarshaller.convertAnother(TreeUnmarshaller.java:52) [xstream-1.4.20.jar:1.4.20]
	at com.thoughtworks.xstream.converters.collections.AbstractCollectionConverter.readBareItem(AbstractCollectionConverter.java:132) [xstream-1.4.20.jar:1.4.20]
	at org.apache.jmeter.save.converters.HashTreeConverter.unmarshal(HashTreeConverter.java:66) [ApacheJMeter_core.jar:5.6.3]
	at com.thoughtworks.xstream.core.TreeUnmarshaller.convert(TreeUnmarshaller.java:74) [xstream-1.4.20.jar:1.4.20]
	at com.thoughtworks.xstream.core.AbstractReferenceUnmarshaller.convert(AbstractReferenceUnmarshaller.java:72) [xstream-1.4.20.jar:1.4.20]
	at com.thoughtworks.xstream.core.TreeUnmarshaller.convertAnother(TreeUnmarshaller.java:68) [xstream-1.4.20.jar:1.4.20]
	at com.thoughtworks.xstream.core.TreeUnmarshaller.convertAnother(TreeUnmarshaller.java:52) [xstream-1.4.20.jar:1.4.20]
	at com.thoughtworks.xstream.converters.collections.AbstractCollectionConverter.readBareItem(AbstractCollectionConverter.java:132) [xstream-1.4.20.jar:1.4.20]
	at org.apache.jmeter.save.converters.HashTreeConverter.unmarshal(HashTreeConverter.java:66) [ApacheJMeter_core.jar:5.6.3]
	at com.thoughtworks.xstream.core.TreeUnmarshaller.convert(TreeUnmarshaller.java:74) [xstream-1.4.20.jar:1.4.20]
	at com.thoughtworks.xstream.core.AbstractReferenceUnmarshaller.convert(AbstractReferenceUnmarshaller.java:72) [xstream-1.4.20.jar:1.4.20]
	at com.thoughtworks.xstream.core.TreeUnmarshaller.convertAnother(TreeUnmarshaller.java:68) [xstream-1.4.20.jar:1.4.20]
	at com.thoughtworks.xstream.core.TreeUnmarshaller.convertAnother(TreeUnmarshaller.java:52) [xstream-1.4.20.jar:1.4.20]
	at com.thoughtworks.xstream.converters.collections.AbstractCollectionConverter.readBareItem(AbstractCollectionConverter.java:132) [xstream-1.4.20.jar:1.4.20]
	at org.apache.jmeter.save.converters.HashTreeConverter.unmarshal(HashTreeConverter.java:66) [ApacheJMeter_core.jar:5.6.3]
	at com.thoughtworks.xstream.core.TreeUnmarshaller.convert(TreeUnmarshaller.java:74) [xstream-1.4.20.jar:1.4.20]
	at com.thoughtworks.xstream.core.AbstractReferenceUnmarshaller.convert(AbstractReferenceUnmarshaller.java:72) [xstream-1.4.20.jar:1.4.20]
	at com.thoughtworks.xstream.core.TreeUnmarshaller.convertAnother(TreeUnmarshaller.java:68) [xstream-1.4.20.jar:1.4.20]
	at com.thoughtworks.xstream.core.TreeUnmarshaller.convertAnother(TreeUnmarshaller.java:52) [xstream-1.4.20.jar:1.4.20]
	at com.thoughtworks.xstream.converters.collections.AbstractCollectionConverter.readBareItem(AbstractCollectionConverter.java:132) [xstream-1.4.20.jar:1.4.20]
	at org.apache.jmeter.save.converters.HashTreeConverter.unmarshal(HashTreeConverter.java:66) [ApacheJMeter_core.jar:5.6.3]
	at com.thoughtworks.xstream.core.TreeUnmarshaller.convert(TreeUnmarshaller.java:74) [xstream-1.4.20.jar:1.4.20]
	at com.thoughtworks.xstream.core.AbstractReferenceUnmarshaller.convert(AbstractReferenceUnmarshaller.java:72) [xstream-1.4.20.jar:1.4.20]
	at com.thoughtworks.xstream.core.TreeUnmarshaller.convertAnother(TreeUnmarshaller.java:68) [xstream-1.4.20.jar:1.4.20]
	at com.thoughtworks.xstream.core.TreeUnmarshaller.convertAnother(TreeUnmarshaller.java:52) [xstream-1.4.20.jar:1.4.20]
	at org.apache.jmeter.save.ScriptWrapperConverter.unmarshal(ScriptWrapperConverter.java:93) [ApacheJMeter_core.jar:5.6.3]
	at com.thoughtworks.xstream.core.TreeUnmarshaller.convert(TreeUnmarshaller.java:74) [xstream-1.4.20.jar:1.4.20]
	at com.thoughtworks.xstream.core.AbstractReferenceUnmarshaller.convert(AbstractReferenceUnmarshaller.java:72) [xstream-1.4.20.jar:1.4.20]
	at com.thoughtworks.xstream.core.TreeUnmarshaller.convertAnother(TreeUnmarshaller.java:68) [xstream-1.4.20.jar:1.4.20]
	at com.thoughtworks.xstream.core.TreeUnmarshaller.convertAnother(TreeUnmarshaller.java:52) [xstream-1.4.20.jar:1.4.20]
	at com.thoughtworks.xstream.core.TreeUnmarshaller.start(TreeUnmarshaller.java:136) [xstream-1.4.20.jar:1.4.20]
	at com.thoughtworks.xstream.core.AbstractTreeMarshallingStrategy.unmarshal(AbstractTreeMarshallingStrategy.java:32) [xstream-1.4.20.jar:1.4.20]
	at com.thoughtworks.xstream.XStream.unmarshal(XStream.java:1464) [xstream-1.4.20.jar:1.4.20]
	at com.thoughtworks.xstream.XStream.unmarshal(XStream.java:1441) [xstream-1.4.20.jar:1.4.20]
	at com.thoughtworks.xstream.XStream.fromXML(XStream.java:1321) [xstream-1.4.20.jar:1.4.20]
	at org.apache.jmeter.save.SaveService.readTree(SaveService.java:446) [ApacheJMeter_core.jar:5.6.3]
	at org.apache.jmeter.save.SaveService.loadTree(SaveService.java:429) [ApacheJMeter_core.jar:5.6.3]
	at org.apache.jmeter.JMeter.runNonGui(JMeter.java:954) [ApacheJMeter_core.jar:5.6.3]
	at org.apache.jmeter.JMeter.startNonGui(JMeter.java:940) [ApacheJMeter_core.jar:5.6.3]
	at org.apache.jmeter.JMeter.start(JMeter.java:508) [ApacheJMeter_core.jar:5.6.3]
	at java.base/jdk.internal.reflect.DirectMethodHandleAccessor.invoke(DirectMethodHandleAccessor.java:103) ~[?:?]
	at java.base/java.lang.reflect.Method.invoke(Method.java:580) ~[?:?]
	at org.apache.jmeter.NewDriver.main(NewDriver.java:259) [ApacheJMeter.jar:5.6.3]
2026-10-09 09:47:43,797 ERROR o.a.j.s.c.TestElementPropertyConverter: Couldn't unmarshall TestElementProperty
java.lang.IllegalArgumentException: Name cannot be null
	at org.apache.jmeter.testelement.property.AbstractProperty.setName(AbstractProperty.java:72) ~[ApacheJMeter_core.jar:5.6.3]
	at org.apache.jmeter.save.converters.TestElementPropertyConverter.unmarshal(TestElementPropertyConverter.java:100) [ApacheJMeter_core.jar:5.6.3]
	at com.thoughtworks.xstream.core.TreeUnmarshaller.convert(TreeUnmarshaller.java:74) [xstream-1.4.20.jar:1.4.20]
	at com.thoughtworks.xstream.core.AbstractReferenceUnmarshaller.convert(AbstractReferenceUnmarshaller.java:72) [xstream-1.4.20.jar:1.4.20]
	at com.thoughtworks.xstream.core.TreeUnmarshaller.convertAnother(TreeUnmarshaller.java:68) [xstream-1.4.20.jar:1.4.20]
	at com.thoughtworks.xstream.core.TreeUnmarshaller.convertAnother(TreeUnmarshaller.java:52) [xstream-1.4.20.jar:1.4.20]
	at com.thoughtworks.xstream.converters.collections.AbstractCollectionConverter.readBareItem(AbstractCollectionConverter.java:132) [xstream-1.4.20.jar:1.4.20]
	at org.apache.jmeter.save.converters.MultiPropertyConverter.unmarshal(MultiPropertyConverter.java:68) [ApacheJMeter_core.jar:5.6.3]
	at com.thoughtworks.xstream.core.TreeUnmarshaller.convert(TreeUnmarshaller.java:74) [xstream-1.4.20.jar:1.4.20]
	at com.thoughtworks.xstream.core.AbstractReferenceUnmarshaller.convert(AbstractReferenceUnmarshaller.java:72) [xstream-1.4.20.jar:1.4.20]
	at com.thoughtworks.xstream.core.TreeUnmarshaller.convertAnother(TreeUnmarshaller.java:68) [xstream-1.4.20.jar:1.4.20]
	at com.thoughtworks.xstream.core.TreeUnmarshaller.convertAnother(TreeUnmarshaller.java:52) [xstream-1.4.20.jar:1.4.20]
	at com.thoughtworks.xstream.converters.collections.AbstractCollectionConverter.readBareItem(AbstractCollectionConverter.java:132) [xstream-1.4.20.jar:1.4.20]
	at org.apache.jmeter.save.converters.TestElementConverter.unmarshal(TestElementConverter.java:109) [ApacheJMeter_core.jar:5.6.3]
	at com.thoughtworks.xstream.core.TreeUnmarshaller.convert(TreeUnmarshaller.java:74) [xstream-1.4.20.jar:1.4.20]
	at com.thoughtworks.xstream.core.AbstractReferenceUnmarshaller.convert(AbstractReferenceUnmarshaller.java:72) [xstream-1.4.20.jar:1.4.20]
	at com.thoughtworks.xstream.core.TreeUnmarshaller.convertAnother(TreeUnmarshaller.java:68) [xstream-1.4.20.jar:1.4.20]
	at com.thoughtworks.xstream.core.TreeUnmarshaller.convertAnother(TreeUnmarshaller.java:52) [xstream-1.4.20.jar:1.4.20]
	at com.thoughtworks.xstream.converters.collections.AbstractCollectionConverter.readBareItem(AbstractCollectionConverter.java:132) [xstream-1.4.20.jar:1.4.20]
	at org.apache.jmeter.save.converters.HashTreeConverter.unmarshal(HashTreeConverter.java:66) [ApacheJMeter_core.jar:5.6.3]
	at com.thoughtworks.xstream.core.TreeUnmarshaller.convert(TreeUnmarshaller.java:74) [xstream-1.4.20.jar:1.4.20]
	at com.thoughtworks.xstream.core.AbstractReferenceUnmarshaller.convert(AbstractReferenceUnmarshaller.java:72) [xstream-1.4.20.jar:1.4.20]
	at com.thoughtworks.xstream.core.TreeUnmarshaller.convertAnother(TreeUnmarshaller.java:68) [xstream-1.4.20.jar:1.4.20]
	at com.thoughtworks.xstream.core.TreeUnmarshaller.convertAnother(TreeUnmarshaller.java:52) [xstream-1.4.20.jar:1.4.20]
	at com.thoughtworks.xstream.converters.collections.AbstractCollectionConverter.readBareItem(AbstractCollectionConverter.java:132) [xstream-1.4.20.jar:1.4.20]
	at org.apache.jmeter.save.converters.HashTreeConverter.unmarshal(HashTreeConverter.java:66) [ApacheJMeter_core.jar:5.6.3]
	at com.thoughtworks.xstream.core.TreeUnmarshaller.convert(TreeUnmarshaller.java:74) [xstream-1.4.20.jar:1.4.20]
	at com.thoughtworks.xstream.core.AbstractReferenceUnmarshaller.convert(AbstractReferenceUnmarshaller.java:72) [xstream-1.4.20.jar:1.4.20]
	at com.thoughtworks.xstream.core.TreeUnmarshaller.convertAnother(TreeUnmarshaller.java:68) [xstream-1.4.20.jar:1.4.20]
	at com.thoughtworks.xstream.core.TreeUnmarshaller.convertAnother(TreeUnmarshaller.java:52) [xstream-1.4.20.jar:1.4.20]
	at com.thoughtworks.xstream.converters.collections.AbstractCollectionConverter.readBareItem(AbstractCollectionConverter.java:132) [xstream-1.4.20.jar:1.4.20]
	at org.apache.jmeter.save.converters.HashTreeConverter.unmarshal(HashTreeConverter.java:66) [ApacheJMeter_core.jar:5.6.3]
	at com.thoughtworks.xstream.core.TreeUnmarshaller.convert(TreeUnmarshaller.java:74) [xstream-1.4.20.jar:1.4.20]
	at com.thoughtworks.xstream.core.AbstractReferenceUnmarshaller.convert(AbstractReferenceUnmarshaller.java:72) [xstream-1.4.20.jar:1.4.20]
	at com.thoughtworks.xstream.core.TreeUnmarshaller.convertAnother(TreeUnmarshaller.java:68) [xstream-1.4.20.jar:1.4.20]
	at com.thoughtworks.xstream.core.TreeUnmarshaller.convertAnother(TreeUnmarshaller.java:52) [xstream-1.4.20.jar:1.4.20]
	at com.thoughtworks.xstream.converters.collections.AbstractCollectionConverter.readBareItem(AbstractCollectionConverter.java:132) [xstream-1.4.20.jar:1.4.20]
	at org.apache.jmeter.save.converters.HashTreeConverter.unmarshal(HashTreeConverter.java:66) [ApacheJMeter_core.jar:5.6.3]
	at com.thoughtworks.xstream.core.TreeUnmarshaller.convert(TreeUnmarshaller.java:74) [xstream-1.4.20.jar:1.4.20]
	at com.thoughtworks.xstream.core.AbstractReferenceUnmarshaller.convert(AbstractReferenceUnmarshaller.java:72) [xstream-1.4.20.jar:1.4.20]
	at com.thoughtworks.xstream.core.TreeUnmarshaller.convertAnother(TreeUnmarshaller.java:68) [xstream-1.4.20.jar:1.4.20]
	at com.thoughtworks.xstream.core.TreeUnmarshaller.convertAnother(TreeUnmarshaller.java:52) [xstream-1.4.20.jar:1.4.20]
	at org.apache.jmeter.save.ScriptWrapperConverter.unmarshal(ScriptWrapperConverter.java:93) [ApacheJMeter_core.jar:5.6.3]
	at com.thoughtworks.xstream.core.TreeUnmarshaller.convert(TreeUnmarshaller.java:74) [xstream-1.4.20.jar:1.4.20]
	at com.thoughtworks.xstream.core.AbstractReferenceUnmarshaller.convert(AbstractReferenceUnmarshaller.java:72) [xstream-1.4.20.jar:1.4.20]
	at com.thoughtworks.xstream.core.TreeUnmarshaller.convertAnother(TreeUnmarshaller.java:68) [xstream-1.4.20.jar:1.4.20]
	at com.thoughtworks.xstream.core.TreeUnmarshaller.convertAnother(TreeUnmarshaller.java:52) [xstream-1.4.20.jar:1.4.20]
	at com.thoughtworks.xstream.core.TreeUnmarshaller.start(TreeUnmarshaller.java:136) [xstream-1.4.20.jar:1.4.20]
	at com.thoughtworks.xstream.core.AbstractTreeMarshallingStrategy.unmarshal(AbstractTreeMarshallingStrategy.java:32) [xstream-1.4.20.jar:1.4.20]
	at com.thoughtworks.xstream.XStream.unmarshal(XStream.java:1464) [xstream-1.4.20.jar:1.4.20]
	at com.thoughtworks.xstream.XStream.unmarshal(XStream.java:1441) [xstream-1.4.20.jar:1.4.20]
	at com.thoughtworks.xstream.XStream.fromXML(XStream.java:1321) [xstream-1.4.20.jar:1.4.20]
	at org.apache.jmeter.save.SaveService.readTree(SaveService.java:446) [ApacheJMeter_core.jar:5.6.3]
	at org.apache.jmeter.save.SaveService.loadTree(SaveService.java:429) [ApacheJMeter_core.jar:5.6.3]
	at org.apache.jmeter.JMeter.runNonGui(JMeter.java:954) [ApacheJMeter_core.jar:5.6.3]
	at org.apache.jmeter.JMeter.startNonGui(JMeter.java:940) [ApacheJMeter_core.jar:5.6.3]
	at org.apache.jmeter.JMeter.start(JMeter.java:508) [ApacheJMeter_core.jar:5.6.3]
	at java.base/jdk.internal.reflect.DirectMethodHandleAccessor.invoke(DirectMethodHandleAccessor.java:103) ~[?:?]
	at java.base/java.lang.reflect.Method.invoke(Method.java:580) ~[?:?]
	at org.apache.jmeter.NewDriver.main(NewDriver.java:259) [ApacheJMeter.jar:5.6.3]
2026-10-09 09:47:43,804 ERROR o.a.j.s.c.TestElementPropertyConverter: Couldn't unmarshall TestElementProperty
java.lang.IllegalArgumentException: Name cannot be null
	at org.apache.jmeter.testelement.property.AbstractProperty.setName(AbstractProperty.java:72) ~[ApacheJMeter_core.jar:5.6.3]
	at org.apache.jmeter.save.converters.TestElementPropertyConverter.unmarshal(TestElementPropertyConverter.java:100) [ApacheJMeter_core.jar:5.6.3]
	at com.thoughtworks.xstream.core.TreeUnmarshaller.convert(TreeUnmarshaller.java:74) [xstream-1.4.20.jar:1.4.20]
	at com.thoughtworks.xstream.core.AbstractReferenceUnmarshaller.convert(AbstractReferenceUnmarshaller.java:72) [xstream-1.4.20.jar:1.4.20]
	at com.thoughtworks.xstream.core.TreeUnmarshaller.convertAnother(TreeUnmarshaller.java:68) [xstream-1.4.20.jar:1.4.20]
	at com.thoughtworks.xstream.core.TreeUnmarshaller.convertAnother(TreeUnmarshaller.java:52) [xstream-1.4.20.jar:1.4.20]
	at com.thoughtworks.xstream.converters.collections.AbstractCollectionConverter.readBareItem(AbstractCollectionConverter.java:132) [xstream-1.4.20.jar:1.4.20]
	at org.apache.jmeter.save.converters.MultiPropertyConverter.unmarshal(MultiPropertyConverter.java:68) [ApacheJMeter_core.jar:5.6.3]
	at com.thoughtworks.xstream.core.TreeUnmarshaller.convert(TreeUnmarshaller.java:74) [xstream-1.4.20.jar:1.4.20]
	at com.thoughtworks.xstream.core.AbstractReferenceUnmarshaller.convert(AbstractReferenceUnmarshaller.java:72) [xstream-1.4.20.jar:1.4.20]
	at com.thoughtworks.xstream.core.TreeUnmarshaller.convertAnother(TreeUnmarshaller.java:68) [xstream-1.4.20.jar:1.4.20]
	at com.thoughtworks.xstream.core.TreeUnmarshaller.convertAnother(TreeUnmarshaller.java:52) [xstream-1.4.20.jar:1.4.20]
	at com.thoughtworks.xstream.converters.collections.AbstractCollectionConverter.readBareItem(AbstractCollectionConverter.java:132) [xstream-1.4.20.jar:1.4.20]
	at org.apache.jmeter.save.converters.TestElementConverter.unmarshal(TestElementConverter.java:109) [ApacheJMeter_core.jar:5.6.3]
	at com.thoughtworks.xstream.core.TreeUnmarshaller.convert(TreeUnmarshaller.java:74) [xstream-1.4.20.jar:1.4.20]
	at com.thoughtworks.xstream.core.AbstractReferenceUnmarshaller.convert(AbstractReferenceUnmarshaller.java:72) [xstream-1.4.20.jar:1.4.20]
	at com.thoughtworks.xstream.core.TreeUnmarshaller.convertAnother(TreeUnmarshaller.java:68) [xstream-1.4.20.jar:1.4.20]
	at com.thoughtworks.xstream.core.TreeUnmarshaller.convertAnother(TreeUnmarshaller.java:52) [xstream-1.4.20.jar:1.4.20]
	at com.thoughtworks.xstream.converters.collections.AbstractCollectionConverter.readBareItem(AbstractCollectionConverter.java:132) [xstream-1.4.20.jar:1.4.20]
	at org.apache.jmeter.save.converters.HashTreeConverter.unmarshal(HashTreeConverter.java:66) [ApacheJMeter_core.jar:5.6.3]
	at com.thoughtworks.xstream.core.TreeUnmarshaller.convert(TreeUnmarshaller.java:74) [xstream-1.4.20.jar:1.4.20]
	at com.thoughtworks.xstream.core.AbstractReferenceUnmarshaller.convert(AbstractReferenceUnmarshaller.java:72) [xstream-1.4.20.jar:1.4.20]
	at com.thoughtworks.xstream.core.TreeUnmarshaller.convertAnother(TreeUnmarshaller.java:68) [xstream-1.4.20.jar:1.4.20]
	at com.thoughtworks.xstream.core.TreeUnmarshaller.convertAnother(TreeUnmarshaller.java:52) [xstream-1.4.20.jar:1.4.20]
	at com.thoughtworks.xstream.converters.collections.AbstractCollectionConverter.readBareItem(AbstractCollectionConverter.java:132) [xstream-1.4.20.jar:1.4.20]
	at org.apache.jmeter.save.converters.HashTreeConverter.unmarshal(HashTreeConverter.java:66) [ApacheJMeter_core.jar:5.6.3]
	at com.thoughtworks.xstream.core.TreeUnmarshaller.convert(TreeUnmarshaller.java:74) [xstream-1.4.20.jar:1.4.20]
	at com.thoughtworks.xstream.core.AbstractReferenceUnmarshaller.convert(AbstractReferenceUnmarshaller.java:72) [xstream-1.4.20.jar:1.4.20]
	at com.thoughtworks.xstream.core.TreeUnmarshaller.convertAnother(TreeUnmarshaller.java:68) [xstream-1.4.20.jar:1.4.20]
	at com.thoughtworks.xstream.core.TreeUnmarshaller.convertAnother(TreeUnmarshaller.java:52) [xstream-1.4.20.jar:1.4.20]
	at com.thoughtworks.xstream.converters.collections.AbstractCollectionConverter.readBareItem(AbstractCollectionConverter.java:132) [xstream-1.4.20.jar:1.4.20]
	at org.apache.jmeter.save.converters.HashTreeConverter.unmarshal(HashTreeConverter.java:66) [ApacheJMeter_core.jar:5.6.3]
	at com.thoughtworks.xstream.core.TreeUnmarshaller.convert(TreeUnmarshaller.java:74) [xstream-1.4.20.jar:1.4.20]
	at com.thoughtworks.xstream.core.AbstractReferenceUnmarshaller.convert(AbstractReferenceUnmarshaller.java:72) [xstream-1.4.20.jar:1.4.20]
	at com.thoughtworks.xstream.core.TreeUnmarshaller.convertAnother(TreeUnmarshaller.java:68) [xstream-1.4.20.jar:1.4.20]
	at com.thoughtworks.xstream.core.TreeUnmarshaller.convertAnother(TreeUnmarshaller.java:52) [xstream-1.4.20.jar:1.4.20]
	at com.thoughtworks.xstream.converters.collections.AbstractCollectionConverter.readBareItem(AbstractCollectionConverter.java:132) [xstream-1.4.20.jar:1.4.20]
	at org.apache.jmeter.save.converters.HashTreeConverter.unmarshal(HashTreeConverter.java:66) [ApacheJMeter_core.jar:5.6.3]
	at com.thoughtworks.xstream.core.TreeUnmarshaller.convert(TreeUnmarshaller.java:74) [xstream-1.4.20.jar:1.4.20]
	at com.thoughtworks.xstream.core.AbstractReferenceUnmarshaller.convert(AbstractReferenceUnmarshaller.java:72) [xstream-1.4.20.jar:1.4.20]
	at com.thoughtworks.xstream.core.TreeUnmarshaller.convertAnother(TreeUnmarshaller.java:68) [xstream-1.4.20.jar:1.4.20]
	at com.thoughtworks.xstream.core.TreeUnmarshaller.convertAnother(TreeUnmarshaller.java:52) [xstream-1.4.20.jar:1.4.20]
	at org.apache.jmeter.save.ScriptWrapperConverter.unmarshal(ScriptWrapperConverter.java:93) [ApacheJMeter_core.jar:5.6.3]
	at com.thoughtworks.xstream.core.TreeUnmarshaller.convert(TreeUnmarshaller.java:74) [xstream-1.4.20.jar:1.4.20]
	at com.thoughtworks.xstream.core.AbstractReferenceUnmarshaller.convert(AbstractReferenceUnmarshaller.java:72) [xstream-1.4.20.jar:1.4.20]
	at com.thoughtworks.xstream.core.TreeUnmarshaller.convertAnother(TreeUnmarshaller.java:68) [xstream-1.4.20.jar:1.4.20]
	at com.thoughtworks.xstream.core.TreeUnmarshaller.convertAnother(TreeUnmarshaller.java:52) [xstream-1.4.20.jar:1.4.20]
	at com.thoughtworks.xstream.core.TreeUnmarshaller.start(TreeUnmarshaller.java:136) [xstream-1.4.20.jar:1.4.20]
	at com.thoughtworks.xstream.core.AbstractTreeMarshallingStrategy.unmarshal(AbstractTreeMarshallingStrategy.java:32) [xstream-1.4.20.jar:1.4.20]
	at com.thoughtworks.xstream.XStream.unmarshal(XStream.java:1464) [xstream-1.4.20.jar:1.4.20]
	at com.thoughtworks.xstream.XStream.unmarshal(XStream.java:1441) [xstream-1.4.20.jar:1.4.20]
	at com.thoughtworks.xstream.XStream.fromXML(XStream.java:1321) [xstream-1.4.20.jar:1.4.20]
	at org.apache.jmeter.save.SaveService.readTree(SaveService.java:446) [ApacheJMeter_core.jar:5.6.3]
	at org.apache.jmeter.save.SaveService.loadTree(SaveService.java:429) [ApacheJMeter_core.jar:5.6.3]
	at org.apache.jmeter.JMeter.runNonGui(JMeter.java:954) [ApacheJMeter_core.jar:5.6.3]
	at org.apache.jmeter.JMeter.startNonGui(JMeter.java:940) [ApacheJMeter_core.jar:5.6.3]
	at org.apache.jmeter.JMeter.start(JMeter.java:508) [ApacheJMeter_core.jar:5.6.3]
	at java.base/jdk.internal.reflect.DirectMethodHandleAccessor.invoke(DirectMethodHandleAccessor.java:103) ~[?:?]
	at java.base/java.lang.reflect.Method.invoke(Method.java:580) ~[?:?]
	at org.apache.jmeter.NewDriver.main(NewDriver.java:259) [ApacheJMeter.jar:5.6.3]
2026-10-09 09:47:43,807 ERROR o.a.j.s.c.TestElementPropertyConverter: Couldn't unmarshall TestElementProperty
java.lang.IllegalArgumentException: Name cannot be null
	at org.apache.jmeter.testelement.property.AbstractProperty.setName(AbstractProperty.java:72) ~[ApacheJMeter_core.jar:5.6.3]
	at org.apache.jmeter.save.converters.TestElementPropertyConverter.unmarshal(TestElementPropertyConverter.java:100) [ApacheJMeter_core.jar:5.6.3]
	at com.thoughtworks.xstream.core.TreeUnmarshaller.convert(TreeUnmarshaller.java:74) [xstream-1.4.20.jar:1.4.20]
	at com.thoughtworks.xstream.core.AbstractReferenceUnmarshaller.convert(AbstractReferenceUnmarshaller.java:72) [xstream-1.4.20.jar:1.4.20]
	at com.thoughtworks.xstream.core.TreeUnmarshaller.convertAnother(TreeUnmarshaller.java:68) [xstream-1.4.20.jar:1.4.20]
	at com.thoughtworks.xstream.core.TreeUnmarshaller.convertAnother(TreeUnmarshaller.java:52) [xstream-1.4.20.jar:1.4.20]
	at com.thoughtworks.xstream.converters.collections.AbstractCollectionConverter.readBareItem(AbstractCollectionConverter.java:132) [xstream-1.4.20.jar:1.4.20]
	at org.apache.jmeter.save.converters.MultiPropertyConverter.unmarshal(MultiPropertyConverter.java:68) [ApacheJMeter_core.jar:5.6.3]
	at com.thoughtworks.xstream.core.TreeUnmarshaller.convert(TreeUnmarshaller.java:74) [xstream-1.4.20.jar:1.4.20]
	at com.thoughtworks.xstream.core.AbstractReferenceUnmarshaller.convert(AbstractReferenceUnmarshaller.java:72) [xstream-1.4.20.jar:1.4.20]
	at com.thoughtworks.xstream.core.TreeUnmarshaller.convertAnother(TreeUnmarshaller.java:68) [xstream-1.4.20.jar:1.4.20]
	at com.thoughtworks.xstream.core.TreeUnmarshaller.convertAnother(TreeUnmarshaller.java:52) [xstream-1.4.20.jar:1.4.20]
	at com.thoughtworks.xstream.converters.collections.AbstractCollectionConverter.readBareItem(AbstractCollectionConverter.java:132) [xstream-1.4.20.jar:1.4.20]
	at org.apache.jmeter.save.converters.TestElementConverter.unmarshal(TestElementConverter.java:109) [ApacheJMeter_core.jar:5.6.3]
	at com.thoughtworks.xstream.core.TreeUnmarshaller.convert(TreeUnmarshaller.java:74) [xstream-1.4.20.jar:1.4.20]
	at com.thoughtworks.xstream.core.AbstractReferenceUnmarshaller.convert(AbstractReferenceUnmarshaller.java:72) [xstream-1.4.20.jar:1.4.20]
	at com.thoughtworks.xstream.core.TreeUnmarshaller.convertAnother(TreeUnmarshaller.java:68) [xstream-1.4.20.jar:1.4.20]
	at com.thoughtworks.xstream.core.TreeUnmarshaller.convertAnother(TreeUnmarshaller.java:52) [xstream-1.4.20.jar:1.4.20]
	at com.thoughtworks.xstream.converters.collections.AbstractCollectionConverter.readBareItem(AbstractCollectionConverter.java:132) [xstream-1.4.20.jar:1.4.20]
	at org.apache.jmeter.save.converters.HashTreeConverter.unmarshal(HashTreeConverter.java:66) [ApacheJMeter_core.jar:5.6.3]
	at com.thoughtworks.xstream.core.TreeUnmarshaller.convert(TreeUnmarshaller.java:74) [xstream-1.4.20.jar:1.4.20]
	at com.thoughtworks.xstream.core.AbstractReferenceUnmarshaller.convert(AbstractReferenceUnmarshaller.java:72) [xstream-1.4.20.jar:1.4.20]
	at com.thoughtworks.xstream.core.TreeUnmarshaller.convertAnother(TreeUnmarshaller.java:68) [xstream-1.4.20.jar:1.4.20]
	at com.thoughtworks.xstream.core.TreeUnmarshaller.convertAnother(TreeUnmarshaller.java:52) [xstream-1.4.20.jar:1.4.20]
	at com.thoughtworks.xstream.converters.collections.AbstractCollectionConverter.readBareItem(AbstractCollectionConverter.java:132) [xstream-1.4.20.jar:1.4.20]
	at org.apache.jmeter.save.converters.HashTreeConverter.unmarshal(HashTreeConverter.java:66) [ApacheJMeter_core.jar:5.6.3]
	at com.thoughtworks.xstream.core.TreeUnmarshaller.convert(TreeUnmarshaller.java:74) [xstream-1.4.20.jar:1.4.20]
	at com.thoughtworks.xstream.core.AbstractReferenceUnmarshaller.convert(AbstractReferenceUnmarshaller.java:72) [xstream-1.4.20.jar:1.4.20]
	at com.thoughtworks.xstream.core.TreeUnmarshaller.convertAnother(TreeUnmarshaller.java:68) [xstream-1.4.20.jar:1.4.20]
	at com.thoughtworks.xstream.core.TreeUnmarshaller.convertAnother(TreeUnmarshaller.java:52) [xstream-1.4.20.jar:1.4.20]
	at com.thoughtworks.xstream.converters.collections.AbstractCollectionConverter.readBareItem(AbstractCollectionConverter.java:132) [xstream-1.4.20.jar:1.4.20]
	at org.apache.jmeter.save.converters.HashTreeConverter.unmarshal(HashTreeConverter.java:66) [ApacheJMeter_core.jar:5.6.3]
	at com.thoughtworks.xstream.core.TreeUnmarshaller.convert(TreeUnmarshaller.java:74) [xstream-1.4.20.jar:1.4.20]
	at com.thoughtworks.xstream.core.AbstractReferenceUnmarshaller.convert(AbstractReferenceUnmarshaller.java:72) [xstream-1.4.20.jar:1.4.20]
	at com.thoughtworks.xstream.core.TreeUnmarshaller.convertAnother(TreeUnmarshaller.java:68) [xstream-1.4.20.jar:1.4.20]
	at com.thoughtworks.xstream.core.TreeUnmarshaller.convertAnother(TreeUnmarshaller.java:52) [xstream-1.4.20.jar:1.4.20]
	at com.thoughtworks.xstream.converters.collections.AbstractCollectionConverter.readBareItem(AbstractCollectionConverter.java:132) [xstream-1.4.20.jar:1.4.20]
	at org.apache.jmeter.save.converters.HashTreeConverter.unmarshal(HashTreeConverter.java:66) [ApacheJMeter_core.jar:5.6.3]
	at com.thoughtworks.xstream.core.TreeUnmarshaller.convert(TreeUnmarshaller.java:74) [xstream-1.4.20.jar:1.4.20]
	at com.thoughtworks.xstream.core.AbstractReferenceUnmarshaller.convert(AbstractReferenceUnmarshaller.java:72) [xstream-1.4.20.jar:1.4.20]
	at com.thoughtworks.xstream.core.TreeUnmarshaller.convertAnother(TreeUnmarshaller.java:68) [xstream-1.4.20.jar:1.4.20]
	at com.thoughtworks.xstream.core.TreeUnmarshaller.convertAnother(TreeUnmarshaller.java:52) [xstream-1.4.20.jar:1.4.20]
	at org.apache.jmeter.save.ScriptWrapperConverter.unmarshal(ScriptWrapperConverter.java:93) [ApacheJMeter_core.jar:5.6.3]
	at com.thoughtworks.xstream.core.TreeUnmarshaller.convert(TreeUnmarshaller.java:74) [xstream-1.4.20.jar:1.4.20]
	at com.thoughtworks.xstream.core.AbstractReferenceUnmarshaller.convert(AbstractReferenceUnmarshaller.java:72) [xstream-1.4.20.jar:1.4.20]
	at com.thoughtworks.xstream.core.TreeUnmarshaller.convertAnother(TreeUnmarshaller.java:68) [xstream-1.4.20.jar:1.4.20]
	at com.thoughtworks.xstream.core.TreeUnmarshaller.convertAnother(TreeUnmarshaller.java:52) [xstream-1.4.20.jar:1.4.20]
	at com.thoughtworks.xstream.core.TreeUnmarshaller.start(TreeUnmarshaller.java:136) [xstream-1.4.20.jar:1.4.20]
	at com.thoughtworks.xstream.core.AbstractTreeMarshallingStrategy.unmarshal(AbstractTreeMarshallingStrategy.java:32) [xstream-1.4.20.jar:1.4.20]
	at com.thoughtworks.xstream.XStream.unmarshal(XStream.java:1464) [xstream-1.4.20.jar:1.4.20]
	at com.thoughtworks.xstream.XStream.unmarshal(XStream.java:1441) [xstream-1.4.20.jar:1.4.20]
	at com.thoughtworks.xstream.XStream.fromXML(XStream.java:1321) [xstream-1.4.20.jar:1.4.20]
	at org.apache.jmeter.save.SaveService.readTree(SaveService.java:446) [ApacheJMeter_core.jar:5.6.3]
	at org.apache.jmeter.save.SaveService.loadTree(SaveService.java:429) [ApacheJMeter_core.jar:5.6.3]
	at org.apache.jmeter.JMeter.runNonGui(JMeter.java:954) [ApacheJMeter_core.jar:5.6.3]
	at org.apache.jmeter.JMeter.startNonGui(JMeter.java:940) [ApacheJMeter_core.jar:5.6.3]
	at org.apache.jmeter.JMeter.start(JMeter.java:508) [ApacheJMeter_core.jar:5.6.3]
	at java.base/jdk.internal.reflect.DirectMethodHandleAccessor.invoke(DirectMethodHandleAccessor.java:103) ~[?:?]
	at java.base/java.lang.reflect.Method.invoke(Method.java:580) ~[?:?]
	at org.apache.jmeter.NewDriver.main(NewDriver.java:259) [ApacheJMeter.jar:5.6.3]
2026-10-09 09:47:43,807 ERROR o.a.j.s.c.TestElementPropertyConverter: Couldn't unmarshall TestElementProperty
java.lang.IllegalArgumentException: Name cannot be null
	at org.apache.jmeter.testelement.property.AbstractProperty.setName(AbstractProperty.java:72) ~[ApacheJMeter_core.jar:5.6.3]
	at org.apache.jmeter.save.converters.TestElementPropertyConverter.unmarshal(TestElementPropertyConverter.java:100) [ApacheJMeter_core.jar:5.6.3]
	at com.thoughtworks.xstream.core.TreeUnmarshaller.convert(TreeUnmarshaller.java:74) [xstream-1.4.20.jar:1.4.20]
	at com.thoughtworks.xstream.core.AbstractReferenceUnmarshaller.convert(AbstractReferenceUnmarshaller.java:72) [xstream-1.4.20.jar:1.4.20]
	at com.thoughtworks.xstream.core.TreeUnmarshaller.convertAnother(TreeUnmarshaller.java:68) [xstream-1.4.20.jar:1.4.20]
	at com.thoughtworks.xstream.core.TreeUnmarshaller.convertAnother(TreeUnmarshaller.java:52) [xstream-1.4.20.jar:1.4.20]
	at com.thoughtworks.xstream.converters.collections.AbstractCollectionConverter.readBareItem(AbstractCollectionConverter.java:132) [xstream-1.4.20.jar:1.4.20]
	at org.apache.jmeter.save.converters.MultiPropertyConverter.unmarshal(MultiPropertyConverter.java:68) [ApacheJMeter_core.jar:5.6.3]
	at com.thoughtworks.xstream.core.TreeUnmarshaller.convert(TreeUnmarshaller.java:74) [xstream-1.4.20.jar:1.4.20]
	at com.thoughtworks.xstream.core.AbstractReferenceUnmarshaller.convert(AbstractReferenceUnmarshaller.java:72) [xstream-1.4.20.jar:1.4.20]
	at com.thoughtworks.xstream.core.TreeUnmarshaller.convertAnother(TreeUnmarshaller.java:68) [xstream-1.4.20.jar:1.4.20]
	at com.thoughtworks.xstream.core.TreeUnmarshaller.convertAnother(TreeUnmarshaller.java:52) [xstream-1.4.20.jar:1.4.20]
	at com.thoughtworks.xstream.converters.collections.AbstractCollectionConverter.readBareItem(AbstractCollectionConverter.java:132) [xstream-1.4.20.jar:1.4.20]
	at org.apache.jmeter.save.converters.TestElementConverter.unmarshal(TestElementConverter.java:109) [ApacheJMeter_core.jar:5.6.3]
	at com.thoughtworks.xstream.core.TreeUnmarshaller.convert(TreeUnmarshaller.java:74) [xstream-1.4.20.jar:1.4.20]
	at com.thoughtworks.xstream.core.AbstractReferenceUnmarshaller.convert(AbstractReferenceUnmarshaller.java:72) [xstream-1.4.20.jar:1.4.20]
	at com.thoughtworks.xstream.core.TreeUnmarshaller.convertAnother(TreeUnmarshaller.java:68) [xstream-1.4.20.jar:1.4.20]
	at com.thoughtworks.xstream.core.TreeUnmarshaller.convertAnother(TreeUnmarshaller.java:52) [xstream-1.4.20.jar:1.4.20]
	at com.thoughtworks.xstream.converters.collections.AbstractCollectionConverter.readBareItem(AbstractCollectionConverter.java:132) [xstream-1.4.20.jar:1.4.20]
	at org.apache.jmeter.save.converters.HashTreeConverter.unmarshal(HashTreeConverter.java:66) [ApacheJMeter_core.jar:5.6.3]
	at com.thoughtworks.xstream.core.TreeUnmarshaller.convert(TreeUnmarshaller.java:74) [xstream-1.4.20.jar:1.4.20]
	at com.thoughtworks.xstream.core.AbstractReferenceUnmarshaller.convert(AbstractReferenceUnmarshaller.java:72) [xstream-1.4.20.jar:1.4.20]
	at com.thoughtworks.xstream.core.TreeUnmarshaller.convertAnother(TreeUnmarshaller.java:68) [xstream-1.4.20.jar:1.4.20]
	at com.thoughtworks.xstream.core.TreeUnmarshaller.convertAnother(TreeUnmarshaller.java:52) [xstream-1.4.20.jar:1.4.20]
	at com.thoughtworks.xstream.converters.collections.AbstractCollectionConverter.readBareItem(AbstractCollectionConverter.java:132) [xstream-1.4.20.jar:1.4.20]
	at org.apache.jmeter.save.converters.HashTreeConverter.unmarshal(HashTreeConverter.java:66) [ApacheJMeter_core.jar:5.6.3]
	at com.thoughtworks.xstream.core.TreeUnmarshaller.convert(TreeUnmarshaller.java:74) [xstream-1.4.20.jar:1.4.20]
	at com.thoughtworks.xstream.core.AbstractReferenceUnmarshaller.convert(AbstractReferenceUnmarshaller.java:72) [xstream-1.4.20.jar:1.4.20]
	at com.thoughtworks.xstream.core.TreeUnmarshaller.convertAnother(TreeUnmarshaller.java:68) [xstream-1.4.20.jar:1.4.20]
	at com.thoughtworks.xstream.core.TreeUnmarshaller.convertAnother(TreeUnmarshaller.java:52) [xstream-1.4.20.jar:1.4.20]
	at com.thoughtworks.xstream.converters.collections.AbstractCollectionConverter.readBareItem(AbstractCollectionConverter.java:132) [xstream-1.4.20.jar:1.4.20]
	at org.apache.jmeter.save.converters.HashTreeConverter.unmarshal(HashTreeConverter.java:66) [ApacheJMeter_core.jar:5.6.3]
	at com.thoughtworks.xstream.core.TreeUnmarshaller.convert(TreeUnmarshaller.java:74) [xstream-1.4.20.jar:1.4.20]
	at com.thoughtworks.xstream.core.AbstractReferenceUnmarshaller.convert(AbstractReferenceUnmarshaller.java:72) [xstream-1.4.20.jar:1.4.20]
	at com.thoughtworks.xstream.core.TreeUnmarshaller.convertAnother(TreeUnmarshaller.java:68) [xstream-1.4.20.jar:1.4.20]
	at com.thoughtworks.xstream.core.TreeUnmarshaller.convertAnother(TreeUnmarshaller.java:52) [xstream-1.4.20.jar:1.4.20]
	at com.thoughtworks.xstream.converters.collections.AbstractCollectionConverter.readBareItem(AbstractCollectionConverter.java:132) [xstream-1.4.20.jar:1.4.20]
	at org.apache.jmeter.save.converters.HashTreeConverter.unmarshal(HashTreeConverter.java:66) [ApacheJMeter_core.jar:5.6.3]
	at com.thoughtworks.xstream.core.TreeUnmarshaller.convert(TreeUnmarshaller.java:74) [xstream-1.4.20.jar:1.4.20]
	at com.thoughtworks.xstream.core.AbstractReferenceUnmarshaller.convert(AbstractReferenceUnmarshaller.java:72) [xstream-1.4.20.jar:1.4.20]
	at com.thoughtworks.xstream.core.TreeUnmarshaller.convertAnother(TreeUnmarshaller.java:68) [xstream-1.4.20.jar:1.4.20]
	at com.thoughtworks.xstream.core.TreeUnmarshaller.convertAnother(TreeUnmarshaller.java:52) [xstream-1.4.20.jar:1.4.20]
	at org.apache.jmeter.save.ScriptWrapperConverter.unmarshal(ScriptWrapperConverter.java:93) [ApacheJMeter_core.jar:5.6.3]
	at com.thoughtworks.xstream.core.TreeUnmarshaller.convert(TreeUnmarshaller.java:74) [xstream-1.4.20.jar:1.4.20]
	at com.thoughtworks.xstream.core.AbstractReferenceUnmarshaller.convert(AbstractReferenceUnmarshaller.java:72) [xstream-1.4.20.jar:1.4.20]
	at com.thoughtworks.xstream.core.TreeUnmarshaller.convertAnother(TreeUnmarshaller.java:68) [xstream-1.4.20.jar:1.4.20]
	at com.thoughtworks.xstream.core.TreeUnmarshaller.convertAnother(TreeUnmarshaller.java:52) [xstream-1.4.20.jar:1.4.20]
	at com.thoughtworks.xstream.core.TreeUnmarshaller.start(TreeUnmarshaller.java:136) [xstream-1.4.20.jar:1.4.20]
	at com.thoughtworks.xstream.core.AbstractTreeMarshallingStrategy.unmarshal(AbstractTreeMarshallingStrategy.java:32) [xstream-1.4.20.jar:1.4.20]
	at com.thoughtworks.xstream.XStream.unmarshal(XStream.java:1464) [xstream-1.4.20.jar:1.4.20]
	at com.thoughtworks.xstream.XStream.unmarshal(XStream.java:1441) [xstream-1.4.20.jar:1.4.20]
	at com.thoughtworks.xstream.XStream.fromXML(XStream.java:1321) [xstream-1.4.20.jar:1.4.20]
	at org.apache.jmeter.save.SaveService.readTree(SaveService.java:446) [ApacheJMeter_core.jar:5.6.3]
	at org.apache.jmeter.save.SaveService.loadTree(SaveService.java:429) [ApacheJMeter_core.jar:5.6.3]
	at org.apache.jmeter.JMeter.runNonGui(JMeter.java:954) [ApacheJMeter_core.jar:5.6.3]
	at org.apache.jmeter.JMeter.startNonGui(JMeter.java:940) [ApacheJMeter_core.jar:5.6.3]
	at org.apache.jmeter.JMeter.start(JMeter.java:508) [ApacheJMeter_core.jar:5.6.3]
	at java.base/jdk.internal.reflect.DirectMethodHandleAccessor.invoke(DirectMethodHandleAccessor.java:103) ~[?:?]
	at java.base/java.lang.reflect.Method.invoke(Method.java:580) ~[?:?]
	at org.apache.jmeter.NewDriver.main(NewDriver.java:259) [ApacheJMeter.jar:5.6.3]
2026-10-09 09:47:43,810 ERROR o.a.j.s.c.TestElementPropertyConverter: Couldn't unmarshall TestElementProperty
java.lang.IllegalArgumentException: Name cannot be null
	at org.apache.jmeter.testelement.property.AbstractProperty.setName(AbstractProperty.java:72) ~[ApacheJMeter_core.jar:5.6.3]
	at org.apache.jmeter.save.converters.TestElementPropertyConverter.unmarshal(TestElementPropertyConverter.java:100) [ApacheJMeter_core.jar:5.6.3]
	at com.thoughtworks.xstream.core.TreeUnmarshaller.convert(TreeUnmarshaller.java:74) [xstream-1.4.20.jar:1.4.20]
	at com.thoughtworks.xstream.core.AbstractReferenceUnmarshaller.convert(AbstractReferenceUnmarshaller.java:72) [xstream-1.4.20.jar:1.4.20]
	at com.thoughtworks.xstream.core.TreeUnmarshaller.convertAnother(TreeUnmarshaller.java:68) [xstream-1.4.20.jar:1.4.20]
	at com.thoughtworks.xstream.core.TreeUnmarshaller.convertAnother(TreeUnmarshaller.java:52) [xstream-1.4.20.jar:1.4.20]
	at com.thoughtworks.xstream.converters.collections.AbstractCollectionConverter.readBareItem(AbstractCollectionConverter.java:132) [xstream-1.4.20.jar:1.4.20]
	at org.apache.jmeter.save.converters.MultiPropertyConverter.unmarshal(MultiPropertyConverter.java:68) [ApacheJMeter_core.jar:5.6.3]
	at com.thoughtworks.xstream.core.TreeUnmarshaller.convert(TreeUnmarshaller.java:74) [xstream-1.4.20.jar:1.4.20]
	at com.thoughtworks.xstream.core.AbstractReferenceUnmarshaller.convert(AbstractReferenceUnmarshaller.java:72) [xstream-1.4.20.jar:1.4.20]
	at com.thoughtworks.xstream.core.TreeUnmarshaller.convertAnother(TreeUnmarshaller.java:68) [xstream-1.4.20.jar:1.4.20]
	at com.thoughtworks.xstream.core.TreeUnmarshaller.convertAnother(TreeUnmarshaller.java:52) [xstream-1.4.20.jar:1.4.20]
	at com.thoughtworks.xstream.converters.collections.AbstractCollectionConverter.readBareItem(AbstractCollectionConverter.java:132) [xstream-1.4.20.jar:1.4.20]
	at org.apache.jmeter.save.converters.TestElementConverter.unmarshal(TestElementConverter.java:109) [ApacheJMeter_core.jar:5.6.3]
	at com.thoughtworks.xstream.core.TreeUnmarshaller.convert(TreeUnmarshaller.java:74) [xstream-1.4.20.jar:1.4.20]
	at com.thoughtworks.xstream.core.AbstractReferenceUnmarshaller.convert(AbstractReferenceUnmarshaller.java:72) [xstream-1.4.20.jar:1.4.20]
	at com.thoughtworks.xstream.core.TreeUnmarshaller.convertAnother(TreeUnmarshaller.java:68) [xstream-1.4.20.jar:1.4.20]
	at com.thoughtworks.xstream.core.TreeUnmarshaller.convertAnother(TreeUnmarshaller.java:52) [xstream-1.4.20.jar:1.4.20]
	at com.thoughtworks.xstream.converters.collections.AbstractCollectionConverter.readBareItem(AbstractCollectionConverter.java:132) [xstream-1.4.20.jar:1.4.20]
	at org.apache.jmeter.save.converters.HashTreeConverter.unmarshal(HashTreeConverter.java:66) [ApacheJMeter_core.jar:5.6.3]
	at com.thoughtworks.xstream.core.TreeUnmarshaller.convert(TreeUnmarshaller.java:74) [xstream-1.4.20.jar:1.4.20]
	at com.thoughtworks.xstream.core.AbstractReferenceUnmarshaller.convert(AbstractReferenceUnmarshaller.java:72) [xstream-1.4.20.jar:1.4.20]
	at com.thoughtworks.xstream.core.TreeUnmarshaller.convertAnother(TreeUnmarshaller.java:68) [xstream-1.4.20.jar:1.4.20]
	at com.thoughtworks.xstream.core.TreeUnmarshaller.convertAnother(TreeUnmarshaller.java:52) [xstream-1.4.20.jar:1.4.20]
	at com.thoughtworks.xstream.converters.collections.AbstractCollectionConverter.readBareItem(AbstractCollectionConverter.java:132) [xstream-1.4.20.jar:1.4.20]
	at org.apache.jmeter.save.converters.HashTreeConverter.unmarshal(HashTreeConverter.java:66) [ApacheJMeter_core.jar:5.6.3]
	at com.thoughtworks.xstream.core.TreeUnmarshaller.convert(TreeUnmarshaller.java:74) [xstream-1.4.20.jar:1.4.20]
	at com.thoughtworks.xstream.core.AbstractReferenceUnmarshaller.convert(AbstractReferenceUnmarshaller.java:72) [xstream-1.4.20.jar:1.4.20]
	at com.thoughtworks.xstream.core.TreeUnmarshaller.convertAnother(TreeUnmarshaller.java:68) [xstream-1.4.20.jar:1.4.20]
	at com.thoughtworks.xstream.core.TreeUnmarshaller.convertAnother(TreeUnmarshaller.java:52) [xstream-1.4.20.jar:1.4.20]
	at com.thoughtworks.xstream.converters.collections.AbstractCollectionConverter.readBareItem(AbstractCollectionConverter.java:132) [xstream-1.4.20.jar:1.4.20]
	at org.apache.jmeter.save.converters.HashTreeConverter.unmarshal(HashTreeConverter.java:66) [ApacheJMeter_core.jar:5.6.3]
	at com.thoughtworks.xstream.core.TreeUnmarshaller.convert(TreeUnmarshaller.java:74) [xstream-1.4.20.jar:1.4.20]
	at com.thoughtworks.xstream.core.AbstractReferenceUnmarshaller.convert(AbstractReferenceUnmarshaller.java:72) [xstream-1.4.20.jar:1.4.20]
	at com.thoughtworks.xstream.core.TreeUnmarshaller.convertAnother(TreeUnmarshaller.java:68) [xstream-1.4.20.jar:1.4.20]
	at com.thoughtworks.xstream.core.TreeUnmarshaller.convertAnother(TreeUnmarshaller.java:52) [xstream-1.4.20.jar:1.4.20]
	at com.thoughtworks.xstream.converters.collections.AbstractCollectionConverter.readBareItem(AbstractCollectionConverter.java:132) [xstream-1.4.20.jar:1.4.20]
	at org.apache.jmeter.save.converters.HashTreeConverter.unmarshal(HashTreeConverter.java:66) [ApacheJMeter_core.jar:5.6.3]
	at com.thoughtworks.xstream.core.TreeUnmarshaller.convert(TreeUnmarshaller.java:74) [xstream-1.4.20.jar:1.4.20]
	at com.thoughtworks.xstream.core.AbstractReferenceUnmarshaller.convert(AbstractReferenceUnmarshaller.java:72) [xstream-1.4.20.jar:1.4.20]
	at com.thoughtworks.xstream.core.TreeUnmarshaller.convertAnother(TreeUnmarshaller.java:68) [xstream-1.4.20.jar:1.4.20]
	at com.thoughtworks.xstream.core.TreeUnmarshaller.convertAnother(TreeUnmarshaller.java:52) [xstream-1.4.20.jar:1.4.20]
	at org.apache.jmeter.save.ScriptWrapperConverter.unmarshal(ScriptWrapperConverter.java:93) [ApacheJMeter_core.jar:5.6.3]
	at com.thoughtworks.xstream.core.TreeUnmarshaller.convert(TreeUnmarshaller.java:74) [xstream-1.4.20.jar:1.4.20]
	at com.thoughtworks.xstream.core.AbstractReferenceUnmarshaller.convert(AbstractReferenceUnmarshaller.java:72) [xstream-1.4.20.jar:1.4.20]
	at com.thoughtworks.xstream.core.TreeUnmarshaller.convertAnother(TreeUnmarshaller.java:68) [xstream-1.4.20.jar:1.4.20]
	at com.thoughtworks.xstream.core.TreeUnmarshaller.convertAnother(TreeUnmarshaller.java:52) [xstream-1.4.20.jar:1.4.20]
	at com.thoughtworks.xstream.core.TreeUnmarshaller.start(TreeUnmarshaller.java:136) [xstream-1.4.20.jar:1.4.20]
	at com.thoughtworks.xstream.core.AbstractTreeMarshallingStrategy.unmarshal(AbstractTreeMarshallingStrategy.java:32) [xstream-1.4.20.jar:1.4.20]
	at com.thoughtworks.xstream.XStream.unmarshal(XStream.java:1464) [xstream-1.4.20.jar:1.4.20]
	at com.thoughtworks.xstream.XStream.unmarshal(XStream.java:1441) [xstream-1.4.20.jar:1.4.20]
	at com.thoughtworks.xstream.XStream.fromXML(XStream.java:1321) [xstream-1.4.20.jar:1.4.20]
	at org.apache.jmeter.save.SaveService.readTree(SaveService.java:446) [ApacheJMeter_core.jar:5.6.3]
	at org.apache.jmeter.save.SaveService.loadTree(SaveService.java:429) [ApacheJMeter_core.jar:5.6.3]
	at org.apache.jmeter.JMeter.runNonGui(JMeter.java:954) [ApacheJMeter_core.jar:5.6.3]
	at org.apache.jmeter.JMeter.startNonGui(JMeter.java:940) [ApacheJMeter_core.jar:5.6.3]
	at org.apache.jmeter.JMeter.start(JMeter.java:508) [ApacheJMeter_core.jar:5.6.3]
	at java.base/jdk.internal.reflect.DirectMethodHandleAccessor.invoke(DirectMethodHandleAccessor.java:103) ~[?:?]
	at java.base/java.lang.reflect.Method.invoke(Method.java:580) ~[?:?]
	at org.apache.jmeter.NewDriver.main(NewDriver.java:259) [ApacheJMeter.jar:5.6.3]
2026-10-09 09:47:43,813 ERROR o.a.j.s.c.TestElementPropertyConverter: Couldn't unmarshall TestElementProperty
java.lang.IllegalArgumentException: Name cannot be null
	at org.apache.jmeter.testelement.property.AbstractProperty.setName(AbstractProperty.java:72) ~[ApacheJMeter_core.jar:5.6.3]
	at org.apache.jmeter.save.converters.TestElementPropertyConverter.unmarshal(TestElementPropertyConverter.java:100) [ApacheJMeter_core.jar:5.6.3]
	at com.thoughtworks.xstream.core.TreeUnmarshaller.convert(TreeUnmarshaller.java:74) [xstream-1.4.20.jar:1.4.20]
	at com.thoughtworks.xstream.core.AbstractReferenceUnmarshaller.convert(AbstractReferenceUnmarshaller.java:72) [xstream-1.4.20.jar:1.4.20]
	at com.thoughtworks.xstream.core.TreeUnmarshaller.convertAnother(TreeUnmarshaller.java:68) [xstream-1.4.20.jar:1.4.20]
	at com.thoughtworks.xstream.core.TreeUnmarshaller.convertAnother(TreeUnmarshaller.java:52) [xstream-1.4.20.jar:1.4.20]
	at com.thoughtworks.xstream.converters.collections.AbstractCollectionConverter.readBareItem(AbstractCollectionConverter.java:132) [xstream-1.4.20.jar:1.4.20]
	at org.apache.jmeter.save.converters.MultiPropertyConverter.unmarshal(MultiPropertyConverter.java:68) [ApacheJMeter_core.jar:5.6.3]
	at com.thoughtworks.xstream.core.TreeUnmarshaller.convert(TreeUnmarshaller.java:74) [xstream-1.4.20.jar:1.4.20]
	at com.thoughtworks.xstream.core.AbstractReferenceUnmarshaller.convert(AbstractReferenceUnmarshaller.java:72) [xstream-1.4.20.jar:1.4.20]
	at com.thoughtworks.xstream.core.TreeUnmarshaller.convertAnother(TreeUnmarshaller.java:68) [xstream-1.4.20.jar:1.4.20]
	at com.thoughtworks.xstream.core.TreeUnmarshaller.convertAnother(TreeUnmarshaller.java:52) [xstream-1.4.20.jar:1.4.20]
	at com.thoughtworks.xstream.converters.collections.AbstractCollectionConverter.readBareItem(AbstractCollectionConverter.java:132) [xstream-1.4.20.jar:1.4.20]
	at org.apache.jmeter.save.converters.TestElementConverter.unmarshal(TestElementConverter.java:109) [ApacheJMeter_core.jar:5.6.3]
	at com.thoughtworks.xstream.core.TreeUnmarshaller.convert(TreeUnmarshaller.java:74) [xstream-1.4.20.jar:1.4.20]
	at com.thoughtworks.xstream.core.AbstractReferenceUnmarshaller.convert(AbstractReferenceUnmarshaller.java:72) [xstream-1.4.20.jar:1.4.20]
	at com.thoughtworks.xstream.core.TreeUnmarshaller.convertAnother(TreeUnmarshaller.java:68) [xstream-1.4.20.jar:1.4.20]
	at com.thoughtworks.xstream.core.TreeUnmarshaller.convertAnother(TreeUnmarshaller.java:52) [xstream-1.4.20.jar:1.4.20]
	at com.thoughtworks.xstream.converters.collections.AbstractCollectionConverter.readBareItem(AbstractCollectionConverter.java:132) [xstream-1.4.20.jar:1.4.20]
	at org.apache.jmeter.save.converters.HashTreeConverter.unmarshal(HashTreeConverter.java:66) [ApacheJMeter_core.jar:5.6.3]
	at com.thoughtworks.xstream.core.TreeUnmarshaller.convert(TreeUnmarshaller.java:74) [xstream-1.4.20.jar:1.4.20]
	at com.thoughtworks.xstream.core.AbstractReferenceUnmarshaller.convert(AbstractReferenceUnmarshaller.java:72) [xstream-1.4.20.jar:1.4.20]
	at com.thoughtworks.xstream.core.TreeUnmarshaller.convertAnother(TreeUnmarshaller.java:68) [xstream-1.4.20.jar:1.4.20]
	at com.thoughtworks.xstream.core.TreeUnmarshaller.convertAnother(TreeUnmarshaller.java:52) [xstream-1.4.20.jar:1.4.20]
	at com.thoughtworks.xstream.converters.collections.AbstractCollectionConverter.readBareItem(AbstractCollectionConverter.java:132) [xstream-1.4.20.jar:1.4.20]
	at org.apache.jmeter.save.converters.HashTreeConverter.unmarshal(HashTreeConverter.java:66) [ApacheJMeter_core.jar:5.6.3]
	at com.thoughtworks.xstream.core.TreeUnmarshaller.convert(TreeUnmarshaller.java:74) [xstream-1.4.20.jar:1.4.20]
	at com.thoughtworks.xstream.core.AbstractReferenceUnmarshaller.convert(AbstractReferenceUnmarshaller.java:72) [xstream-1.4.20.jar:1.4.20]
	at com.thoughtworks.xstream.core.TreeUnmarshaller.convertAnother(TreeUnmarshaller.java:68) [xstream-1.4.20.jar:1.4.20]
	at com.thoughtworks.xstream.core.TreeUnmarshaller.convertAnother(TreeUnmarshaller.java:52) [xstream-1.4.20.jar:1.4.20]
	at com.thoughtworks.xstream.converters.collections.AbstractCollectionConverter.readBareItem(AbstractCollectionConverter.java:132) [xstream-1.4.20.jar:1.4.20]
	at org.apache.jmeter.save.converters.HashTreeConverter.unmarshal(HashTreeConverter.java:66) [ApacheJMeter_core.jar:5.6.3]
	at com.thoughtworks.xstream.core.TreeUnmarshaller.convert(TreeUnmarshaller.java:74) [xstream-1.4.20.jar:1.4.20]
	at com.thoughtworks.xstream.core.AbstractReferenceUnmarshaller.convert(AbstractReferenceUnmarshaller.java:72) [xstream-1.4.20.jar:1.4.20]
	at com.thoughtworks.xstream.core.TreeUnmarshaller.convertAnother(TreeUnmarshaller.java:68) [xstream-1.4.20.jar:1.4.20]
	at com.thoughtworks.xstream.core.TreeUnmarshaller.convertAnother(TreeUnmarshaller.java:52) [xstream-1.4.20.jar:1.4.20]
	at com.thoughtworks.xstream.converters.collections.AbstractCollectionConverter.readBareItem(AbstractCollectionConverter.java:132) [xstream-1.4.20.jar:1.4.20]
	at org.apache.jmeter.save.converters.HashTreeConverter.unmarshal(HashTreeConverter.java:66) [ApacheJMeter_core.jar:5.6.3]
	at com.thoughtworks.xstream.core.TreeUnmarshaller.convert(TreeUnmarshaller.java:74) [xstream-1.4.20.jar:1.4.20]
	at com.thoughtworks.xstream.core.AbstractReferenceUnmarshaller.convert(AbstractReferenceUnmarshaller.java:72) [xstream-1.4.20.jar:1.4.20]
	at com.thoughtworks.xstream.core.TreeUnmarshaller.convertAnother(TreeUnmarshaller.java:68) [xstream-1.4.20.jar:1.4.20]
	at com.thoughtworks.xstream.core.TreeUnmarshaller.convertAnother(TreeUnmarshaller.java:52) [xstream-1.4.20.jar:1.4.20]
	at org.apache.jmeter.save.ScriptWrapperConverter.unmarshal(ScriptWrapperConverter.java:93) [ApacheJMeter_core.jar:5.6.3]
	at com.thoughtworks.xstream.core.TreeUnmarshaller.convert(TreeUnmarshaller.java:74) [xstream-1.4.20.jar:1.4.20]
	at com.thoughtworks.xstream.core.AbstractReferenceUnmarshaller.convert(AbstractReferenceUnmarshaller.java:72) [xstream-1.4.20.jar:1.4.20]
	at com.thoughtworks.xstream.core.TreeUnmarshaller.convertAnother(TreeUnmarshaller.java:68) [xstream-1.4.20.jar:1.4.20]
	at com.thoughtworks.xstream.core.TreeUnmarshaller.convertAnother(TreeUnmarshaller.java:52) [xstream-1.4.20.jar:1.4.20]
	at com.thoughtworks.xstream.core.TreeUnmarshaller.start(TreeUnmarshaller.java:136) [xstream-1.4.20.jar:1.4.20]
	at com.thoughtworks.xstream.core.AbstractTreeMarshallingStrategy.unmarshal(AbstractTreeMarshallingStrategy.java:32) [xstream-1.4.20.jar:1.4.20]
	at com.thoughtworks.xstream.XStream.unmarshal(XStream.java:1464) [xstream-1.4.20.jar:1.4.20]
	at com.thoughtworks.xstream.XStream.unmarshal(XStream.java:1441) [xstream-1.4.20.jar:1.4.20]
	at com.thoughtworks.xstream.XStream.fromXML(XStream.java:1321) [xstream-1.4.20.jar:1.4.20]
	at org.apache.jmeter.save.SaveService.readTree(SaveService.java:446) [ApacheJMeter_core.jar:5.6.3]
	at org.apache.jmeter.save.SaveService.loadTree(SaveService.java:429) [ApacheJMeter_core.jar:5.6.3]
	at org.apache.jmeter.JMeter.runNonGui(JMeter.java:954) [ApacheJMeter_core.jar:5.6.3]
	at org.apache.jmeter.JMeter.startNonGui(JMeter.java:940) [ApacheJMeter_core.jar:5.6.3]
	at org.apache.jmeter.JMeter.start(JMeter.java:508) [ApacheJMeter_core.jar:5.6.3]
	at java.base/jdk.internal.reflect.DirectMethodHandleAccessor.invoke(DirectMethodHandleAccessor.java:103) ~[?:?]
	at java.base/java.lang.reflect.Method.invoke(Method.java:580) ~[?:?]
	at org.apache.jmeter.NewDriver.main(NewDriver.java:259) [ApacheJMeter.jar:5.6.3]
2026-10-09 09:47:43,813 ERROR o.a.j.s.c.TestElementPropertyConverter: Couldn't unmarshall TestElementProperty
java.lang.IllegalArgumentException: Name cannot be null
	at org.apache.jmeter.testelement.property.AbstractProperty.setName(AbstractProperty.java:72) ~[ApacheJMeter_core.jar:5.6.3]
	at org.apache.jmeter.save.converters.TestElementPropertyConverter.unmarshal(TestElementPropertyConverter.java:100) [ApacheJMeter_core.jar:5.6.3]
	at com.thoughtworks.xstream.core.TreeUnmarshaller.convert(TreeUnmarshaller.java:74) [xstream-1.4.20.jar:1.4.20]
	at com.thoughtworks.xstream.core.AbstractReferenceUnmarshaller.convert(AbstractReferenceUnmarshaller.java:72) [xstream-1.4.20.jar:1.4.20]
	at com.thoughtworks.xstream.core.TreeUnmarshaller.convertAnother(TreeUnmarshaller.java:68) [xstream-1.4.20.jar:1.4.20]
	at com.thoughtworks.xstream.core.TreeUnmarshaller.convertAnother(TreeUnmarshaller.java:52) [xstream-1.4.20.jar:1.4.20]
	at com.thoughtworks.xstream.converters.collections.AbstractCollectionConverter.readBareItem(AbstractCollectionConverter.java:132) [xstream-1.4.20.jar:1.4.20]
	at org.apache.jmeter.save.converters.MultiPropertyConverter.unmarshal(MultiPropertyConverter.java:68) [ApacheJMeter_core.jar:5.6.3]
	at com.thoughtworks.xstream.core.TreeUnmarshaller.convert(TreeUnmarshaller.java:74) [xstream-1.4.20.jar:1.4.20]
	at com.thoughtworks.xstream.core.AbstractReferenceUnmarshaller.convert(AbstractReferenceUnmarshaller.java:72) [xstream-1.4.20.jar:1.4.20]
	at com.thoughtworks.xstream.core.TreeUnmarshaller.convertAnother(TreeUnmarshaller.java:68) [xstream-1.4.20.jar:1.4.20]
	at com.thoughtworks.xstream.core.TreeUnmarshaller.convertAnother(TreeUnmarshaller.java:52) [xstream-1.4.20.jar:1.4.20]
	at com.thoughtworks.xstream.converters.collections.AbstractCollectionConverter.readBareItem(AbstractCollectionConverter.java:132) [xstream-1.4.20.jar:1.4.20]
	at org.apache.jmeter.save.converters.TestElementConverter.unmarshal(TestElementConverter.java:109) [ApacheJMeter_core.jar:5.6.3]
	at com.thoughtworks.xstream.core.TreeUnmarshaller.convert(TreeUnmarshaller.java:74) [xstream-1.4.20.jar:1.4.20]
	at com.thoughtworks.xstream.core.AbstractReferenceUnmarshaller.convert(AbstractReferenceUnmarshaller.java:72) [xstream-1.4.20.jar:1.4.20]
	at com.thoughtworks.xstream.core.TreeUnmarshaller.convertAnother(TreeUnmarshaller.java:68) [xstream-1.4.20.jar:1.4.20]
	at com.thoughtworks.xstream.core.TreeUnmarshaller.convertAnother(TreeUnmarshaller.java:52) [xstream-1.4.20.jar:1.4.20]
	at com.thoughtworks.xstream.converters.collections.AbstractCollectionConverter.readBareItem(AbstractCollectionConverter.java:132) [xstream-1.4.20.jar:1.4.20]
	at org.apache.jmeter.save.converters.HashTreeConverter.unmarshal(HashTreeConverter.java:66) [ApacheJMeter_core.jar:5.6.3]
	at com.thoughtworks.xstream.core.TreeUnmarshaller.convert(TreeUnmarshaller.java:74) [xstream-1.4.20.jar:1.4.20]
	at com.thoughtworks.xstream.core.AbstractReferenceUnmarshaller.convert(AbstractReferenceUnmarshaller.java:72) [xstream-1.4.20.jar:1.4.20]
	at com.thoughtworks.xstream.core.TreeUnmarshaller.convertAnother(TreeUnmarshaller.java:68) [xstream-1.4.20.jar:1.4.20]
	at com.thoughtworks.xstream.core.TreeUnmarshaller.convertAnother(TreeUnmarshaller.java:52) [xstream-1.4.20.jar:1.4.20]
	at com.thoughtworks.xstream.converters.collections.AbstractCollectionConverter.readBareItem(AbstractCollectionConverter.java:132) [xstream-1.4.20.jar:1.4.20]
	at org.apache.jmeter.save.converters.HashTreeConverter.unmarshal(HashTreeConverter.java:66) [ApacheJMeter_core.jar:5.6.3]
	at com.thoughtworks.xstream.core.TreeUnmarshaller.convert(TreeUnmarshaller.java:74) [xstream-1.4.20.jar:1.4.20]
	at com.thoughtworks.xstream.core.AbstractReferenceUnmarshaller.convert(AbstractReferenceUnmarshaller.java:72) [xstream-1.4.20.jar:1.4.20]
	at com.thoughtworks.xstream.core.TreeUnmarshaller.convertAnother(TreeUnmarshaller.java:68) [xstream-1.4.20.jar:1.4.20]
	at com.thoughtworks.xstream.core.TreeUnmarshaller.convertAnother(TreeUnmarshaller.java:52) [xstream-1.4.20.jar:1.4.20]
	at com.thoughtworks.xstream.converters.collections.AbstractCollectionConverter.readBareItem(AbstractCollectionConverter.java:132) [xstream-1.4.20.jar:1.4.20]
	at org.apache.jmeter.save.converters.HashTreeConverter.unmarshal(HashTreeConverter.java:66) [ApacheJMeter_core.jar:5.6.3]
	at com.thoughtworks.xstream.core.TreeUnmarshaller.convert(TreeUnmarshaller.java:74) [xstream-1.4.20.jar:1.4.20]
	at com.thoughtworks.xstream.core.AbstractReferenceUnmarshaller.convert(AbstractReferenceUnmarshaller.java:72) [xstream-1.4.20.jar:1.4.20]
	at com.thoughtworks.xstream.core.TreeUnmarshaller.convertAnother(TreeUnmarshaller.java:68) [xstream-1.4.20.jar:1.4.20]
	at com.thoughtworks.xstream.core.TreeUnmarshaller.convertAnother(TreeUnmarshaller.java:52) [xstream-1.4.20.jar:1.4.20]
	at com.thoughtworks.xstream.converters.collections.AbstractCollectionConverter.readBareItem(AbstractCollectionConverter.java:132) [xstream-1.4.20.jar:1.4.20]
	at org.apache.jmeter.save.converters.HashTreeConverter.unmarshal(HashTreeConverter.java:66) [ApacheJMeter_core.jar:5.6.3]
	at com.thoughtworks.xstream.core.TreeUnmarshaller.convert(TreeUnmarshaller.java:74) [xstream-1.4.20.jar:1.4.20]
	at com.thoughtworks.xstream.core.AbstractReferenceUnmarshaller.convert(AbstractReferenceUnmarshaller.java:72) [xstream-1.4.20.jar:1.4.20]
	at com.thoughtworks.xstream.core.TreeUnmarshaller.convertAnother(TreeUnmarshaller.java:68) [xstream-1.4.20.jar:1.4.20]
	at com.thoughtworks.xstream.core.TreeUnmarshaller.convertAnother(TreeUnmarshaller.java:52) [xstream-1.4.20.jar:1.4.20]
	at org.apache.jmeter.save.ScriptWrapperConverter.unmarshal(ScriptWrapperConverter.java:93) [ApacheJMeter_core.jar:5.6.3]
	at com.thoughtworks.xstream.core.TreeUnmarshaller.convert(TreeUnmarshaller.java:74) [xstream-1.4.20.jar:1.4.20]
	at com.thoughtworks.xstream.core.AbstractReferenceUnmarshaller.convert(AbstractReferenceUnmarshaller.java:72) [xstream-1.4.20.jar:1.4.20]
	at com.thoughtworks.xstream.core.TreeUnmarshaller.convertAnother(TreeUnmarshaller.java:68) [xstream-1.4.20.jar:1.4.20]
	at com.thoughtworks.xstream.core.TreeUnmarshaller.convertAnother(TreeUnmarshaller.java:52) [xstream-1.4.20.jar:1.4.20]
	at com.thoughtworks.xstream.core.TreeUnmarshaller.start(TreeUnmarshaller.java:136) [xstream-1.4.20.jar:1.4.20]
	at com.thoughtworks.xstream.core.AbstractTreeMarshallingStrategy.unmarshal(AbstractTreeMarshallingStrategy.java:32) [xstream-1.4.20.jar:1.4.20]
	at com.thoughtworks.xstream.XStream.unmarshal(XStream.java:1464) [xstream-1.4.20.jar:1.4.20]
	at com.thoughtworks.xstream.XStream.unmarshal(XStream.java:1441) [xstream-1.4.20.jar:1.4.20]
	at com.thoughtworks.xstream.XStream.fromXML(XStream.java:1321) [xstream-1.4.20.jar:1.4.20]
	at org.apache.jmeter.save.SaveService.readTree(SaveService.java:446) [ApacheJMeter_core.jar:5.6.3]
	at org.apache.jmeter.save.SaveService.loadTree(SaveService.java:429) [ApacheJMeter_core.jar:5.6.3]
	at org.apache.jmeter.JMeter.runNonGui(JMeter.java:954) [ApacheJMeter_core.jar:5.6.3]
	at org.apache.jmeter.JMeter.startNonGui(JMeter.java:940) [ApacheJMeter_core.jar:5.6.3]
	at org.apache.jmeter.JMeter.start(JMeter.java:508) [ApacheJMeter_core.jar:5.6.3]
	at java.base/jdk.internal.reflect.DirectMethodHandleAccessor.invoke(DirectMethodHandleAccessor.java:103) ~[?:?]
	at java.base/java.lang.reflect.Method.invoke(Method.java:580) ~[?:?]
	at org.apache.jmeter.NewDriver.main(NewDriver.java:259) [ApacheJMeter.jar:5.6.3]
2026-10-09 09:47:43,816 ERROR o.a.j.s.c.TestElementPropertyConverter: Couldn't unmarshall TestElementProperty
java.lang.IllegalArgumentException: Name cannot be null
	at org.apache.jmeter.testelement.property.AbstractProperty.setName(AbstractProperty.java:72) ~[ApacheJMeter_core.jar:5.6.3]
	at org.apache.jmeter.save.converters.TestElementPropertyConverter.unmarshal(TestElementPropertyConverter.java:100) [ApacheJMeter_core.jar:5.6.3]
	at com.thoughtworks.xstream.core.TreeUnmarshaller.convert(TreeUnmarshaller.java:74) [xstream-1.4.20.jar:1.4.20]
	at com.thoughtworks.xstream.core.AbstractReferenceUnmarshaller.convert(AbstractReferenceUnmarshaller.java:72) [xstream-1.4.20.jar:1.4.20]
	at com.thoughtworks.xstream.core.TreeUnmarshaller.convertAnother(TreeUnmarshaller.java:68) [xstream-1.4.20.jar:1.4.20]
	at com.thoughtworks.xstream.core.TreeUnmarshaller.convertAnother(TreeUnmarshaller.java:52) [xstream-1.4.20.jar:1.4.20]
	at com.thoughtworks.xstream.converters.collections.AbstractCollectionConverter.readBareItem(AbstractCollectionConverter.java:132) [xstream-1.4.20.jar:1.4.20]
	at org.apache.jmeter.save.converters.MultiPropertyConverter.unmarshal(MultiPropertyConverter.java:68) [ApacheJMeter_core.jar:5.6.3]
	at com.thoughtworks.xstream.core.TreeUnmarshaller.convert(TreeUnmarshaller.java:74) [xstream-1.4.20.jar:1.4.20]
	at com.thoughtworks.xstream.core.AbstractReferenceUnmarshaller.convert(AbstractReferenceUnmarshaller.java:72) [xstream-1.4.20.jar:1.4.20]
	at com.thoughtworks.xstream.core.TreeUnmarshaller.convertAnother(TreeUnmarshaller.java:68) [xstream-1.4.20.jar:1.4.20]
	at com.thoughtworks.xstream.core.TreeUnmarshaller.convertAnother(TreeUnmarshaller.java:52) [xstream-1.4.20.jar:1.4.20]
	at com.thoughtworks.xstream.converters.collections.AbstractCollectionConverter.readBareItem(AbstractCollectionConverter.java:132) [xstream-1.4.20.jar:1.4.20]
	at org.apache.jmeter.save.converters.TestElementConverter.unmarshal(TestElementConverter.java:109) [ApacheJMeter_core.jar:5.6.3]
	at com.thoughtworks.xstream.core.TreeUnmarshaller.convert(TreeUnmarshaller.java:74) [xstream-1.4.20.jar:1.4.20]
	at com.thoughtworks.xstream.core.AbstractReferenceUnmarshaller.convert(AbstractReferenceUnmarshaller.java:72) [xstream-1.4.20.jar:1.4.20]
	at com.thoughtworks.xstream.core.TreeUnmarshaller.convertAnother(TreeUnmarshaller.java:68) [xstream-1.4.20.jar:1.4.20]
	at com.thoughtworks.xstream.core.TreeUnmarshaller.convertAnother(TreeUnmarshaller.java:52) [xstream-1.4.20.jar:1.4.20]
	at com.thoughtworks.xstream.converters.collections.AbstractCollectionConverter.readBareItem(AbstractCollectionConverter.java:132) [xstream-1.4.20.jar:1.4.20]
	at org.apache.jmeter.save.converters.HashTreeConverter.unmarshal(HashTreeConverter.java:66) [ApacheJMeter_core.jar:5.6.3]
	at com.thoughtworks.xstream.core.TreeUnmarshaller.convert(TreeUnmarshaller.java:74) [xstream-1.4.20.jar:1.4.20]
	at com.thoughtworks.xstream.core.AbstractReferenceUnmarshaller.convert(AbstractReferenceUnmarshaller.java:72) [xstream-1.4.20.jar:1.4.20]
	at com.thoughtworks.xstream.core.TreeUnmarshaller.convertAnother(TreeUnmarshaller.java:68) [xstream-1.4.20.jar:1.4.20]
	at com.thoughtworks.xstream.core.TreeUnmarshaller.convertAnother(TreeUnmarshaller.java:52) [xstream-1.4.20.jar:1.4.20]
	at com.thoughtworks.xstream.converters.collections.AbstractCollectionConverter.readBareItem(AbstractCollectionConverter.java:132) [xstream-1.4.20.jar:1.4.20]
	at org.apache.jmeter.save.converters.HashTreeConverter.unmarshal(HashTreeConverter.java:66) [ApacheJMeter_core.jar:5.6.3]
	at com.thoughtworks.xstream.core.TreeUnmarshaller.convert(TreeUnmarshaller.java:74) [xstream-1.4.20.jar:1.4.20]
	at com.thoughtworks.xstream.core.AbstractReferenceUnmarshaller.convert(AbstractReferenceUnmarshaller.java:72) [xstream-1.4.20.jar:1.4.20]
	at com.thoughtworks.xstream.core.TreeUnmarshaller.convertAnother(TreeUnmarshaller.java:68) [xstream-1.4.20.jar:1.4.20]
	at com.thoughtworks.xstream.core.TreeUnmarshaller.convertAnother(TreeUnmarshaller.java:52) [xstream-1.4.20.jar:1.4.20]
	at com.thoughtworks.xstream.converters.collections.AbstractCollectionConverter.readBareItem(AbstractCollectionConverter.java:132) [xstream-1.4.20.jar:1.4.20]
	at org.apache.jmeter.save.converters.HashTreeConverter.unmarshal(HashTreeConverter.java:66) [ApacheJMeter_core.jar:5.6.3]
	at com.thoughtworks.xstream.core.TreeUnmarshaller.convert(TreeUnmarshaller.java:74) [xstream-1.4.20.jar:1.4.20]
	at com.thoughtworks.xstream.core.AbstractReferenceUnmarshaller.convert(AbstractReferenceUnmarshaller.java:72) [xstream-1.4.20.jar:1.4.20]
	at com.thoughtworks.xstream.core.TreeUnmarshaller.convertAnother(TreeUnmarshaller.java:68) [xstream-1.4.20.jar:1.4.20]
	at com.thoughtworks.xstream.core.TreeUnmarshaller.convertAnother(TreeUnmarshaller.java:52) [xstream-1.4.20.jar:1.4.20]
	at com.thoughtworks.xstream.converters.collections.AbstractCollectionConverter.readBareItem(AbstractCollectionConverter.java:132) [xstream-1.4.20.jar:1.4.20]
	at org.apache.jmeter.save.converters.HashTreeConverter.unmarshal(HashTreeConverter.java:66) [ApacheJMeter_core.jar:5.6.3]
	at com.thoughtworks.xstream.core.TreeUnmarshaller.convert(TreeUnmarshaller.java:74) [xstream-1.4.20.jar:1.4.20]
	at com.thoughtworks.xstream.core.AbstractReferenceUnmarshaller.convert(AbstractReferenceUnmarshaller.java:72) [xstream-1.4.20.jar:1.4.20]
	at com.thoughtworks.xstream.core.TreeUnmarshaller.convertAnother(TreeUnmarshaller.java:68) [xstream-1.4.20.jar:1.4.20]
	at com.thoughtworks.xstream.core.TreeUnmarshaller.convertAnother(TreeUnmarshaller.java:52) [xstream-1.4.20.jar:1.4.20]
	at org.apache.jmeter.save.ScriptWrapperConverter.unmarshal(ScriptWrapperConverter.java:93) [ApacheJMeter_core.jar:5.6.3]
	at com.thoughtworks.xstream.core.TreeUnmarshaller.convert(TreeUnmarshaller.java:74) [xstream-1.4.20.jar:1.4.20]
	at com.thoughtworks.xstream.core.AbstractReferenceUnmarshaller.convert(AbstractReferenceUnmarshaller.java:72) [xstream-1.4.20.jar:1.4.20]
	at com.thoughtworks.xstream.core.TreeUnmarshaller.convertAnother(TreeUnmarshaller.java:68) [xstream-1.4.20.jar:1.4.20]
	at com.thoughtworks.xstream.core.TreeUnmarshaller.convertAnother(TreeUnmarshaller.java:52) [xstream-1.4.20.jar:1.4.20]
	at com.thoughtworks.xstream.core.TreeUnmarshaller.start(TreeUnmarshaller.java:136) [xstream-1.4.20.jar:1.4.20]
	at com.thoughtworks.xstream.core.AbstractTreeMarshallingStrategy.unmarshal(AbstractTreeMarshallingStrategy.java:32) [xstream-1.4.20.jar:1.4.20]
	at com.thoughtworks.xstream.XStream.unmarshal(XStream.java:1464) [xstream-1.4.20.jar:1.4.20]
	at com.thoughtworks.xstream.XStream.unmarshal(XStream.java:1441) [xstream-1.4.20.jar:1.4.20]
	at com.thoughtworks.xstream.XStream.fromXML(XStream.java:1321) [xstream-1.4.20.jar:1.4.20]
	at org.apache.jmeter.save.SaveService.readTree(SaveService.java:446) [ApacheJMeter_core.jar:5.6.3]
	at org.apache.jmeter.save.SaveService.loadTree(SaveService.java:429) [ApacheJMeter_core.jar:5.6.3]
	at org.apache.jmeter.JMeter.runNonGui(JMeter.java:954) [ApacheJMeter_core.jar:5.6.3]
	at org.apache.jmeter.JMeter.startNonGui(JMeter.java:940) [ApacheJMeter_core.jar:5.6.3]
	at org.apache.jmeter.JMeter.start(JMeter.java:508) [ApacheJMeter_core.jar:5.6.3]
	at java.base/jdk.internal.reflect.DirectMethodHandleAccessor.invoke(DirectMethodHandleAccessor.java:103) ~[?:?]
	at java.base/java.lang.reflect.Method.invoke(Method.java:580) ~[?:?]
	at org.apache.jmeter.NewDriver.main(NewDriver.java:259) [ApacheJMeter.jar:5.6.3]
2026-10-09 09:47:43,820 ERROR o.a.j.s.c.TestElementPropertyConverter: Couldn't unmarshall TestElementProperty
java.lang.IllegalArgumentException: Name cannot be null
	at org.apache.jmeter.testelement.property.AbstractProperty.setName(AbstractProperty.java:72) ~[ApacheJMeter_core.jar:5.6.3]
	at org.apache.jmeter.save.converters.TestElementPropertyConverter.unmarshal(TestElementPropertyConverter.java:100) [ApacheJMeter_core.jar:5.6.3]
	at com.thoughtworks.xstream.core.TreeUnmarshaller.convert(TreeUnmarshaller.java:74) [xstream-1.4.20.jar:1.4.20]
	at com.thoughtworks.xstream.core.AbstractReferenceUnmarshaller.convert(AbstractReferenceUnmarshaller.java:72) [xstream-1.4.20.jar:1.4.20]
	at com.thoughtworks.xstream.core.TreeUnmarshaller.convertAnother(TreeUnmarshaller.java:68) [xstream-1.4.20.jar:1.4.20]
	at com.thoughtworks.xstream.core.TreeUnmarshaller.convertAnother(TreeUnmarshaller.java:52) [xstream-1.4.20.jar:1.4.20]
	at com.thoughtworks.xstream.converters.collections.AbstractCollectionConverter.readBareItem(AbstractCollectionConverter.java:132) [xstream-1.4.20.jar:1.4.20]
	at org.apache.jmeter.save.converters.MultiPropertyConverter.unmarshal(MultiPropertyConverter.java:68) [ApacheJMeter_core.jar:5.6.3]
	at com.thoughtworks.xstream.core.TreeUnmarshaller.convert(TreeUnmarshaller.java:74) [xstream-1.4.20.jar:1.4.20]
	at com.thoughtworks.xstream.core.AbstractReferenceUnmarshaller.convert(AbstractReferenceUnmarshaller.java:72) [xstream-1.4.20.jar:1.4.20]
	at com.thoughtworks.xstream.core.TreeUnmarshaller.convertAnother(TreeUnmarshaller.java:68) [xstream-1.4.20.jar:1.4.20]
	at com.thoughtworks.xstream.core.TreeUnmarshaller.convertAnother(TreeUnmarshaller.java:52) [xstream-1.4.20.jar:1.4.20]
	at com.thoughtworks.xstream.converters.collections.AbstractCollectionConverter.readBareItem(AbstractCollectionConverter.java:132) [xstream-1.4.20.jar:1.4.20]
	at org.apache.jmeter.save.converters.TestElementConverter.unmarshal(TestElementConverter.java:109) [ApacheJMeter_core.jar:5.6.3]
	at com.thoughtworks.xstream.core.TreeUnmarshaller.convert(TreeUnmarshaller.java:74) [xstream-1.4.20.jar:1.4.20]
	at com.thoughtworks.xstream.core.AbstractReferenceUnmarshaller.convert(AbstractReferenceUnmarshaller.java:72) [xstream-1.4.20.jar:1.4.20]
	at com.thoughtworks.xstream.core.TreeUnmarshaller.convertAnother(TreeUnmarshaller.java:68) [xstream-1.4.20.jar:1.4.20]
	at com.thoughtworks.xstream.core.TreeUnmarshaller.convertAnother(TreeUnmarshaller.java:52) [xstream-1.4.20.jar:1.4.20]
	at com.thoughtworks.xstream.converters.collections.AbstractCollectionConverter.readBareItem(AbstractCollectionConverter.java:132) [xstream-1.4.20.jar:1.4.20]
	at org.apache.jmeter.save.converters.HashTreeConverter.unmarshal(HashTreeConverter.java:66) [ApacheJMeter_core.jar:5.6.3]
	at com.thoughtworks.xstream.core.TreeUnmarshaller.convert(TreeUnmarshaller.java:74) [xstream-1.4.20.jar:1.4.20]
	at com.thoughtworks.xstream.core.AbstractReferenceUnmarshaller.convert(AbstractReferenceUnmarshaller.java:72) [xstream-1.4.20.jar:1.4.20]
	at com.thoughtworks.xstream.core.TreeUnmarshaller.convertAnother(TreeUnmarshaller.java:68) [xstream-1.4.20.jar:1.4.20]
	at com.thoughtworks.xstream.core.TreeUnmarshaller.convertAnother(TreeUnmarshaller.java:52) [xstream-1.4.20.jar:1.4.20]
	at com.thoughtworks.xstream.converters.collections.AbstractCollectionConverter.readBareItem(AbstractCollectionConverter.java:132) [xstream-1.4.20.jar:1.4.20]
	at org.apache.jmeter.save.converters.HashTreeConverter.unmarshal(HashTreeConverter.java:66) [ApacheJMeter_core.jar:5.6.3]
	at com.thoughtworks.xstream.core.TreeUnmarshaller.convert(TreeUnmarshaller.java:74) [xstream-1.4.20.jar:1.4.20]
	at com.thoughtworks.xstream.core.AbstractReferenceUnmarshaller.convert(AbstractReferenceUnmarshaller.java:72) [xstream-1.4.20.jar:1.4.20]
	at com.thoughtworks.xstream.core.TreeUnmarshaller.convertAnother(TreeUnmarshaller.java:68) [xstream-1.4.20.jar:1.4.20]
	at com.thoughtworks.xstream.core.TreeUnmarshaller.convertAnother(TreeUnmarshaller.java:52) [xstream-1.4.20.jar:1.4.20]
	at com.thoughtworks.xstream.converters.collections.AbstractCollectionConverter.readBareItem(AbstractCollectionConverter.java:132) [xstream-1.4.20.jar:1.4.20]
	at org.apache.jmeter.save.converters.HashTreeConverter.unmarshal(HashTreeConverter.java:66) [ApacheJMeter_core.jar:5.6.3]
	at com.thoughtworks.xstream.core.TreeUnmarshaller.convert(TreeUnmarshaller.java:74) [xstream-1.4.20.jar:1.4.20]
	at com.thoughtworks.xstream.core.AbstractReferenceUnmarshaller.convert(AbstractReferenceUnmarshaller.java:72) [xstream-1.4.20.jar:1.4.20]
	at com.thoughtworks.xstream.core.TreeUnmarshaller.convertAnother(TreeUnmarshaller.java:68) [xstream-1.4.20.jar:1.4.20]
	at com.thoughtworks.xstream.core.TreeUnmarshaller.convertAnother(TreeUnmarshaller.java:52) [xstream-1.4.20.jar:1.4.20]
	at com.thoughtworks.xstream.converters.collections.AbstractCollectionConverter.readBareItem(AbstractCollectionConverter.java:132) [xstream-1.4.20.jar:1.4.20]
	at org.apache.jmeter.save.converters.HashTreeConverter.unmarshal(HashTreeConverter.java:66) [ApacheJMeter_core.jar:5.6.3]
	at com.thoughtworks.xstream.core.TreeUnmarshaller.convert(TreeUnmarshaller.java:74) [xstream-1.4.20.jar:1.4.20]
	at com.thoughtworks.xstream.core.AbstractReferenceUnmarshaller.convert(AbstractReferenceUnmarshaller.java:72) [xstream-1.4.20.jar:1.4.20]
	at com.thoughtworks.xstream.core.TreeUnmarshaller.convertAnother(TreeUnmarshaller.java:68) [xstream-1.4.20.jar:1.4.20]
	at com.thoughtworks.xstream.core.TreeUnmarshaller.convertAnother(TreeUnmarshaller.java:52) [xstream-1.4.20.jar:1.4.20]
	at org.apache.jmeter.save.ScriptWrapperConverter.unmarshal(ScriptWrapperConverter.java:93) [ApacheJMeter_core.jar:5.6.3]
	at com.thoughtworks.xstream.core.TreeUnmarshaller.convert(TreeUnmarshaller.java:74) [xstream-1.4.20.jar:1.4.20]
	at com.thoughtworks.xstream.core.AbstractReferenceUnmarshaller.convert(AbstractReferenceUnmarshaller.java:72) [xstream-1.4.20.jar:1.4.20]
	at com.thoughtworks.xstream.core.TreeUnmarshaller.convertAnother(TreeUnmarshaller.java:68) [xstream-1.4.20.jar:1.4.20]
	at com.thoughtworks.xstream.core.TreeUnmarshaller.convertAnother(TreeUnmarshaller.java:52) [xstream-1.4.20.jar:1.4.20]
	at com.thoughtworks.xstream.core.TreeUnmarshaller.start(TreeUnmarshaller.java:136) [xstream-1.4.20.jar:1.4.20]
	at com.thoughtworks.xstream.core.AbstractTreeMarshallingStrategy.unmarshal(AbstractTreeMarshallingStrategy.java:32) [xstream-1.4.20.jar:1.4.20]
	at com.thoughtworks.xstream.XStream.unmarshal(XStream.java:1464) [xstream-1.4.20.jar:1.4.20]
	at com.thoughtworks.xstream.XStream.unmarshal(XStream.java:1441) [xstream-1.4.20.jar:1.4.20]
	at com.thoughtworks.xstream.XStream.fromXML(XStream.java:1321) [xstream-1.4.20.jar:1.4.20]
	at org.apache.jmeter.save.SaveService.readTree(SaveService.java:446) [ApacheJMeter_core.jar:5.6.3]
	at org.apache.jmeter.save.SaveService.loadTree(SaveService.java:429) [ApacheJMeter_core.jar:5.6.3]
	at org.apache.jmeter.JMeter.runNonGui(JMeter.java:954) [ApacheJMeter_core.jar:5.6.3]
	at org.apache.jmeter.JMeter.startNonGui(JMeter.java:940) [ApacheJMeter_core.jar:5.6.3]
	at org.apache.jmeter.JMeter.start(JMeter.java:508) [ApacheJMeter_core.jar:5.6.3]
	at java.base/jdk.internal.reflect.DirectMethodHandleAccessor.invoke(DirectMethodHandleAccessor.java:103) ~[?:?]
	at java.base/java.lang.reflect.Method.invoke(Method.java:580) ~[?:?]
	at org.apache.jmeter.NewDriver.main(NewDriver.java:259) [ApacheJMeter.jar:5.6.3]
2026-10-09 09:47:43,822 ERROR o.a.j.s.c.TestElementPropertyConverter: Couldn't unmarshall TestElementProperty
java.lang.IllegalArgumentException: Name cannot be null
	at org.apache.jmeter.testelement.property.AbstractProperty.setName(AbstractProperty.java:72) ~[ApacheJMeter_core.jar:5.6.3]
	at org.apache.jmeter.save.converters.TestElementPropertyConverter.unmarshal(TestElementPropertyConverter.java:100) [ApacheJMeter_core.jar:5.6.3]
	at com.thoughtworks.xstream.core.TreeUnmarshaller.convert(TreeUnmarshaller.java:74) [xstream-1.4.20.jar:1.4.20]
	at com.thoughtworks.xstream.core.AbstractReferenceUnmarshaller.convert(AbstractReferenceUnmarshaller.java:72) [xstream-1.4.20.jar:1.4.20]
	at com.thoughtworks.xstream.core.TreeUnmarshaller.convertAnother(TreeUnmarshaller.java:68) [xstream-1.4.20.jar:1.4.20]
	at com.thoughtworks.xstream.core.TreeUnmarshaller.convertAnother(TreeUnmarshaller.java:52) [xstream-1.4.20.jar:1.4.20]
	at com.thoughtworks.xstream.converters.collections.AbstractCollectionConverter.readBareItem(AbstractCollectionConverter.java:132) [xstream-1.4.20.jar:1.4.20]
	at org.apache.jmeter.save.converters.MultiPropertyConverter.unmarshal(MultiPropertyConverter.java:68) [ApacheJMeter_core.jar:5.6.3]
	at com.thoughtworks.xstream.core.TreeUnmarshaller.convert(TreeUnmarshaller.java:74) [xstream-1.4.20.jar:1.4.20]
	at com.thoughtworks.xstream.core.AbstractReferenceUnmarshaller.convert(AbstractReferenceUnmarshaller.java:72) [xstream-1.4.20.jar:1.4.20]
	at com.thoughtworks.xstream.core.TreeUnmarshaller.convertAnother(TreeUnmarshaller.java:68) [xstream-1.4.20.jar:1.4.20]
	at com.thoughtworks.xstream.core.TreeUnmarshaller.convertAnother(TreeUnmarshaller.java:52) [xstream-1.4.20.jar:1.4.20]
	at com.thoughtworks.xstream.converters.collections.AbstractCollectionConverter.readBareItem(AbstractCollectionConverter.java:132) [xstream-1.4.20.jar:1.4.20]
	at org.apache.jmeter.save.converters.TestElementConverter.unmarshal(TestElementConverter.java:109) [ApacheJMeter_core.jar:5.6.3]
	at com.thoughtworks.xstream.core.TreeUnmarshaller.convert(TreeUnmarshaller.java:74) [xstream-1.4.20.jar:1.4.20]
	at com.thoughtworks.xstream.core.AbstractReferenceUnmarshaller.convert(AbstractReferenceUnmarshaller.java:72) [xstream-1.4.20.jar:1.4.20]
	at com.thoughtworks.xstream.core.TreeUnmarshaller.convertAnother(TreeUnmarshaller.java:68) [xstream-1.4.20.jar:1.4.20]
	at com.thoughtworks.xstream.core.TreeUnmarshaller.convertAnother(TreeUnmarshaller.java:52) [xstream-1.4.20.jar:1.4.20]
	at com.thoughtworks.xstream.converters.collections.AbstractCollectionConverter.readBareItem(AbstractCollectionConverter.java:132) [xstream-1.4.20.jar:1.4.20]
	at org.apache.jmeter.save.converters.HashTreeConverter.unmarshal(HashTreeConverter.java:66) [ApacheJMeter_core.jar:5.6.3]
	at com.thoughtworks.xstream.core.TreeUnmarshaller.convert(TreeUnmarshaller.java:74) [xstream-1.4.20.jar:1.4.20]
	at com.thoughtworks.xstream.core.AbstractReferenceUnmarshaller.convert(AbstractReferenceUnmarshaller.java:72) [xstream-1.4.20.jar:1.4.20]
	at com.thoughtworks.xstream.core.TreeUnmarshaller.convertAnother(TreeUnmarshaller.java:68) [xstream-1.4.20.jar:1.4.20]
	at com.thoughtworks.xstream.core.TreeUnmarshaller.convertAnother(TreeUnmarshaller.java:52) [xstream-1.4.20.jar:1.4.20]
	at com.thoughtworks.xstream.converters.collections.AbstractCollectionConverter.readBareItem(AbstractCollectionConverter.java:132) [xstream-1.4.20.jar:1.4.20]
	at org.apache.jmeter.save.converters.HashTreeConverter.unmarshal(HashTreeConverter.java:66) [ApacheJMeter_core.jar:5.6.3]
	at com.thoughtworks.xstream.core.TreeUnmarshaller.convert(TreeUnmarshaller.java:74) [xstream-1.4.20.jar:1.4.20]
	at com.thoughtworks.xstream.core.AbstractReferenceUnmarshaller.convert(AbstractReferenceUnmarshaller.java:72) [xstream-1.4.20.jar:1.4.20]
	at com.thoughtworks.xstream.core.TreeUnmarshaller.convertAnother(TreeUnmarshaller.java:68) [xstream-1.4.20.jar:1.4.20]
	at com.thoughtworks.xstream.core.TreeUnmarshaller.convertAnother(TreeUnmarshaller.java:52) [xstream-1.4.20.jar:1.4.20]
	at com.thoughtworks.xstream.converters.collections.AbstractCollectionConverter.readBareItem(AbstractCollectionConverter.java:132) [xstream-1.4.20.jar:1.4.20]
	at org.apache.jmeter.save.converters.HashTreeConverter.unmarshal(HashTreeConverter.java:66) [ApacheJMeter_core.jar:5.6.3]
	at com.thoughtworks.xstream.core.TreeUnmarshaller.convert(TreeUnmarshaller.java:74) [xstream-1.4.20.jar:1.4.20]
	at com.thoughtworks.xstream.core.AbstractReferenceUnmarshaller.convert(AbstractReferenceUnmarshaller.java:72) [xstream-1.4.20.jar:1.4.20]
	at com.thoughtworks.xstream.core.TreeUnmarshaller.convertAnother(TreeUnmarshaller.java:68) [xstream-1.4.20.jar:1.4.20]
	at com.thoughtworks.xstream.core.TreeUnmarshaller.convertAnother(TreeUnmarshaller.java:52) [xstream-1.4.20.jar:1.4.20]
	at com.thoughtworks.xstream.converters.collections.AbstractCollectionConverter.readBareItem(AbstractCollectionConverter.java:132) [xstream-1.4.20.jar:1.4.20]
	at org.apache.jmeter.save.converters.HashTreeConverter.unmarshal(HashTreeConverter.java:66) [ApacheJMeter_core.jar:5.6.3]
	at com.thoughtworks.xstream.core.TreeUnmarshaller.convert(TreeUnmarshaller.java:74) [xstream-1.4.20.jar:1.4.20]
	at com.thoughtworks.xstream.core.AbstractReferenceUnmarshaller.convert(AbstractReferenceUnmarshaller.java:72) [xstream-1.4.20.jar:1.4.20]
	at com.thoughtworks.xstream.core.TreeUnmarshaller.convertAnother(TreeUnmarshaller.java:68) [xstream-1.4.20.jar:1.4.20]
	at com.thoughtworks.xstream.core.TreeUnmarshaller.convertAnother(TreeUnmarshaller.java:52) [xstream-1.4.20.jar:1.4.20]
	at org.apache.jmeter.save.ScriptWrapperConverter.unmarshal(ScriptWrapperConverter.java:93) [ApacheJMeter_core.jar:5.6.3]
	at com.thoughtworks.xstream.core.TreeUnmarshaller.convert(TreeUnmarshaller.java:74) [xstream-1.4.20.jar:1.4.20]
	at com.thoughtworks.xstream.core.AbstractReferenceUnmarshaller.convert(AbstractReferenceUnmarshaller.java:72) [xstream-1.4.20.jar:1.4.20]
	at com.thoughtworks.xstream.core.TreeUnmarshaller.convertAnother(TreeUnmarshaller.java:68) [xstream-1.4.20.jar:1.4.20]
	at com.thoughtworks.xstream.core.TreeUnmarshaller.convertAnother(TreeUnmarshaller.java:52) [xstream-1.4.20.jar:1.4.20]
	at com.thoughtworks.xstream.core.TreeUnmarshaller.start(TreeUnmarshaller.java:136) [xstream-1.4.20.jar:1.4.20]
	at com.thoughtworks.xstream.core.AbstractTreeMarshallingStrategy.unmarshal(AbstractTreeMarshallingStrategy.java:32) [xstream-1.4.20.jar:1.4.20]
	at com.thoughtworks.xstream.XStream.unmarshal(XStream.java:1464) [xstream-1.4.20.jar:1.4.20]
	at com.thoughtworks.xstream.XStream.unmarshal(XStream.java:1441) [xstream-1.4.20.jar:1.4.20]
	at com.thoughtworks.xstream.XStream.fromXML(XStream.java:1321) [xstream-1.4.20.jar:1.4.20]
	at org.apache.jmeter.save.SaveService.readTree(SaveService.java:446) [ApacheJMeter_core.jar:5.6.3]
	at org.apache.jmeter.save.SaveService.loadTree(SaveService.java:429) [ApacheJMeter_core.jar:5.6.3]
	at org.apache.jmeter.JMeter.runNonGui(JMeter.java:954) [ApacheJMeter_core.jar:5.6.3]
	at org.apache.jmeter.JMeter.startNonGui(JMeter.java:940) [ApacheJMeter_core.jar:5.6.3]
	at org.apache.jmeter.JMeter.start(JMeter.java:508) [ApacheJMeter_core.jar:5.6.3]
	at java.base/jdk.internal.reflect.DirectMethodHandleAccessor.invoke(DirectMethodHandleAccessor.java:103) ~[?:?]
	at java.base/java.lang.reflect.Method.invoke(Method.java:580) ~[?:?]
	at org.apache.jmeter.NewDriver.main(NewDriver.java:259) [ApacheJMeter.jar:5.6.3]
2026-10-09 09:47:43,822 ERROR o.a.j.s.c.TestElementPropertyConverter: Couldn't unmarshall TestElementProperty
java.lang.IllegalArgumentException: Name cannot be null
	at org.apache.jmeter.testelement.property.AbstractProperty.setName(AbstractProperty.java:72) ~[ApacheJMeter_core.jar:5.6.3]
	at org.apache.jmeter.save.converters.TestElementPropertyConverter.unmarshal(TestElementPropertyConverter.java:100) [ApacheJMeter_core.jar:5.6.3]
	at com.thoughtworks.xstream.core.TreeUnmarshaller.convert(TreeUnmarshaller.java:74) [xstream-1.4.20.jar:1.4.20]
	at com.thoughtworks.xstream.core.AbstractReferenceUnmarshaller.convert(AbstractReferenceUnmarshaller.java:72) [xstream-1.4.20.jar:1.4.20]
	at com.thoughtworks.xstream.core.TreeUnmarshaller.convertAnother(TreeUnmarshaller.java:68) [xstream-1.4.20.jar:1.4.20]
	at com.thoughtworks.xstream.core.TreeUnmarshaller.convertAnother(TreeUnmarshaller.java:52) [xstream-1.4.20.jar:1.4.20]
	at com.thoughtworks.xstream.converters.collections.AbstractCollectionConverter.readBareItem(AbstractCollectionConverter.java:132) [xstream-1.4.20.jar:1.4.20]
	at org.apache.jmeter.save.converters.MultiPropertyConverter.unmarshal(MultiPropertyConverter.java:68) [ApacheJMeter_core.jar:5.6.3]
	at com.thoughtworks.xstream.core.TreeUnmarshaller.convert(TreeUnmarshaller.java:74) [xstream-1.4.20.jar:1.4.20]
	at com.thoughtworks.xstream.core.AbstractReferenceUnmarshaller.convert(AbstractReferenceUnmarshaller.java:72) [xstream-1.4.20.jar:1.4.20]
	at com.thoughtworks.xstream.core.TreeUnmarshaller.convertAnother(TreeUnmarshaller.java:68) [xstream-1.4.20.jar:1.4.20]
	at com.thoughtworks.xstream.core.TreeUnmarshaller.convertAnother(TreeUnmarshaller.java:52) [xstream-1.4.20.jar:1.4.20]
	at com.thoughtworks.xstream.converters.collections.AbstractCollectionConverter.readBareItem(AbstractCollectionConverter.java:132) [xstream-1.4.20.jar:1.4.20]
	at org.apache.jmeter.save.converters.TestElementConverter.unmarshal(TestElementConverter.java:109) [ApacheJMeter_core.jar:5.6.3]
	at com.thoughtworks.xstream.core.TreeUnmarshaller.convert(TreeUnmarshaller.java:74) [xstream-1.4.20.jar:1.4.20]
	at com.thoughtworks.xstream.core.AbstractReferenceUnmarshaller.convert(AbstractReferenceUnmarshaller.java:72) [xstream-1.4.20.jar:1.4.20]
	at com.thoughtworks.xstream.core.TreeUnmarshaller.convertAnother(TreeUnmarshaller.java:68) [xstream-1.4.20.jar:1.4.20]
	at com.thoughtworks.xstream.core.TreeUnmarshaller.convertAnother(TreeUnmarshaller.java:52) [xstream-1.4.20.jar:1.4.20]
	at com.thoughtworks.xstream.converters.collections.AbstractCollectionConverter.readBareItem(AbstractCollectionConverter.java:132) [xstream-1.4.20.jar:1.4.20]
	at org.apache.jmeter.save.converters.HashTreeConverter.unmarshal(HashTreeConverter.java:66) [ApacheJMeter_core.jar:5.6.3]
	at com.thoughtworks.xstream.core.TreeUnmarshaller.convert(TreeUnmarshaller.java:74) [xstream-1.4.20.jar:1.4.20]
	at com.thoughtworks.xstream.core.AbstractReferenceUnmarshaller.convert(AbstractReferenceUnmarshaller.java:72) [xstream-1.4.20.jar:1.4.20]
	at com.thoughtworks.xstream.core.TreeUnmarshaller.convertAnother(TreeUnmarshaller.java:68) [xstream-1.4.20.jar:1.4.20]
	at com.thoughtworks.xstream.core.TreeUnmarshaller.convertAnother(TreeUnmarshaller.java:52) [xstream-1.4.20.jar:1.4.20]
	at com.thoughtworks.xstream.converters.collections.AbstractCollectionConverter.readBareItem(AbstractCollectionConverter.java:132) [xstream-1.4.20.jar:1.4.20]
	at org.apache.jmeter.save.converters.HashTreeConverter.unmarshal(HashTreeConverter.java:66) [ApacheJMeter_core.jar:5.6.3]
	at com.thoughtworks.xstream.core.TreeUnmarshaller.convert(TreeUnmarshaller.java:74) [xstream-1.4.20.jar:1.4.20]
	at com.thoughtworks.xstream.core.AbstractReferenceUnmarshaller.convert(AbstractReferenceUnmarshaller.java:72) [xstream-1.4.20.jar:1.4.20]
	at com.thoughtworks.xstream.core.TreeUnmarshaller.convertAnother(TreeUnmarshaller.java:68) [xstream-1.4.20.jar:1.4.20]
	at com.thoughtworks.xstream.core.TreeUnmarshaller.convertAnother(TreeUnmarshaller.java:52) [xstream-1.4.20.jar:1.4.20]
	at com.thoughtworks.xstream.converters.collections.AbstractCollectionConverter.readBareItem(AbstractCollectionConverter.java:132) [xstream-1.4.20.jar:1.4.20]
	at org.apache.jmeter.save.converters.HashTreeConverter.unmarshal(HashTreeConverter.java:66) [ApacheJMeter_core.jar:5.6.3]
	at com.thoughtworks.xstream.core.TreeUnmarshaller.convert(TreeUnmarshaller.java:74) [xstream-1.4.20.jar:1.4.20]
	at com.thoughtworks.xstream.core.AbstractReferenceUnmarshaller.convert(AbstractReferenceUnmarshaller.java:72) [xstream-1.4.20.jar:1.4.20]
	at com.thoughtworks.xstream.core.TreeUnmarshaller.convertAnother(TreeUnmarshaller.java:68) [xstream-1.4.20.jar:1.4.20]
	at com.thoughtworks.xstream.core.TreeUnmarshaller.convertAnother(TreeUnmarshaller.java:52) [xstream-1.4.20.jar:1.4.20]
	at com.thoughtworks.xstream.converters.collections.AbstractCollectionConverter.readBareItem(AbstractCollectionConverter.java:132) [xstream-1.4.20.jar:1.4.20]
	at org.apache.jmeter.save.converters.HashTreeConverter.unmarshal(HashTreeConverter.java:66) [ApacheJMeter_core.jar:5.6.3]
	at com.thoughtworks.xstream.core.TreeUnmarshaller.convert(TreeUnmarshaller.java:74) [xstream-1.4.20.jar:1.4.20]
	at com.thoughtworks.xstream.core.AbstractReferenceUnmarshaller.convert(AbstractReferenceUnmarshaller.java:72) [xstream-1.4.20.jar:1.4.20]
	at com.thoughtworks.xstream.core.TreeUnmarshaller.convertAnother(TreeUnmarshaller.java:68) [xstream-1.4.20.jar:1.4.20]
	at com.thoughtworks.xstream.core.TreeUnmarshaller.convertAnother(TreeUnmarshaller.java:52) [xstream-1.4.20.jar:1.4.20]
	at org.apache.jmeter.save.ScriptWrapperConverter.unmarshal(ScriptWrapperConverter.java:93) [ApacheJMeter_core.jar:5.6.3]
	at com.thoughtworks.xstream.core.TreeUnmarshaller.convert(TreeUnmarshaller.java:74) [xstream-1.4.20.jar:1.4.20]
	at com.thoughtworks.xstream.core.AbstractReferenceUnmarshaller.convert(AbstractReferenceUnmarshaller.java:72) [xstream-1.4.20.jar:1.4.20]
	at com.thoughtworks.xstream.core.TreeUnmarshaller.convertAnother(TreeUnmarshaller.java:68) [xstream-1.4.20.jar:1.4.20]
	at com.thoughtworks.xstream.core.TreeUnmarshaller.convertAnother(TreeUnmarshaller.java:52) [xstream-1.4.20.jar:1.4.20]
	at com.thoughtworks.xstream.core.TreeUnmarshaller.start(TreeUnmarshaller.java:136) [xstream-1.4.20.jar:1.4.20]
	at com.thoughtworks.xstream.core.AbstractTreeMarshallingStrategy.unmarshal(AbstractTreeMarshallingStrategy.java:32) [xstream-1.4.20.jar:1.4.20]
	at com.thoughtworks.xstream.XStream.unmarshal(XStream.java:1464) [xstream-1.4.20.jar:1.4.20]
	at com.thoughtworks.xstream.XStream.unmarshal(XStream.java:1441) [xstream-1.4.20.jar:1.4.20]
	at com.thoughtworks.xstream.XStream.fromXML(XStream.java:1321) [xstream-1.4.20.jar:1.4.20]
	at org.apache.jmeter.save.SaveService.readTree(SaveService.java:446) [ApacheJMeter_core.jar:5.6.3]
	at org.apache.jmeter.save.SaveService.loadTree(SaveService.java:429) [ApacheJMeter_core.jar:5.6.3]
	at org.apache.jmeter.JMeter.runNonGui(JMeter.java:954) [ApacheJMeter_core.jar:5.6.3]
	at org.apache.jmeter.JMeter.startNonGui(JMeter.java:940) [ApacheJMeter_core.jar:5.6.3]
	at org.apache.jmeter.JMeter.start(JMeter.java:508) [ApacheJMeter_core.jar:5.6.3]
	at java.base/jdk.internal.reflect.DirectMethodHandleAccessor.invoke(DirectMethodHandleAccessor.java:103) ~[?:?]
	at java.base/java.lang.reflect.Method.invoke(Method.java:580) ~[?:?]
	at org.apache.jmeter.NewDriver.main(NewDriver.java:259) [ApacheJMeter.jar:5.6.3]
2026-10-09 09:47:43,822 ERROR o.a.j.s.c.TestElementPropertyConverter: Couldn't unmarshall TestElementProperty
java.lang.IllegalArgumentException: Name cannot be null
	at org.apache.jmeter.testelement.property.AbstractProperty.setName(AbstractProperty.java:72) ~[ApacheJMeter_core.jar:5.6.3]
	at org.apache.jmeter.save.converters.TestElementPropertyConverter.unmarshal(TestElementPropertyConverter.java:100) [ApacheJMeter_core.jar:5.6.3]
	at com.thoughtworks.xstream.core.TreeUnmarshaller.convert(TreeUnmarshaller.java:74) [xstream-1.4.20.jar:1.4.20]
	at com.thoughtworks.xstream.core.AbstractReferenceUnmarshaller.convert(AbstractReferenceUnmarshaller.java:72) [xstream-1.4.20.jar:1.4.20]
	at com.thoughtworks.xstream.core.TreeUnmarshaller.convertAnother(TreeUnmarshaller.java:68) [xstream-1.4.20.jar:1.4.20]
	at com.thoughtworks.xstream.core.TreeUnmarshaller.convertAnother(TreeUnmarshaller.java:52) [xstream-1.4.20.jar:1.4.20]
	at com.thoughtworks.xstream.converters.collections.AbstractCollectionConverter.readBareItem(AbstractCollectionConverter.java:132) [xstream-1.4.20.jar:1.4.20]
	at org.apache.jmeter.save.converters.MultiPropertyConverter.unmarshal(MultiPropertyConverter.java:68) [ApacheJMeter_core.jar:5.6.3]
	at com.thoughtworks.xstream.core.TreeUnmarshaller.convert(TreeUnmarshaller.java:74) [xstream-1.4.20.jar:1.4.20]
	at com.thoughtworks.xstream.core.AbstractReferenceUnmarshaller.convert(AbstractReferenceUnmarshaller.java:72) [xstream-1.4.20.jar:1.4.20]
	at com.thoughtworks.xstream.core.TreeUnmarshaller.convertAnother(TreeUnmarshaller.java:68) [xstream-1.4.20.jar:1.4.20]
	at com.thoughtworks.xstream.core.TreeUnmarshaller.convertAnother(TreeUnmarshaller.java:52) [xstream-1.4.20.jar:1.4.20]
	at com.thoughtworks.xstream.converters.collections.AbstractCollectionConverter.readBareItem(AbstractCollectionConverter.java:132) [xstream-1.4.20.jar:1.4.20]
	at org.apache.jmeter.save.converters.TestElementConverter.unmarshal(TestElementConverter.java:109) [ApacheJMeter_core.jar:5.6.3]
	at com.thoughtworks.xstream.core.TreeUnmarshaller.convert(TreeUnmarshaller.java:74) [xstream-1.4.20.jar:1.4.20]
	at com.thoughtworks.xstream.core.AbstractReferenceUnmarshaller.convert(AbstractReferenceUnmarshaller.java:72) [xstream-1.4.20.jar:1.4.20]
	at com.thoughtworks.xstream.core.TreeUnmarshaller.convertAnother(TreeUnmarshaller.java:68) [xstream-1.4.20.jar:1.4.20]
	at com.thoughtworks.xstream.core.TreeUnmarshaller.convertAnother(TreeUnmarshaller.java:52) [xstream-1.4.20.jar:1.4.20]
	at com.thoughtworks.xstream.converters.collections.AbstractCollectionConverter.readBareItem(AbstractCollectionConverter.java:132) [xstream-1.4.20.jar:1.4.20]
	at org.apache.jmeter.save.converters.HashTreeConverter.unmarshal(HashTreeConverter.java:66) [ApacheJMeter_core.jar:5.6.3]
	at com.thoughtworks.xstream.core.TreeUnmarshaller.convert(TreeUnmarshaller.java:74) [xstream-1.4.20.jar:1.4.20]
	at com.thoughtworks.xstream.core.AbstractReferenceUnmarshaller.convert(AbstractReferenceUnmarshaller.java:72) [xstream-1.4.20.jar:1.4.20]
	at com.thoughtworks.xstream.core.TreeUnmarshaller.convertAnother(TreeUnmarshaller.java:68) [xstream-1.4.20.jar:1.4.20]
	at com.thoughtworks.xstream.core.TreeUnmarshaller.convertAnother(TreeUnmarshaller.java:52) [xstream-1.4.20.jar:1.4.20]
	at com.thoughtworks.xstream.converters.collections.AbstractCollectionConverter.readBareItem(AbstractCollectionConverter.java:132) [xstream-1.4.20.jar:1.4.20]
	at org.apache.jmeter.save.converters.HashTreeConverter.unmarshal(HashTreeConverter.java:66) [ApacheJMeter_core.jar:5.6.3]
	at com.thoughtworks.xstream.core.TreeUnmarshaller.convert(TreeUnmarshaller.java:74) [xstream-1.4.20.jar:1.4.20]
	at com.thoughtworks.xstream.core.AbstractReferenceUnmarshaller.convert(AbstractReferenceUnmarshaller.java:72) [xstream-1.4.20.jar:1.4.20]
	at com.thoughtworks.xstream.core.TreeUnmarshaller.convertAnother(TreeUnmarshaller.java:68) [xstream-1.4.20.jar:1.4.20]
	at com.thoughtworks.xstream.core.TreeUnmarshaller.convertAnother(TreeUnmarshaller.java:52) [xstream-1.4.20.jar:1.4.20]
	at com.thoughtworks.xstream.converters.collections.AbstractCollectionConverter.readBareItem(AbstractCollectionConverter.java:132) [xstream-1.4.20.jar:1.4.20]
	at org.apache.jmeter.save.converters.HashTreeConverter.unmarshal(HashTreeConverter.java:66) [ApacheJMeter_core.jar:5.6.3]
	at com.thoughtworks.xstream.core.TreeUnmarshaller.convert(TreeUnmarshaller.java:74) [xstream-1.4.20.jar:1.4.20]
	at com.thoughtworks.xstream.core.AbstractReferenceUnmarshaller.convert(AbstractReferenceUnmarshaller.java:72) [xstream-1.4.20.jar:1.4.20]
	at com.thoughtworks.xstream.core.TreeUnmarshaller.convertAnother(TreeUnmarshaller.java:68) [xstream-1.4.20.jar:1.4.20]
	at com.thoughtworks.xstream.core.TreeUnmarshaller.convertAnother(TreeUnmarshaller.java:52) [xstream-1.4.20.jar:1.4.20]
	at com.thoughtworks.xstream.converters.collections.AbstractCollectionConverter.readBareItem(AbstractCollectionConverter.java:132) [xstream-1.4.20.jar:1.4.20]
	at org.apache.jmeter.save.converters.HashTreeConverter.unmarshal(HashTreeConverter.java:66) [ApacheJMeter_core.jar:5.6.3]
	at com.thoughtworks.xstream.core.TreeUnmarshaller.convert(TreeUnmarshaller.java:74) [xstream-1.4.20.jar:1.4.20]
	at com.thoughtworks.xstream.core.AbstractReferenceUnmarshaller.convert(AbstractReferenceUnmarshaller.java:72) [xstream-1.4.20.jar:1.4.20]
	at com.thoughtworks.xstream.core.TreeUnmarshaller.convertAnother(TreeUnmarshaller.java:68) [xstream-1.4.20.jar:1.4.20]
	at com.thoughtworks.xstream.core.TreeUnmarshaller.convertAnother(TreeUnmarshaller.java:52) [xstream-1.4.20.jar:1.4.20]
	at org.apache.jmeter.save.ScriptWrapperConverter.unmarshal(ScriptWrapperConverter.java:93) [ApacheJMeter_core.jar:5.6.3]
	at com.thoughtworks.xstream.core.TreeUnmarshaller.convert(TreeUnmarshaller.java:74) [xstream-1.4.20.jar:1.4.20]
	at com.thoughtworks.xstream.core.AbstractReferenceUnmarshaller.convert(AbstractReferenceUnmarshaller.java:72) [xstream-1.4.20.jar:1.4.20]
	at com.thoughtworks.xstream.core.TreeUnmarshaller.convertAnother(TreeUnmarshaller.java:68) [xstream-1.4.20.jar:1.4.20]
	at com.thoughtworks.xstream.core.TreeUnmarshaller.convertAnother(TreeUnmarshaller.java:52) [xstream-1.4.20.jar:1.4.20]
	at com.thoughtworks.xstream.core.TreeUnmarshaller.start(TreeUnmarshaller.java:136) [xstream-1.4.20.jar:1.4.20]
	at com.thoughtworks.xstream.core.AbstractTreeMarshallingStrategy.unmarshal(AbstractTreeMarshallingStrategy.java:32) [xstream-1.4.20.jar:1.4.20]
	at com.thoughtworks.xstream.XStream.unmarshal(XStream.java:1464) [xstream-1.4.20.jar:1.4.20]
	at com.thoughtworks.xstream.XStream.unmarshal(XStream.java:1441) [xstream-1.4.20.jar:1.4.20]
	at com.thoughtworks.xstream.XStream.fromXML(XStream.java:1321) [xstream-1.4.20.jar:1.4.20]
	at org.apache.jmeter.save.SaveService.readTree(SaveService.java:446) [ApacheJMeter_core.jar:5.6.3]
	at org.apache.jmeter.save.SaveService.loadTree(SaveService.java:429) [ApacheJMeter_core.jar:5.6.3]
	at org.apache.jmeter.JMeter.runNonGui(JMeter.java:954) [ApacheJMeter_core.jar:5.6.3]
	at org.apache.jmeter.JMeter.startNonGui(JMeter.java:940) [ApacheJMeter_core.jar:5.6.3]
	at org.apache.jmeter.JMeter.start(JMeter.java:508) [ApacheJMeter_core.jar:5.6.3]
	at java.base/jdk.internal.reflect.DirectMethodHandleAccessor.invoke(DirectMethodHandleAccessor.java:103) ~[?:?]
	at java.base/java.lang.reflect.Method.invoke(Method.java:580) ~[?:?]
	at org.apache.jmeter.NewDriver.main(NewDriver.java:259) [ApacheJMeter.jar:5.6.3]
2026-10-09 09:47:43,824 ERROR o.a.j.s.c.TestElementPropertyConverter: Couldn't unmarshall TestElementProperty
java.lang.IllegalArgumentException: Name cannot be null
	at org.apache.jmeter.testelement.property.AbstractProperty.setName(AbstractProperty.java:72) ~[ApacheJMeter_core.jar:5.6.3]
	at org.apache.jmeter.save.converters.TestElementPropertyConverter.unmarshal(TestElementPropertyConverter.java:100) [ApacheJMeter_core.jar:5.6.3]
	at com.thoughtworks.xstream.core.TreeUnmarshaller.convert(TreeUnmarshaller.java:74) [xstream-1.4.20.jar:1.4.20]
	at com.thoughtworks.xstream.core.AbstractReferenceUnmarshaller.convert(AbstractReferenceUnmarshaller.java:72) [xstream-1.4.20.jar:1.4.20]
	at com.thoughtworks.xstream.core.TreeUnmarshaller.convertAnother(TreeUnmarshaller.java:68) [xstream-1.4.20.jar:1.4.20]
	at com.thoughtworks.xstream.core.TreeUnmarshaller.convertAnother(TreeUnmarshaller.java:52) [xstream-1.4.20.jar:1.4.20]
	at com.thoughtworks.xstream.converters.collections.AbstractCollectionConverter.readBareItem(AbstractCollectionConverter.java:132) [xstream-1.4.20.jar:1.4.20]
	at org.apache.jmeter.save.converters.MultiPropertyConverter.unmarshal(MultiPropertyConverter.java:68) [ApacheJMeter_core.jar:5.6.3]
	at com.thoughtworks.xstream.core.TreeUnmarshaller.convert(TreeUnmarshaller.java:74) [xstream-1.4.20.jar:1.4.20]
	at com.thoughtworks.xstream.core.AbstractReferenceUnmarshaller.convert(AbstractReferenceUnmarshaller.java:72) [xstream-1.4.20.jar:1.4.20]
	at com.thoughtworks.xstream.core.TreeUnmarshaller.convertAnother(TreeUnmarshaller.java:68) [xstream-1.4.20.jar:1.4.20]
	at com.thoughtworks.xstream.core.TreeUnmarshaller.convertAnother(TreeUnmarshaller.java:52) [xstream-1.4.20.jar:1.4.20]
	at com.thoughtworks.xstream.converters.collections.AbstractCollectionConverter.readBareItem(AbstractCollectionConverter.java:132) [xstream-1.4.20.jar:1.4.20]
	at org.apache.jmeter.save.converters.TestElementConverter.unmarshal(TestElementConverter.java:109) [ApacheJMeter_core.jar:5.6.3]
	at com.thoughtworks.xstream.core.TreeUnmarshaller.convert(TreeUnmarshaller.java:74) [xstream-1.4.20.jar:1.4.20]
	at com.thoughtworks.xstream.core.AbstractReferenceUnmarshaller.convert(AbstractReferenceUnmarshaller.java:72) [xstream-1.4.20.jar:1.4.20]
	at com.thoughtworks.xstream.core.TreeUnmarshaller.convertAnother(TreeUnmarshaller.java:68) [xstream-1.4.20.jar:1.4.20]
	at com.thoughtworks.xstream.core.TreeUnmarshaller.convertAnother(TreeUnmarshaller.java:52) [xstream-1.4.20.jar:1.4.20]
	at com.thoughtworks.xstream.converters.collections.AbstractCollectionConverter.readBareItem(AbstractCollectionConverter.java:132) [xstream-1.4.20.jar:1.4.20]
	at org.apache.jmeter.save.converters.HashTreeConverter.unmarshal(HashTreeConverter.java:66) [ApacheJMeter_core.jar:5.6.3]
	at com.thoughtworks.xstream.core.TreeUnmarshaller.convert(TreeUnmarshaller.java:74) [xstream-1.4.20.jar:1.4.20]
	at com.thoughtworks.xstream.core.AbstractReferenceUnmarshaller.convert(AbstractReferenceUnmarshaller.java:72) [xstream-1.4.20.jar:1.4.20]
	at com.thoughtworks.xstream.core.TreeUnmarshaller.convertAnother(TreeUnmarshaller.java:68) [xstream-1.4.20.jar:1.4.20]
	at com.thoughtworks.xstream.core.TreeUnmarshaller.convertAnother(TreeUnmarshaller.java:52) [xstream-1.4.20.jar:1.4.20]
	at com.thoughtworks.xstream.converters.collections.AbstractCollectionConverter.readBareItem(AbstractCollectionConverter.java:132) [xstream-1.4.20.jar:1.4.20]
	at org.apache.jmeter.save.converters.HashTreeConverter.unmarshal(HashTreeConverter.java:66) [ApacheJMeter_core.jar:5.6.3]
	at com.thoughtworks.xstream.core.TreeUnmarshaller.convert(TreeUnmarshaller.java:74) [xstream-1.4.20.jar:1.4.20]
	at com.thoughtworks.xstream.core.AbstractReferenceUnmarshaller.convert(AbstractReferenceUnmarshaller.java:72) [xstream-1.4.20.jar:1.4.20]
	at com.thoughtworks.xstream.core.TreeUnmarshaller.convertAnother(TreeUnmarshaller.java:68) [xstream-1.4.20.jar:1.4.20]
	at com.thoughtworks.xstream.core.TreeUnmarshaller.convertAnother(TreeUnmarshaller.java:52) [xstream-1.4.20.jar:1.4.20]
	at com.thoughtworks.xstream.converters.collections.AbstractCollectionConverter.readBareItem(AbstractCollectionConverter.java:132) [xstream-1.4.20.jar:1.4.20]
	at org.apache.jmeter.save.converters.HashTreeConverter.unmarshal(HashTreeConverter.java:66) [ApacheJMeter_core.jar:5.6.3]
	at com.thoughtworks.xstream.core.TreeUnmarshaller.convert(TreeUnmarshaller.java:74) [xstream-1.4.20.jar:1.4.20]
	at com.thoughtworks.xstream.core.AbstractReferenceUnmarshaller.convert(AbstractReferenceUnmarshaller.java:72) [xstream-1.4.20.jar:1.4.20]
	at com.thoughtworks.xstream.core.TreeUnmarshaller.convertAnother(TreeUnmarshaller.java:68) [xstream-1.4.20.jar:1.4.20]
	at com.thoughtworks.xstream.core.TreeUnmarshaller.convertAnother(TreeUnmarshaller.java:52) [xstream-1.4.20.jar:1.4.20]
	at com.thoughtworks.xstream.converters.collections.AbstractCollectionConverter.readBareItem(AbstractCollectionConverter.java:132) [xstream-1.4.20.jar:1.4.20]
	at org.apache.jmeter.save.converters.HashTreeConverter.unmarshal(HashTreeConverter.java:66) [ApacheJMeter_core.jar:5.6.3]
	at com.thoughtworks.xstream.core.TreeUnmarshaller.convert(TreeUnmarshaller.java:74) [xstream-1.4.20.jar:1.4.20]
	at com.thoughtworks.xstream.core.AbstractReferenceUnmarshaller.convert(AbstractReferenceUnmarshaller.java:72) [xstream-1.4.20.jar:1.4.20]
	at com.thoughtworks.xstream.core.TreeUnmarshaller.convertAnother(TreeUnmarshaller.java:68) [xstream-1.4.20.jar:1.4.20]
	at com.thoughtworks.xstream.core.TreeUnmarshaller.convertAnother(TreeUnmarshaller.java:52) [xstream-1.4.20.jar:1.4.20]
	at org.apache.jmeter.save.ScriptWrapperConverter.unmarshal(ScriptWrapperConverter.java:93) [ApacheJMeter_core.jar:5.6.3]
	at com.thoughtworks.xstream.core.TreeUnmarshaller.convert(TreeUnmarshaller.java:74) [xstream-1.4.20.jar:1.4.20]
	at com.thoughtworks.xstream.core.AbstractReferenceUnmarshaller.convert(AbstractReferenceUnmarshaller.java:72) [xstream-1.4.20.jar:1.4.20]
	at com.thoughtworks.xstream.core.TreeUnmarshaller.convertAnother(TreeUnmarshaller.java:68) [xstream-1.4.20.jar:1.4.20]
	at com.thoughtworks.xstream.core.TreeUnmarshaller.convertAnother(TreeUnmarshaller.java:52) [xstream-1.4.20.jar:1.4.20]
	at com.thoughtworks.xstream.core.TreeUnmarshaller.start(TreeUnmarshaller.java:136) [xstream-1.4.20.jar:1.4.20]
	at com.thoughtworks.xstream.core.AbstractTreeMarshallingStrategy.unmarshal(AbstractTreeMarshallingStrategy.java:32) [xstream-1.4.20.jar:1.4.20]
	at com.thoughtworks.xstream.XStream.unmarshal(XStream.java:1464) [xstream-1.4.20.jar:1.4.20]
	at com.thoughtworks.xstream.XStream.unmarshal(XStream.java:1441) [xstream-1.4.20.jar:1.4.20]
	at com.thoughtworks.xstream.XStream.fromXML(XStream.java:1321) [xstream-1.4.20.jar:1.4.20]
	at org.apache.jmeter.save.SaveService.readTree(SaveService.java:446) [ApacheJMeter_core.jar:5.6.3]
	at org.apache.jmeter.save.SaveService.loadTree(SaveService.java:429) [ApacheJMeter_core.jar:5.6.3]
	at org.apache.jmeter.JMeter.runNonGui(JMeter.java:954) [ApacheJMeter_core.jar:5.6.3]
	at org.apache.jmeter.JMeter.startNonGui(JMeter.java:940) [ApacheJMeter_core.jar:5.6.3]
	at org.apache.jmeter.JMeter.start(JMeter.java:508) [ApacheJMeter_core.jar:5.6.3]
	at java.base/jdk.internal.reflect.DirectMethodHandleAccessor.invoke(DirectMethodHandleAccessor.java:103) ~[?:?]
	at java.base/java.lang.reflect.Method.invoke(Method.java:580) ~[?:?]
	at org.apache.jmeter.NewDriver.main(NewDriver.java:259) [ApacheJMeter.jar:5.6.3]
2026-10-09 09:47:43,826 ERROR o.a.j.s.c.TestElementPropertyConverter: Couldn't unmarshall TestElementProperty
java.lang.IllegalArgumentException: Name cannot be null
	at org.apache.jmeter.testelement.property.AbstractProperty.setName(AbstractProperty.java:72) ~[ApacheJMeter_core.jar:5.6.3]
	at org.apache.jmeter.save.converters.TestElementPropertyConverter.unmarshal(TestElementPropertyConverter.java:100) [ApacheJMeter_core.jar:5.6.3]
	at com.thoughtworks.xstream.core.TreeUnmarshaller.convert(TreeUnmarshaller.java:74) [xstream-1.4.20.jar:1.4.20]
	at com.thoughtworks.xstream.core.AbstractReferenceUnmarshaller.convert(AbstractReferenceUnmarshaller.java:72) [xstream-1.4.20.jar:1.4.20]
	at com.thoughtworks.xstream.core.TreeUnmarshaller.convertAnother(TreeUnmarshaller.java:68) [xstream-1.4.20.jar:1.4.20]
	at com.thoughtworks.xstream.core.TreeUnmarshaller.convertAnother(TreeUnmarshaller.java:52) [xstream-1.4.20.jar:1.4.20]
	at com.thoughtworks.xstream.converters.collections.AbstractCollectionConverter.readBareItem(AbstractCollectionConverter.java:132) [xstream-1.4.20.jar:1.4.20]
	at org.apache.jmeter.save.converters.MultiPropertyConverter.unmarshal(MultiPropertyConverter.java:68) [ApacheJMeter_core.jar:5.6.3]
	at com.thoughtworks.xstream.core.TreeUnmarshaller.convert(TreeUnmarshaller.java:74) [xstream-1.4.20.jar:1.4.20]
	at com.thoughtworks.xstream.core.AbstractReferenceUnmarshaller.convert(AbstractReferenceUnmarshaller.java:72) [xstream-1.4.20.jar:1.4.20]
	at com.thoughtworks.xstream.core.TreeUnmarshaller.convertAnother(TreeUnmarshaller.java:68) [xstream-1.4.20.jar:1.4.20]
	at com.thoughtworks.xstream.core.TreeUnmarshaller.convertAnother(TreeUnmarshaller.java:52) [xstream-1.4.20.jar:1.4.20]
	at com.thoughtworks.xstream.converters.collections.AbstractCollectionConverter.readBareItem(AbstractCollectionConverter.java:132) [xstream-1.4.20.jar:1.4.20]
	at org.apache.jmeter.save.converters.TestElementConverter.unmarshal(TestElementConverter.java:109) [ApacheJMeter_core.jar:5.6.3]
	at com.thoughtworks.xstream.core.TreeUnmarshaller.convert(TreeUnmarshaller.java:74) [xstream-1.4.20.jar:1.4.20]
	at com.thoughtworks.xstream.core.AbstractReferenceUnmarshaller.convert(AbstractReferenceUnmarshaller.java:72) [xstream-1.4.20.jar:1.4.20]
	at com.thoughtworks.xstream.core.TreeUnmarshaller.convertAnother(TreeUnmarshaller.java:68) [xstream-1.4.20.jar:1.4.20]
	at com.thoughtworks.xstream.core.TreeUnmarshaller.convertAnother(TreeUnmarshaller.java:52) [xstream-1.4.20.jar:1.4.20]
	at com.thoughtworks.xstream.converters.collections.AbstractCollectionConverter.readBareItem(AbstractCollectionConverter.java:132) [xstream-1.4.20.jar:1.4.20]
	at org.apache.jmeter.save.converters.HashTreeConverter.unmarshal(HashTreeConverter.java:66) [ApacheJMeter_core.jar:5.6.3]
	at com.thoughtworks.xstream.core.TreeUnmarshaller.convert(TreeUnmarshaller.java:74) [xstream-1.4.20.jar:1.4.20]
	at com.thoughtworks.xstream.core.AbstractReferenceUnmarshaller.convert(AbstractReferenceUnmarshaller.java:72) [xstream-1.4.20.jar:1.4.20]
	at com.thoughtworks.xstream.core.TreeUnmarshaller.convertAnother(TreeUnmarshaller.java:68) [xstream-1.4.20.jar:1.4.20]
	at com.thoughtworks.xstream.core.TreeUnmarshaller.convertAnother(TreeUnmarshaller.java:52) [xstream-1.4.20.jar:1.4.20]
	at com.thoughtworks.xstream.converters.collections.AbstractCollectionConverter.readBareItem(AbstractCollectionConverter.java:132) [xstream-1.4.20.jar:1.4.20]
	at org.apache.jmeter.save.converters.HashTreeConverter.unmarshal(HashTreeConverter.java:66) [ApacheJMeter_core.jar:5.6.3]
	at com.thoughtworks.xstream.core.TreeUnmarshaller.convert(TreeUnmarshaller.java:74) [xstream-1.4.20.jar:1.4.20]
	at com.thoughtworks.xstream.core.AbstractReferenceUnmarshaller.convert(AbstractReferenceUnmarshaller.java:72) [xstream-1.4.20.jar:1.4.20]
	at com.thoughtworks.xstream.core.TreeUnmarshaller.convertAnother(TreeUnmarshaller.java:68) [xstream-1.4.20.jar:1.4.20]
	at com.thoughtworks.xstream.core.TreeUnmarshaller.convertAnother(TreeUnmarshaller.java:52) [xstream-1.4.20.jar:1.4.20]
	at com.thoughtworks.xstream.converters.collections.AbstractCollectionConverter.readBareItem(AbstractCollectionConverter.java:132) [xstream-1.4.20.jar:1.4.20]
	at org.apache.jmeter.save.converters.HashTreeConverter.unmarshal(HashTreeConverter.java:66) [ApacheJMeter_core.jar:5.6.3]
	at com.thoughtworks.xstream.core.TreeUnmarshaller.convert(TreeUnmarshaller.java:74) [xstream-1.4.20.jar:1.4.20]
	at com.thoughtworks.xstream.core.AbstractReferenceUnmarshaller.convert(AbstractReferenceUnmarshaller.java:72) [xstream-1.4.20.jar:1.4.20]
	at com.thoughtworks.xstream.core.TreeUnmarshaller.convertAnother(TreeUnmarshaller.java:68) [xstream-1.4.20.jar:1.4.20]
	at com.thoughtworks.xstream.core.TreeUnmarshaller.convertAnother(TreeUnmarshaller.java:52) [xstream-1.4.20.jar:1.4.20]
	at com.thoughtworks.xstream.converters.collections.AbstractCollectionConverter.readBareItem(AbstractCollectionConverter.java:132) [xstream-1.4.20.jar:1.4.20]
	at org.apache.jmeter.save.converters.HashTreeConverter.unmarshal(HashTreeConverter.java:66) [ApacheJMeter_core.jar:5.6.3]
	at com.thoughtworks.xstream.core.TreeUnmarshaller.convert(TreeUnmarshaller.java:74) [xstream-1.4.20.jar:1.4.20]
	at com.thoughtworks.xstream.core.AbstractReferenceUnmarshaller.convert(AbstractReferenceUnmarshaller.java:72) [xstream-1.4.20.jar:1.4.20]
	at com.thoughtworks.xstream.core.TreeUnmarshaller.convertAnother(TreeUnmarshaller.java:68) [xstream-1.4.20.jar:1.4.20]
	at com.thoughtworks.xstream.core.TreeUnmarshaller.convertAnother(TreeUnmarshaller.java:52) [xstream-1.4.20.jar:1.4.20]
	at org.apache.jmeter.save.ScriptWrapperConverter.unmarshal(ScriptWrapperConverter.java:93) [ApacheJMeter_core.jar:5.6.3]
	at com.thoughtworks.xstream.core.TreeUnmarshaller.convert(TreeUnmarshaller.java:74) [xstream-1.4.20.jar:1.4.20]
	at com.thoughtworks.xstream.core.AbstractReferenceUnmarshaller.convert(AbstractReferenceUnmarshaller.java:72) [xstream-1.4.20.jar:1.4.20]
	at com.thoughtworks.xstream.core.TreeUnmarshaller.convertAnother(TreeUnmarshaller.java:68) [xstream-1.4.20.jar:1.4.20]
	at com.thoughtworks.xstream.core.TreeUnmarshaller.convertAnother(TreeUnmarshaller.java:52) [xstream-1.4.20.jar:1.4.20]
	at com.thoughtworks.xstream.core.TreeUnmarshaller.start(TreeUnmarshaller.java:136) [xstream-1.4.20.jar:1.4.20]
	at com.thoughtworks.xstream.core.AbstractTreeMarshallingStrategy.unmarshal(AbstractTreeMarshallingStrategy.java:32) [xstream-1.4.20.jar:1.4.20]
	at com.thoughtworks.xstream.XStream.unmarshal(XStream.java:1464) [xstream-1.4.20.jar:1.4.20]
	at com.thoughtworks.xstream.XStream.unmarshal(XStream.java:1441) [xstream-1.4.20.jar:1.4.20]
	at com.thoughtworks.xstream.XStream.fromXML(XStream.java:1321) [xstream-1.4.20.jar:1.4.20]
	at org.apache.jmeter.save.SaveService.readTree(SaveService.java:446) [ApacheJMeter_core.jar:5.6.3]
	at org.apache.jmeter.save.SaveService.loadTree(SaveService.java:429) [ApacheJMeter_core.jar:5.6.3]
	at org.apache.jmeter.JMeter.runNonGui(JMeter.java:954) [ApacheJMeter_core.jar:5.6.3]
	at org.apache.jmeter.JMeter.startNonGui(JMeter.java:940) [ApacheJMeter_core.jar:5.6.3]
	at org.apache.jmeter.JMeter.start(JMeter.java:508) [ApacheJMeter_core.jar:5.6.3]
	at java.base/jdk.internal.reflect.DirectMethodHandleAccessor.invoke(DirectMethodHandleAccessor.java:103) ~[?:?]
	at java.base/java.lang.reflect.Method.invoke(Method.java:580) ~[?:?]
	at org.apache.jmeter.NewDriver.main(NewDriver.java:259) [ApacheJMeter.jar:5.6.3]
2026-10-09 09:47:43,826 ERROR o.a.j.s.c.TestElementPropertyConverter: Couldn't unmarshall TestElementProperty
java.lang.IllegalArgumentException: Name cannot be null
	at org.apache.jmeter.testelement.property.AbstractProperty.setName(AbstractProperty.java:72) ~[ApacheJMeter_core.jar:5.6.3]
	at org.apache.jmeter.save.converters.TestElementPropertyConverter.unmarshal(TestElementPropertyConverter.java:100) [ApacheJMeter_core.jar:5.6.3]
	at com.thoughtworks.xstream.core.TreeUnmarshaller.convert(TreeUnmarshaller.java:74) [xstream-1.4.20.jar:1.4.20]
	at com.thoughtworks.xstream.core.AbstractReferenceUnmarshaller.convert(AbstractReferenceUnmarshaller.java:72) [xstream-1.4.20.jar:1.4.20]
	at com.thoughtworks.xstream.core.TreeUnmarshaller.convertAnother(TreeUnmarshaller.java:68) [xstream-1.4.20.jar:1.4.20]
	at com.thoughtworks.xstream.core.TreeUnmarshaller.convertAnother(TreeUnmarshaller.java:52) [xstream-1.4.20.jar:1.4.20]
	at com.thoughtworks.xstream.converters.collections.AbstractCollectionConverter.readBareItem(AbstractCollectionConverter.java:132) [xstream-1.4.20.jar:1.4.20]
	at org.apache.jmeter.save.converters.MultiPropertyConverter.unmarshal(MultiPropertyConverter.java:68) [ApacheJMeter_core.jar:5.6.3]
	at com.thoughtworks.xstream.core.TreeUnmarshaller.convert(TreeUnmarshaller.java:74) [xstream-1.4.20.jar:1.4.20]
	at com.thoughtworks.xstream.core.AbstractReferenceUnmarshaller.convert(AbstractReferenceUnmarshaller.java:72) [xstream-1.4.20.jar:1.4.20]
	at com.thoughtworks.xstream.core.TreeUnmarshaller.convertAnother(TreeUnmarshaller.java:68) [xstream-1.4.20.jar:1.4.20]
	at com.thoughtworks.xstream.core.TreeUnmarshaller.convertAnother(TreeUnmarshaller.java:52) [xstream-1.4.20.jar:1.4.20]
	at com.thoughtworks.xstream.converters.collections.AbstractCollectionConverter.readBareItem(AbstractCollectionConverter.java:132) [xstream-1.4.20.jar:1.4.20]
	at org.apache.jmeter.save.converters.TestElementConverter.unmarshal(TestElementConverter.java:109) [ApacheJMeter_core.jar:5.6.3]
	at com.thoughtworks.xstream.core.TreeUnmarshaller.convert(TreeUnmarshaller.java:74) [xstream-1.4.20.jar:1.4.20]
	at com.thoughtworks.xstream.core.AbstractReferenceUnmarshaller.convert(AbstractReferenceUnmarshaller.java:72) [xstream-1.4.20.jar:1.4.20]
	at com.thoughtworks.xstream.core.TreeUnmarshaller.convertAnother(TreeUnmarshaller.java:68) [xstream-1.4.20.jar:1.4.20]
	at com.thoughtworks.xstream.core.TreeUnmarshaller.convertAnother(TreeUnmarshaller.java:52) [xstream-1.4.20.jar:1.4.20]
	at com.thoughtworks.xstream.converters.collections.AbstractCollectionConverter.readBareItem(AbstractCollectionConverter.java:132) [xstream-1.4.20.jar:1.4.20]
	at org.apache.jmeter.save.converters.HashTreeConverter.unmarshal(HashTreeConverter.java:66) [ApacheJMeter_core.jar:5.6.3]
	at com.thoughtworks.xstream.core.TreeUnmarshaller.convert(TreeUnmarshaller.java:74) [xstream-1.4.20.jar:1.4.20]
	at com.thoughtworks.xstream.core.AbstractReferenceUnmarshaller.convert(AbstractReferenceUnmarshaller.java:72) [xstream-1.4.20.jar:1.4.20]
	at com.thoughtworks.xstream.core.TreeUnmarshaller.convertAnother(TreeUnmarshaller.java:68) [xstream-1.4.20.jar:1.4.20]
	at com.thoughtworks.xstream.core.TreeUnmarshaller.convertAnother(TreeUnmarshaller.java:52) [xstream-1.4.20.jar:1.4.20]
	at com.thoughtworks.xstream.converters.collections.AbstractCollectionConverter.readBareItem(AbstractCollectionConverter.java:132) [xstream-1.4.20.jar:1.4.20]
	at org.apache.jmeter.save.converters.HashTreeConverter.unmarshal(HashTreeConverter.java:66) [ApacheJMeter_core.jar:5.6.3]
	at com.thoughtworks.xstream.core.TreeUnmarshaller.convert(TreeUnmarshaller.java:74) [xstream-1.4.20.jar:1.4.20]
	at com.thoughtworks.xstream.core.AbstractReferenceUnmarshaller.convert(AbstractReferenceUnmarshaller.java:72) [xstream-1.4.20.jar:1.4.20]
	at com.thoughtworks.xstream.core.TreeUnmarshaller.convertAnother(TreeUnmarshaller.java:68) [xstream-1.4.20.jar:1.4.20]
	at com.thoughtworks.xstream.core.TreeUnmarshaller.convertAnother(TreeUnmarshaller.java:52) [xstream-1.4.20.jar:1.4.20]
	at com.thoughtworks.xstream.converters.collections.AbstractCollectionConverter.readBareItem(AbstractCollectionConverter.java:132) [xstream-1.4.20.jar:1.4.20]
	at org.apache.jmeter.save.converters.HashTreeConverter.unmarshal(HashTreeConverter.java:66) [ApacheJMeter_core.jar:5.6.3]
	at com.thoughtworks.xstream.core.TreeUnmarshaller.convert(TreeUnmarshaller.java:74) [xstream-1.4.20.jar:1.4.20]
	at com.thoughtworks.xstream.core.AbstractReferenceUnmarshaller.convert(AbstractReferenceUnmarshaller.java:72) [xstream-1.4.20.jar:1.4.20]
	at com.thoughtworks.xstream.core.TreeUnmarshaller.convertAnother(TreeUnmarshaller.java:68) [xstream-1.4.20.jar:1.4.20]
	at com.thoughtworks.xstream.core.TreeUnmarshaller.convertAnother(TreeUnmarshaller.java:52) [xstream-1.4.20.jar:1.4.20]
	at com.thoughtworks.xstream.converters.collections.AbstractCollectionConverter.readBareItem(AbstractCollectionConverter.java:132) [xstream-1.4.20.jar:1.4.20]
	at org.apache.jmeter.save.converters.HashTreeConverter.unmarshal(HashTreeConverter.java:66) [ApacheJMeter_core.jar:5.6.3]
	at com.thoughtworks.xstream.core.TreeUnmarshaller.convert(TreeUnmarshaller.java:74) [xstream-1.4.20.jar:1.4.20]
	at com.thoughtworks.xstream.core.AbstractReferenceUnmarshaller.convert(AbstractReferenceUnmarshaller.java:72) [xstream-1.4.20.jar:1.4.20]
	at com.thoughtworks.xstream.core.TreeUnmarshaller.convertAnother(TreeUnmarshaller.java:68) [xstream-1.4.20.jar:1.4.20]
	at com.thoughtworks.xstream.core.TreeUnmarshaller.convertAnother(TreeUnmarshaller.java:52) [xstream-1.4.20.jar:1.4.20]
	at org.apache.jmeter.save.ScriptWrapperConverter.unmarshal(ScriptWrapperConverter.java:93) [ApacheJMeter_core.jar:5.6.3]
	at com.thoughtworks.xstream.core.TreeUnmarshaller.convert(TreeUnmarshaller.java:74) [xstream-1.4.20.jar:1.4.20]
	at com.thoughtworks.xstream.core.AbstractReferenceUnmarshaller.convert(AbstractReferenceUnmarshaller.java:72) [xstream-1.4.20.jar:1.4.20]
	at com.thoughtworks.xstream.core.TreeUnmarshaller.convertAnother(TreeUnmarshaller.java:68) [xstream-1.4.20.jar:1.4.20]
	at com.thoughtworks.xstream.core.TreeUnmarshaller.convertAnother(TreeUnmarshaller.java:52) [xstream-1.4.20.jar:1.4.20]
	at com.thoughtworks.xstream.core.TreeUnmarshaller.start(TreeUnmarshaller.java:136) [xstream-1.4.20.jar:1.4.20]
	at com.thoughtworks.xstream.core.AbstractTreeMarshallingStrategy.unmarshal(AbstractTreeMarshallingStrategy.java:32) [xstream-1.4.20.jar:1.4.20]
	at com.thoughtworks.xstream.XStream.unmarshal(XStream.java:1464) [xstream-1.4.20.jar:1.4.20]
	at com.thoughtworks.xstream.XStream.unmarshal(XStream.java:1441) [xstream-1.4.20.jar:1.4.20]
	at com.thoughtworks.xstream.XStream.fromXML(XStream.java:1321) [xstream-1.4.20.jar:1.4.20]
	at org.apache.jmeter.save.SaveService.readTree(SaveService.java:446) [ApacheJMeter_core.jar:5.6.3]
	at org.apache.jmeter.save.SaveService.loadTree(SaveService.java:429) [ApacheJMeter_core.jar:5.6.3]
	at org.apache.jmeter.JMeter.runNonGui(JMeter.java:954) [ApacheJMeter_core.jar:5.6.3]
	at org.apache.jmeter.JMeter.startNonGui(JMeter.java:940) [ApacheJMeter_core.jar:5.6.3]
	at org.apache.jmeter.JMeter.start(JMeter.java:508) [ApacheJMeter_core.jar:5.6.3]
	at java.base/jdk.internal.reflect.DirectMethodHandleAccessor.invoke(DirectMethodHandleAccessor.java:103) ~[?:?]
	at java.base/java.lang.reflect.Method.invoke(Method.java:580) ~[?:?]
	at org.apache.jmeter.NewDriver.main(NewDriver.java:259) [ApacheJMeter.jar:5.6.3]
2026-10-09 09:47:43,830 ERROR o.a.j.s.c.TestElementPropertyConverter: Couldn't unmarshall TestElementProperty
java.lang.IllegalArgumentException: Name cannot be null
	at org.apache.jmeter.testelement.property.AbstractProperty.setName(AbstractProperty.java:72) ~[ApacheJMeter_core.jar:5.6.3]
	at org.apache.jmeter.save.converters.TestElementPropertyConverter.unmarshal(TestElementPropertyConverter.java:100) [ApacheJMeter_core.jar:5.6.3]
	at com.thoughtworks.xstream.core.TreeUnmarshaller.convert(TreeUnmarshaller.java:74) [xstream-1.4.20.jar:1.4.20]
	at com.thoughtworks.xstream.core.AbstractReferenceUnmarshaller.convert(AbstractReferenceUnmarshaller.java:72) [xstream-1.4.20.jar:1.4.20]
	at com.thoughtworks.xstream.core.TreeUnmarshaller.convertAnother(TreeUnmarshaller.java:68) [xstream-1.4.20.jar:1.4.20]
	at com.thoughtworks.xstream.core.TreeUnmarshaller.convertAnother(TreeUnmarshaller.java:52) [xstream-1.4.20.jar:1.4.20]
	at com.thoughtworks.xstream.converters.collections.AbstractCollectionConverter.readBareItem(AbstractCollectionConverter.java:132) [xstream-1.4.20.jar:1.4.20]
	at org.apache.jmeter.save.converters.MultiPropertyConverter.unmarshal(MultiPropertyConverter.java:68) [ApacheJMeter_core.jar:5.6.3]
	at com.thoughtworks.xstream.core.TreeUnmarshaller.convert(TreeUnmarshaller.java:74) [xstream-1.4.20.jar:1.4.20]
	at com.thoughtworks.xstream.core.AbstractReferenceUnmarshaller.convert(AbstractReferenceUnmarshaller.java:72) [xstream-1.4.20.jar:1.4.20]
	at com.thoughtworks.xstream.core.TreeUnmarshaller.convertAnother(TreeUnmarshaller.java:68) [xstream-1.4.20.jar:1.4.20]
	at com.thoughtworks.xstream.core.TreeUnmarshaller.convertAnother(TreeUnmarshaller.java:52) [xstream-1.4.20.jar:1.4.20]
	at com.thoughtworks.xstream.converters.collections.AbstractCollectionConverter.readBareItem(AbstractCollectionConverter.java:132) [xstream-1.4.20.jar:1.4.20]
	at org.apache.jmeter.save.converters.TestElementConverter.unmarshal(TestElementConverter.java:109) [ApacheJMeter_core.jar:5.6.3]
	at com.thoughtworks.xstream.core.TreeUnmarshaller.convert(TreeUnmarshaller.java:74) [xstream-1.4.20.jar:1.4.20]
	at com.thoughtworks.xstream.core.AbstractReferenceUnmarshaller.convert(AbstractReferenceUnmarshaller.java:72) [xstream-1.4.20.jar:1.4.20]
	at com.thoughtworks.xstream.core.TreeUnmarshaller.convertAnother(TreeUnmarshaller.java:68) [xstream-1.4.20.jar:1.4.20]
	at com.thoughtworks.xstream.core.TreeUnmarshaller.convertAnother(TreeUnmarshaller.java:52) [xstream-1.4.20.jar:1.4.20]
	at com.thoughtworks.xstream.converters.collections.AbstractCollectionConverter.readBareItem(AbstractCollectionConverter.java:132) [xstream-1.4.20.jar:1.4.20]
	at org.apache.jmeter.save.converters.HashTreeConverter.unmarshal(HashTreeConverter.java:66) [ApacheJMeter_core.jar:5.6.3]
	at com.thoughtworks.xstream.core.TreeUnmarshaller.convert(TreeUnmarshaller.java:74) [xstream-1.4.20.jar:1.4.20]
	at com.thoughtworks.xstream.core.AbstractReferenceUnmarshaller.convert(AbstractReferenceUnmarshaller.java:72) [xstream-1.4.20.jar:1.4.20]
	at com.thoughtworks.xstream.core.TreeUnmarshaller.convertAnother(TreeUnmarshaller.java:68) [xstream-1.4.20.jar:1.4.20]
	at com.thoughtworks.xstream.core.TreeUnmarshaller.convertAnother(TreeUnmarshaller.java:52) [xstream-1.4.20.jar:1.4.20]
	at com.thoughtworks.xstream.converters.collections.AbstractCollectionConverter.readBareItem(AbstractCollectionConverter.java:132) [xstream-1.4.20.jar:1.4.20]
	at org.apache.jmeter.save.converters.HashTreeConverter.unmarshal(HashTreeConverter.java:66) [ApacheJMeter_core.jar:5.6.3]
	at com.thoughtworks.xstream.core.TreeUnmarshaller.convert(TreeUnmarshaller.java:74) [xstream-1.4.20.jar:1.4.20]
	at com.thoughtworks.xstream.core.AbstractReferenceUnmarshaller.convert(AbstractReferenceUnmarshaller.java:72) [xstream-1.4.20.jar:1.4.20]
	at com.thoughtworks.xstream.core.TreeUnmarshaller.convertAnother(TreeUnmarshaller.java:68) [xstream-1.4.20.jar:1.4.20]
	at com.thoughtworks.xstream.core.TreeUnmarshaller.convertAnother(TreeUnmarshaller.java:52) [xstream-1.4.20.jar:1.4.20]
	at com.thoughtworks.xstream.converters.collections.AbstractCollectionConverter.readBareItem(AbstractCollectionConverter.java:132) [xstream-1.4.20.jar:1.4.20]
	at org.apache.jmeter.save.converters.HashTreeConverter.unmarshal(HashTreeConverter.java:66) [ApacheJMeter_core.jar:5.6.3]
	at com.thoughtworks.xstream.core.TreeUnmarshaller.convert(TreeUnmarshaller.java:74) [xstream-1.4.20.jar:1.4.20]
	at com.thoughtworks.xstream.core.AbstractReferenceUnmarshaller.convert(AbstractReferenceUnmarshaller.java:72) [xstream-1.4.20.jar:1.4.20]
	at com.thoughtworks.xstream.core.TreeUnmarshaller.convertAnother(TreeUnmarshaller.java:68) [xstream-1.4.20.jar:1.4.20]
	at com.thoughtworks.xstream.core.TreeUnmarshaller.convertAnother(TreeUnmarshaller.java:52) [xstream-1.4.20.jar:1.4.20]
	at com.thoughtworks.xstream.converters.collections.AbstractCollectionConverter.readBareItem(AbstractCollectionConverter.java:132) [xstream-1.4.20.jar:1.4.20]
	at org.apache.jmeter.save.converters.HashTreeConverter.unmarshal(HashTreeConverter.java:66) [ApacheJMeter_core.jar:5.6.3]
	at com.thoughtworks.xstream.core.TreeUnmarshaller.convert(TreeUnmarshaller.java:74) [xstream-1.4.20.jar:1.4.20]
	at com.thoughtworks.xstream.core.AbstractReferenceUnmarshaller.convert(AbstractReferenceUnmarshaller.java:72) [xstream-1.4.20.jar:1.4.20]
	at com.thoughtworks.xstream.core.TreeUnmarshaller.convertAnother(TreeUnmarshaller.java:68) [xstream-1.4.20.jar:1.4.20]
	at com.thoughtworks.xstream.core.TreeUnmarshaller.convertAnother(TreeUnmarshaller.java:52) [xstream-1.4.20.jar:1.4.20]
	at org.apache.jmeter.save.ScriptWrapperConverter.unmarshal(ScriptWrapperConverter.java:93) [ApacheJMeter_core.jar:5.6.3]
	at com.thoughtworks.xstream.core.TreeUnmarshaller.convert(TreeUnmarshaller.java:74) [xstream-1.4.20.jar:1.4.20]
	at com.thoughtworks.xstream.core.AbstractReferenceUnmarshaller.convert(AbstractReferenceUnmarshaller.java:72) [xstream-1.4.20.jar:1.4.20]
	at com.thoughtworks.xstream.core.TreeUnmarshaller.convertAnother(TreeUnmarshaller.java:68) [xstream-1.4.20.jar:1.4.20]
	at com.thoughtworks.xstream.core.TreeUnmarshaller.convertAnother(TreeUnmarshaller.java:52) [xstream-1.4.20.jar:1.4.20]
	at com.thoughtworks.xstream.core.TreeUnmarshaller.start(TreeUnmarshaller.java:136) [xstream-1.4.20.jar:1.4.20]
	at com.thoughtworks.xstream.core.AbstractTreeMarshallingStrategy.unmarshal(AbstractTreeMarshallingStrategy.java:32) [xstream-1.4.20.jar:1.4.20]
	at com.thoughtworks.xstream.XStream.unmarshal(XStream.java:1464) [xstream-1.4.20.jar:1.4.20]
	at com.thoughtworks.xstream.XStream.unmarshal(XStream.java:1441) [xstream-1.4.20.jar:1.4.20]
	at com.thoughtworks.xstream.XStream.fromXML(XStream.java:1321) [xstream-1.4.20.jar:1.4.20]
	at org.apache.jmeter.save.SaveService.readTree(SaveService.java:446) [ApacheJMeter_core.jar:5.6.3]
	at org.apache.jmeter.save.SaveService.loadTree(SaveService.java:429) [ApacheJMeter_core.jar:5.6.3]
	at org.apache.jmeter.JMeter.runNonGui(JMeter.java:954) [ApacheJMeter_core.jar:5.6.3]
	at org.apache.jmeter.JMeter.startNonGui(JMeter.java:940) [ApacheJMeter_core.jar:5.6.3]
	at org.apache.jmeter.JMeter.start(JMeter.java:508) [ApacheJMeter_core.jar:5.6.3]
	at java.base/jdk.internal.reflect.DirectMethodHandleAccessor.invoke(DirectMethodHandleAccessor.java:103) ~[?:?]
	at java.base/java.lang.reflect.Method.invoke(Method.java:580) ~[?:?]
	at org.apache.jmeter.NewDriver.main(NewDriver.java:259) [ApacheJMeter.jar:5.6.3]
2026-10-09 09:47:43,830 ERROR o.a.j.s.c.TestElementPropertyConverter: Couldn't unmarshall TestElementProperty
java.lang.IllegalArgumentException: Name cannot be null
	at org.apache.jmeter.testelement.property.AbstractProperty.setName(AbstractProperty.java:72) ~[ApacheJMeter_core.jar:5.6.3]
	at org.apache.jmeter.save.converters.TestElementPropertyConverter.unmarshal(TestElementPropertyConverter.java:100) [ApacheJMeter_core.jar:5.6.3]
	at com.thoughtworks.xstream.core.TreeUnmarshaller.convert(TreeUnmarshaller.java:74) [xstream-1.4.20.jar:1.4.20]
	at com.thoughtworks.xstream.core.AbstractReferenceUnmarshaller.convert(AbstractReferenceUnmarshaller.java:72) [xstream-1.4.20.jar:1.4.20]
	at com.thoughtworks.xstream.core.TreeUnmarshaller.convertAnother(TreeUnmarshaller.java:68) [xstream-1.4.20.jar:1.4.20]
	at com.thoughtworks.xstream.core.TreeUnmarshaller.convertAnother(TreeUnmarshaller.java:52) [xstream-1.4.20.jar:1.4.20]
	at com.thoughtworks.xstream.converters.collections.AbstractCollectionConverter.readBareItem(AbstractCollectionConverter.java:132) [xstream-1.4.20.jar:1.4.20]
	at org.apache.jmeter.save.converters.MultiPropertyConverter.unmarshal(MultiPropertyConverter.java:68) [ApacheJMeter_core.jar:5.6.3]
	at com.thoughtworks.xstream.core.TreeUnmarshaller.convert(TreeUnmarshaller.java:74) [xstream-1.4.20.jar:1.4.20]
	at com.thoughtworks.xstream.core.AbstractReferenceUnmarshaller.convert(AbstractReferenceUnmarshaller.java:72) [xstream-1.4.20.jar:1.4.20]
	at com.thoughtworks.xstream.core.TreeUnmarshaller.convertAnother(TreeUnmarshaller.java:68) [xstream-1.4.20.jar:1.4.20]
	at com.thoughtworks.xstream.core.TreeUnmarshaller.convertAnother(TreeUnmarshaller.java:52) [xstream-1.4.20.jar:1.4.20]
	at com.thoughtworks.xstream.converters.collections.AbstractCollectionConverter.readBareItem(AbstractCollectionConverter.java:132) [xstream-1.4.20.jar:1.4.20]
	at org.apache.jmeter.save.converters.TestElementConverter.unmarshal(TestElementConverter.java:109) [ApacheJMeter_core.jar:5.6.3]
	at com.thoughtworks.xstream.core.TreeUnmarshaller.convert(TreeUnmarshaller.java:74) [xstream-1.4.20.jar:1.4.20]
	at com.thoughtworks.xstream.core.AbstractReferenceUnmarshaller.convert(AbstractReferenceUnmarshaller.java:72) [xstream-1.4.20.jar:1.4.20]
	at com.thoughtworks.xstream.core.TreeUnmarshaller.convertAnother(TreeUnmarshaller.java:68) [xstream-1.4.20.jar:1.4.20]
	at com.thoughtworks.xstream.core.TreeUnmarshaller.convertAnother(TreeUnmarshaller.java:52) [xstream-1.4.20.jar:1.4.20]
	at com.thoughtworks.xstream.converters.collections.AbstractCollectionConverter.readBareItem(AbstractCollectionConverter.java:132) [xstream-1.4.20.jar:1.4.20]
	at org.apache.jmeter.save.converters.HashTreeConverter.unmarshal(HashTreeConverter.java:66) [ApacheJMeter_core.jar:5.6.3]
	at com.thoughtworks.xstream.core.TreeUnmarshaller.convert(TreeUnmarshaller.java:74) [xstream-1.4.20.jar:1.4.20]
	at com.thoughtworks.xstream.core.AbstractReferenceUnmarshaller.convert(AbstractReferenceUnmarshaller.java:72) [xstream-1.4.20.jar:1.4.20]
	at com.thoughtworks.xstream.core.TreeUnmarshaller.convertAnother(TreeUnmarshaller.java:68) [xstream-1.4.20.jar:1.4.20]
	at com.thoughtworks.xstream.core.TreeUnmarshaller.convertAnother(TreeUnmarshaller.java:52) [xstream-1.4.20.jar:1.4.20]
	at com.thoughtworks.xstream.converters.collections.AbstractCollectionConverter.readBareItem(AbstractCollectionConverter.java:132) [xstream-1.4.20.jar:1.4.20]
	at org.apache.jmeter.save.converters.HashTreeConverter.unmarshal(HashTreeConverter.java:66) [ApacheJMeter_core.jar:5.6.3]
	at com.thoughtworks.xstream.core.TreeUnmarshaller.convert(TreeUnmarshaller.java:74) [xstream-1.4.20.jar:1.4.20]
	at com.thoughtworks.xstream.core.AbstractReferenceUnmarshaller.convert(AbstractReferenceUnmarshaller.java:72) [xstream-1.4.20.jar:1.4.20]
	at com.thoughtworks.xstream.core.TreeUnmarshaller.convertAnother(TreeUnmarshaller.java:68) [xstream-1.4.20.jar:1.4.20]
	at com.thoughtworks.xstream.core.TreeUnmarshaller.convertAnother(TreeUnmarshaller.java:52) [xstream-1.4.20.jar:1.4.20]
	at com.thoughtworks.xstream.converters.collections.AbstractCollectionConverter.readBareItem(AbstractCollectionConverter.java:132) [xstream-1.4.20.jar:1.4.20]
	at org.apache.jmeter.save.converters.HashTreeConverter.unmarshal(HashTreeConverter.java:66) [ApacheJMeter_core.jar:5.6.3]
	at com.thoughtworks.xstream.core.TreeUnmarshaller.convert(TreeUnmarshaller.java:74) [xstream-1.4.20.jar:1.4.20]
	at com.thoughtworks.xstream.core.AbstractReferenceUnmarshaller.convert(AbstractReferenceUnmarshaller.java:72) [xstream-1.4.20.jar:1.4.20]
	at com.thoughtworks.xstream.core.TreeUnmarshaller.convertAnother(TreeUnmarshaller.java:68) [xstream-1.4.20.jar:1.4.20]
	at com.thoughtworks.xstream.core.TreeUnmarshaller.convertAnother(TreeUnmarshaller.java:52) [xstream-1.4.20.jar:1.4.20]
	at com.thoughtworks.xstream.converters.collections.AbstractCollectionConverter.readBareItem(AbstractCollectionConverter.java:132) [xstream-1.4.20.jar:1.4.20]
	at org.apache.jmeter.save.converters.HashTreeConverter.unmarshal(HashTreeConverter.java:66) [ApacheJMeter_core.jar:5.6.3]
	at com.thoughtworks.xstream.core.TreeUnmarshaller.convert(TreeUnmarshaller.java:74) [xstream-1.4.20.jar:1.4.20]
	at com.thoughtworks.xstream.core.AbstractReferenceUnmarshaller.convert(AbstractReferenceUnmarshaller.java:72) [xstream-1.4.20.jar:1.4.20]
	at com.thoughtworks.xstream.core.TreeUnmarshaller.convertAnother(TreeUnmarshaller.java:68) [xstream-1.4.20.jar:1.4.20]
	at com.thoughtworks.xstream.core.TreeUnmarshaller.convertAnother(TreeUnmarshaller.java:52) [xstream-1.4.20.jar:1.4.20]
	at org.apache.jmeter.save.ScriptWrapperConverter.unmarshal(ScriptWrapperConverter.java:93) [ApacheJMeter_core.jar:5.6.3]
	at com.thoughtworks.xstream.core.TreeUnmarshaller.convert(TreeUnmarshaller.java:74) [xstream-1.4.20.jar:1.4.20]
	at com.thoughtworks.xstream.core.AbstractReferenceUnmarshaller.convert(AbstractReferenceUnmarshaller.java:72) [xstream-1.4.20.jar:1.4.20]
	at com.thoughtworks.xstream.core.TreeUnmarshaller.convertAnother(TreeUnmarshaller.java:68) [xstream-1.4.20.jar:1.4.20]
	at com.thoughtworks.xstream.core.TreeUnmarshaller.convertAnother(TreeUnmarshaller.java:52) [xstream-1.4.20.jar:1.4.20]
	at com.thoughtworks.xstream.core.TreeUnmarshaller.start(TreeUnmarshaller.java:136) [xstream-1.4.20.jar:1.4.20]
	at com.thoughtworks.xstream.core.AbstractTreeMarshallingStrategy.unmarshal(AbstractTreeMarshallingStrategy.java:32) [xstream-1.4.20.jar:1.4.20]
	at com.thoughtworks.xstream.XStream.unmarshal(XStream.java:1464) [xstream-1.4.20.jar:1.4.20]
	at com.thoughtworks.xstream.XStream.unmarshal(XStream.java:1441) [xstream-1.4.20.jar:1.4.20]
	at com.thoughtworks.xstream.XStream.fromXML(XStream.java:1321) [xstream-1.4.20.jar:1.4.20]
	at org.apache.jmeter.save.SaveService.readTree(SaveService.java:446) [ApacheJMeter_core.jar:5.6.3]
	at org.apache.jmeter.save.SaveService.loadTree(SaveService.java:429) [ApacheJMeter_core.jar:5.6.3]
	at org.apache.jmeter.JMeter.runNonGui(JMeter.java:954) [ApacheJMeter_core.jar:5.6.3]
	at org.apache.jmeter.JMeter.startNonGui(JMeter.java:940) [ApacheJMeter_core.jar:5.6.3]
	at org.apache.jmeter.JMeter.start(JMeter.java:508) [ApacheJMeter_core.jar:5.6.3]
	at java.base/jdk.internal.reflect.DirectMethodHandleAccessor.invoke(DirectMethodHandleAccessor.java:103) ~[?:?]
	at java.base/java.lang.reflect.Method.invoke(Method.java:580) ~[?:?]
	at org.apache.jmeter.NewDriver.main(NewDriver.java:259) [ApacheJMeter.jar:5.6.3]
2026-10-09 09:47:43,832 ERROR o.a.j.s.c.TestElementPropertyConverter: Couldn't unmarshall TestElementProperty
java.lang.IllegalArgumentException: Name cannot be null
	at org.apache.jmeter.testelement.property.AbstractProperty.setName(AbstractProperty.java:72) ~[ApacheJMeter_core.jar:5.6.3]
	at org.apache.jmeter.save.converters.TestElementPropertyConverter.unmarshal(TestElementPropertyConverter.java:100) [ApacheJMeter_core.jar:5.6.3]
	at com.thoughtworks.xstream.core.TreeUnmarshaller.convert(TreeUnmarshaller.java:74) [xstream-1.4.20.jar:1.4.20]
	at com.thoughtworks.xstream.core.AbstractReferenceUnmarshaller.convert(AbstractReferenceUnmarshaller.java:72) [xstream-1.4.20.jar:1.4.20]
	at com.thoughtworks.xstream.core.TreeUnmarshaller.convertAnother(TreeUnmarshaller.java:68) [xstream-1.4.20.jar:1.4.20]
	at com.thoughtworks.xstream.core.TreeUnmarshaller.convertAnother(TreeUnmarshaller.java:52) [xstream-1.4.20.jar:1.4.20]
	at com.thoughtworks.xstream.converters.collections.AbstractCollectionConverter.readBareItem(AbstractCollectionConverter.java:132) [xstream-1.4.20.jar:1.4.20]
	at org.apache.jmeter.save.converters.MultiPropertyConverter.unmarshal(MultiPropertyConverter.java:68) [ApacheJMeter_core.jar:5.6.3]
	at com.thoughtworks.xstream.core.TreeUnmarshaller.convert(TreeUnmarshaller.java:74) [xstream-1.4.20.jar:1.4.20]
	at com.thoughtworks.xstream.core.AbstractReferenceUnmarshaller.convert(AbstractReferenceUnmarshaller.java:72) [xstream-1.4.20.jar:1.4.20]
	at com.thoughtworks.xstream.core.TreeUnmarshaller.convertAnother(TreeUnmarshaller.java:68) [xstream-1.4.20.jar:1.4.20]
	at com.thoughtworks.xstream.core.TreeUnmarshaller.convertAnother(TreeUnmarshaller.java:52) [xstream-1.4.20.jar:1.4.20]
	at com.thoughtworks.xstream.converters.collections.AbstractCollectionConverter.readBareItem(AbstractCollectionConverter.java:132) [xstream-1.4.20.jar:1.4.20]
	at org.apache.jmeter.save.converters.TestElementConverter.unmarshal(TestElementConverter.java:109) [ApacheJMeter_core.jar:5.6.3]
	at com.thoughtworks.xstream.core.TreeUnmarshaller.convert(TreeUnmarshaller.java:74) [xstream-1.4.20.jar:1.4.20]
	at com.thoughtworks.xstream.core.AbstractReferenceUnmarshaller.convert(AbstractReferenceUnmarshaller.java:72) [xstream-1.4.20.jar:1.4.20]
	at com.thoughtworks.xstream.core.TreeUnmarshaller.convertAnother(TreeUnmarshaller.java:68) [xstream-1.4.20.jar:1.4.20]
	at com.thoughtworks.xstream.core.TreeUnmarshaller.convertAnother(TreeUnmarshaller.java:52) [xstream-1.4.20.jar:1.4.20]
	at com.thoughtworks.xstream.converters.collections.AbstractCollectionConverter.readBareItem(AbstractCollectionConverter.java:132) [xstream-1.4.20.jar:1.4.20]
	at org.apache.jmeter.save.converters.HashTreeConverter.unmarshal(HashTreeConverter.java:66) [ApacheJMeter_core.jar:5.6.3]
	at com.thoughtworks.xstream.core.TreeUnmarshaller.convert(TreeUnmarshaller.java:74) [xstream-1.4.20.jar:1.4.20]
	at com.thoughtworks.xstream.core.AbstractReferenceUnmarshaller.convert(AbstractReferenceUnmarshaller.java:72) [xstream-1.4.20.jar:1.4.20]
	at com.thoughtworks.xstream.core.TreeUnmarshaller.convertAnother(TreeUnmarshaller.java:68) [xstream-1.4.20.jar:1.4.20]
	at com.thoughtworks.xstream.core.TreeUnmarshaller.convertAnother(TreeUnmarshaller.java:52) [xstream-1.4.20.jar:1.4.20]
	at com.thoughtworks.xstream.converters.collections.AbstractCollectionConverter.readBareItem(AbstractCollectionConverter.java:132) [xstream-1.4.20.jar:1.4.20]
	at org.apache.jmeter.save.converters.HashTreeConverter.unmarshal(HashTreeConverter.java:66) [ApacheJMeter_core.jar:5.6.3]
	at com.thoughtworks.xstream.core.TreeUnmarshaller.convert(TreeUnmarshaller.java:74) [xstream-1.4.20.jar:1.4.20]
	at com.thoughtworks.xstream.core.AbstractReferenceUnmarshaller.convert(AbstractReferenceUnmarshaller.java:72) [xstream-1.4.20.jar:1.4.20]
	at com.thoughtworks.xstream.core.TreeUnmarshaller.convertAnother(TreeUnmarshaller.java:68) [xstream-1.4.20.jar:1.4.20]
	at com.thoughtworks.xstream.core.TreeUnmarshaller.convertAnother(TreeUnmarshaller.java:52) [xstream-1.4.20.jar:1.4.20]
	at com.thoughtworks.xstream.converters.collections.AbstractCollectionConverter.readBareItem(AbstractCollectionConverter.java:132) [xstream-1.4.20.jar:1.4.20]
	at org.apache.jmeter.save.converters.HashTreeConverter.unmarshal(HashTreeConverter.java:66) [ApacheJMeter_core.jar:5.6.3]
	at com.thoughtworks.xstream.core.TreeUnmarshaller.convert(TreeUnmarshaller.java:74) [xstream-1.4.20.jar:1.4.20]
	at com.thoughtworks.xstream.core.AbstractReferenceUnmarshaller.convert(AbstractReferenceUnmarshaller.java:72) [xstream-1.4.20.jar:1.4.20]
	at com.thoughtworks.xstream.core.TreeUnmarshaller.convertAnother(TreeUnmarshaller.java:68) [xstream-1.4.20.jar:1.4.20]
	at com.thoughtworks.xstream.core.TreeUnmarshaller.convertAnother(TreeUnmarshaller.java:52) [xstream-1.4.20.jar:1.4.20]
	at com.thoughtworks.xstream.converters.collections.AbstractCollectionConverter.readBareItem(AbstractCollectionConverter.java:132) [xstream-1.4.20.jar:1.4.20]
	at org.apache.jmeter.save.converters.HashTreeConverter.unmarshal(HashTreeConverter.java:66) [ApacheJMeter_core.jar:5.6.3]
	at com.thoughtworks.xstream.core.TreeUnmarshaller.convert(TreeUnmarshaller.java:74) [xstream-1.4.20.jar:1.4.20]
	at com.thoughtworks.xstream.core.AbstractReferenceUnmarshaller.convert(AbstractReferenceUnmarshaller.java:72) [xstream-1.4.20.jar:1.4.20]
	at com.thoughtworks.xstream.core.TreeUnmarshaller.convertAnother(TreeUnmarshaller.java:68) [xstream-1.4.20.jar:1.4.20]
	at com.thoughtworks.xstream.core.TreeUnmarshaller.convertAnother(TreeUnmarshaller.java:52) [xstream-1.4.20.jar:1.4.20]
	at org.apache.jmeter.save.ScriptWrapperConverter.unmarshal(ScriptWrapperConverter.java:93) [ApacheJMeter_core.jar:5.6.3]
	at com.thoughtworks.xstream.core.TreeUnmarshaller.convert(TreeUnmarshaller.java:74) [xstream-1.4.20.jar:1.4.20]
	at com.thoughtworks.xstream.core.AbstractReferenceUnmarshaller.convert(AbstractReferenceUnmarshaller.java:72) [xstream-1.4.20.jar:1.4.20]
	at com.thoughtworks.xstream.core.TreeUnmarshaller.convertAnother(TreeUnmarshaller.java:68) [xstream-1.4.20.jar:1.4.20]
	at com.thoughtworks.xstream.core.TreeUnmarshaller.convertAnother(TreeUnmarshaller.java:52) [xstream-1.4.20.jar:1.4.20]
	at com.thoughtworks.xstream.core.TreeUnmarshaller.start(TreeUnmarshaller.java:136) [xstream-1.4.20.jar:1.4.20]
	at com.thoughtworks.xstream.core.AbstractTreeMarshallingStrategy.unmarshal(AbstractTreeMarshallingStrategy.java:32) [xstream-1.4.20.jar:1.4.20]
	at com.thoughtworks.xstream.XStream.unmarshal(XStream.java:1464) [xstream-1.4.20.jar:1.4.20]
	at com.thoughtworks.xstream.XStream.unmarshal(XStream.java:1441) [xstream-1.4.20.jar:1.4.20]
	at com.thoughtworks.xstream.XStream.fromXML(XStream.java:1321) [xstream-1.4.20.jar:1.4.20]
	at org.apache.jmeter.save.SaveService.readTree(SaveService.java:446) [ApacheJMeter_core.jar:5.6.3]
	at org.apache.jmeter.save.SaveService.loadTree(SaveService.java:429) [ApacheJMeter_core.jar:5.6.3]
	at org.apache.jmeter.JMeter.runNonGui(JMeter.java:954) [ApacheJMeter_core.jar:5.6.3]
	at org.apache.jmeter.JMeter.startNonGui(JMeter.java:940) [ApacheJMeter_core.jar:5.6.3]
	at org.apache.jmeter.JMeter.start(JMeter.java:508) [ApacheJMeter_core.jar:5.6.3]
	at java.base/jdk.internal.reflect.DirectMethodHandleAccessor.invoke(DirectMethodHandleAccessor.java:103) ~[?:?]
	at java.base/java.lang.reflect.Method.invoke(Method.java:580) ~[?:?]
	at org.apache.jmeter.NewDriver.main(NewDriver.java:259) [ApacheJMeter.jar:5.6.3]
2026-10-09 09:47:43,834 ERROR o.a.j.s.c.TestElementPropertyConverter: Couldn't unmarshall TestElementProperty
java.lang.IllegalArgumentException: Name cannot be null
	at org.apache.jmeter.testelement.property.AbstractProperty.setName(AbstractProperty.java:72) ~[ApacheJMeter_core.jar:5.6.3]
	at org.apache.jmeter.save.converters.TestElementPropertyConverter.unmarshal(TestElementPropertyConverter.java:100) [ApacheJMeter_core.jar:5.6.3]
	at com.thoughtworks.xstream.core.TreeUnmarshaller.convert(TreeUnmarshaller.java:74) [xstream-1.4.20.jar:1.4.20]
	at com.thoughtworks.xstream.core.AbstractReferenceUnmarshaller.convert(AbstractReferenceUnmarshaller.java:72) [xstream-1.4.20.jar:1.4.20]
	at com.thoughtworks.xstream.core.TreeUnmarshaller.convertAnother(TreeUnmarshaller.java:68) [xstream-1.4.20.jar:1.4.20]
	at com.thoughtworks.xstream.core.TreeUnmarshaller.convertAnother(TreeUnmarshaller.java:52) [xstream-1.4.20.jar:1.4.20]
	at com.thoughtworks.xstream.converters.collections.AbstractCollectionConverter.readBareItem(AbstractCollectionConverter.java:132) [xstream-1.4.20.jar:1.4.20]
	at org.apache.jmeter.save.converters.MultiPropertyConverter.unmarshal(MultiPropertyConverter.java:68) [ApacheJMeter_core.jar:5.6.3]
	at com.thoughtworks.xstream.core.TreeUnmarshaller.convert(TreeUnmarshaller.java:74) [xstream-1.4.20.jar:1.4.20]
	at com.thoughtworks.xstream.core.AbstractReferenceUnmarshaller.convert(AbstractReferenceUnmarshaller.java:72) [xstream-1.4.20.jar:1.4.20]
	at com.thoughtworks.xstream.core.TreeUnmarshaller.convertAnother(TreeUnmarshaller.java:68) [xstream-1.4.20.jar:1.4.20]
	at com.thoughtworks.xstream.core.TreeUnmarshaller.convertAnother(TreeUnmarshaller.java:52) [xstream-1.4.20.jar:1.4.20]
	at com.thoughtworks.xstream.converters.collections.AbstractCollectionConverter.readBareItem(AbstractCollectionConverter.java:132) [xstream-1.4.20.jar:1.4.20]
	at org.apache.jmeter.save.converters.TestElementConverter.unmarshal(TestElementConverter.java:109) [ApacheJMeter_core.jar:5.6.3]
	at com.thoughtworks.xstream.core.TreeUnmarshaller.convert(TreeUnmarshaller.java:74) [xstream-1.4.20.jar:1.4.20]
	at com.thoughtworks.xstream.core.AbstractReferenceUnmarshaller.convert(AbstractReferenceUnmarshaller.java:72) [xstream-1.4.20.jar:1.4.20]
	at com.thoughtworks.xstream.core.TreeUnmarshaller.convertAnother(TreeUnmarshaller.java:68) [xstream-1.4.20.jar:1.4.20]
	at com.thoughtworks.xstream.core.TreeUnmarshaller.convertAnother(TreeUnmarshaller.java:52) [xstream-1.4.20.jar:1.4.20]
	at com.thoughtworks.xstream.converters.collections.AbstractCollectionConverter.readBareItem(AbstractCollectionConverter.java:132) [xstream-1.4.20.jar:1.4.20]
	at org.apache.jmeter.save.converters.HashTreeConverter.unmarshal(HashTreeConverter.java:66) [ApacheJMeter_core.jar:5.6.3]
	at com.thoughtworks.xstream.core.TreeUnmarshaller.convert(TreeUnmarshaller.java:74) [xstream-1.4.20.jar:1.4.20]
	at com.thoughtworks.xstream.core.AbstractReferenceUnmarshaller.convert(AbstractReferenceUnmarshaller.java:72) [xstream-1.4.20.jar:1.4.20]
	at com.thoughtworks.xstream.core.TreeUnmarshaller.convertAnother(TreeUnmarshaller.java:68) [xstream-1.4.20.jar:1.4.20]
	at com.thoughtworks.xstream.core.TreeUnmarshaller.convertAnother(TreeUnmarshaller.java:52) [xstream-1.4.20.jar:1.4.20]
	at com.thoughtworks.xstream.converters.collections.AbstractCollectionConverter.readBareItem(AbstractCollectionConverter.java:132) [xstream-1.4.20.jar:1.4.20]
	at org.apache.jmeter.save.converters.HashTreeConverter.unmarshal(HashTreeConverter.java:66) [ApacheJMeter_core.jar:5.6.3]
	at com.thoughtworks.xstream.core.TreeUnmarshaller.convert(TreeUnmarshaller.java:74) [xstream-1.4.20.jar:1.4.20]
	at com.thoughtworks.xstream.core.AbstractReferenceUnmarshaller.convert(AbstractReferenceUnmarshaller.java:72) [xstream-1.4.20.jar:1.4.20]
	at com.thoughtworks.xstream.core.TreeUnmarshaller.convertAnother(TreeUnmarshaller.java:68) [xstream-1.4.20.jar:1.4.20]
	at com.thoughtworks.xstream.core.TreeUnmarshaller.convertAnother(TreeUnmarshaller.java:52) [xstream-1.4.20.jar:1.4.20]
	at com.thoughtworks.xstream.converters.collections.AbstractCollectionConverter.readBareItem(AbstractCollectionConverter.java:132) [xstream-1.4.20.jar:1.4.20]
	at org.apache.jmeter.save.converters.HashTreeConverter.unmarshal(HashTreeConverter.java:66) [ApacheJMeter_core.jar:5.6.3]
	at com.thoughtworks.xstream.core.TreeUnmarshaller.convert(TreeUnmarshaller.java:74) [xstream-1.4.20.jar:1.4.20]
	at com.thoughtworks.xstream.core.AbstractReferenceUnmarshaller.convert(AbstractReferenceUnmarshaller.java:72) [xstream-1.4.20.jar:1.4.20]
	at com.thoughtworks.xstream.core.TreeUnmarshaller.convertAnother(TreeUnmarshaller.java:68) [xstream-1.4.20.jar:1.4.20]
	at com.thoughtworks.xstream.core.TreeUnmarshaller.convertAnother(TreeUnmarshaller.java:52) [xstream-1.4.20.jar:1.4.20]
	at com.thoughtworks.xstream.converters.collections.AbstractCollectionConverter.readBareItem(AbstractCollectionConverter.java:132) [xstream-1.4.20.jar:1.4.20]
	at org.apache.jmeter.save.converters.HashTreeConverter.unmarshal(HashTreeConverter.java:66) [ApacheJMeter_core.jar:5.6.3]
	at com.thoughtworks.xstream.core.TreeUnmarshaller.convert(TreeUnmarshaller.java:74) [xstream-1.4.20.jar:1.4.20]
	at com.thoughtworks.xstream.core.AbstractReferenceUnmarshaller.convert(AbstractReferenceUnmarshaller.java:72) [xstream-1.4.20.jar:1.4.20]
	at com.thoughtworks.xstream.core.TreeUnmarshaller.convertAnother(TreeUnmarshaller.java:68) [xstream-1.4.20.jar:1.4.20]
	at com.thoughtworks.xstream.core.TreeUnmarshaller.convertAnother(TreeUnmarshaller.java:52) [xstream-1.4.20.jar:1.4.20]
	at org.apache.jmeter.save.ScriptWrapperConverter.unmarshal(ScriptWrapperConverter.java:93) [ApacheJMeter_core.jar:5.6.3]
	at com.thoughtworks.xstream.core.TreeUnmarshaller.convert(TreeUnmarshaller.java:74) [xstream-1.4.20.jar:1.4.20]
	at com.thoughtworks.xstream.core.AbstractReferenceUnmarshaller.convert(AbstractReferenceUnmarshaller.java:72) [xstream-1.4.20.jar:1.4.20]
	at com.thoughtworks.xstream.core.TreeUnmarshaller.convertAnother(TreeUnmarshaller.java:68) [xstream-1.4.20.jar:1.4.20]
	at com.thoughtworks.xstream.core.TreeUnmarshaller.convertAnother(TreeUnmarshaller.java:52) [xstream-1.4.20.jar:1.4.20]
	at com.thoughtworks.xstream.core.TreeUnmarshaller.start(TreeUnmarshaller.java:136) [xstream-1.4.20.jar:1.4.20]
	at com.thoughtworks.xstream.core.AbstractTreeMarshallingStrategy.unmarshal(AbstractTreeMarshallingStrategy.java:32) [xstream-1.4.20.jar:1.4.20]
	at com.thoughtworks.xstream.XStream.unmarshal(XStream.java:1464) [xstream-1.4.20.jar:1.4.20]
	at com.thoughtworks.xstream.XStream.unmarshal(XStream.java:1441) [xstream-1.4.20.jar:1.4.20]
	at com.thoughtworks.xstream.XStream.fromXML(XStream.java:1321) [xstream-1.4.20.jar:1.4.20]
	at org.apache.jmeter.save.SaveService.readTree(SaveService.java:446) [ApacheJMeter_core.jar:5.6.3]
	at org.apache.jmeter.save.SaveService.loadTree(SaveService.java:429) [ApacheJMeter_core.jar:5.6.3]
	at org.apache.jmeter.JMeter.runNonGui(JMeter.java:954) [ApacheJMeter_core.jar:5.6.3]
	at org.apache.jmeter.JMeter.startNonGui(JMeter.java:940) [ApacheJMeter_core.jar:5.6.3]
	at org.apache.jmeter.JMeter.start(JMeter.java:508) [ApacheJMeter_core.jar:5.6.3]
	at java.base/jdk.internal.reflect.DirectMethodHandleAccessor.invoke(DirectMethodHandleAccessor.java:103) ~[?:?]
	at java.base/java.lang.reflect.Method.invoke(Method.java:580) ~[?:?]
	at org.apache.jmeter.NewDriver.main(NewDriver.java:259) [ApacheJMeter.jar:5.6.3]
2026-10-09 09:47:43,835 ERROR o.a.j.s.c.TestElementPropertyConverter: Couldn't unmarshall TestElementProperty
java.lang.IllegalArgumentException: Name cannot be null
	at org.apache.jmeter.testelement.property.AbstractProperty.setName(AbstractProperty.java:72) ~[ApacheJMeter_core.jar:5.6.3]
	at org.apache.jmeter.save.converters.TestElementPropertyConverter.unmarshal(TestElementPropertyConverter.java:100) [ApacheJMeter_core.jar:5.6.3]
	at com.thoughtworks.xstream.core.TreeUnmarshaller.convert(TreeUnmarshaller.java:74) [xstream-1.4.20.jar:1.4.20]
	at com.thoughtworks.xstream.core.AbstractReferenceUnmarshaller.convert(AbstractReferenceUnmarshaller.java:72) [xstream-1.4.20.jar:1.4.20]
	at com.thoughtworks.xstream.core.TreeUnmarshaller.convertAnother(TreeUnmarshaller.java:68) [xstream-1.4.20.jar:1.4.20]
	at com.thoughtworks.xstream.core.TreeUnmarshaller.convertAnother(TreeUnmarshaller.java:52) [xstream-1.4.20.jar:1.4.20]
	at com.thoughtworks.xstream.converters.collections.AbstractCollectionConverter.readBareItem(AbstractCollectionConverter.java:132) [xstream-1.4.20.jar:1.4.20]
	at org.apache.jmeter.save.converters.MultiPropertyConverter.unmarshal(MultiPropertyConverter.java:68) [ApacheJMeter_core.jar:5.6.3]
	at com.thoughtworks.xstream.core.TreeUnmarshaller.convert(TreeUnmarshaller.java:74) [xstream-1.4.20.jar:1.4.20]
	at com.thoughtworks.xstream.core.AbstractReferenceUnmarshaller.convert(AbstractReferenceUnmarshaller.java:72) [xstream-1.4.20.jar:1.4.20]
	at com.thoughtworks.xstream.core.TreeUnmarshaller.convertAnother(TreeUnmarshaller.java:68) [xstream-1.4.20.jar:1.4.20]
	at com.thoughtworks.xstream.core.TreeUnmarshaller.convertAnother(TreeUnmarshaller.java:52) [xstream-1.4.20.jar:1.4.20]
	at com.thoughtworks.xstream.converters.collections.AbstractCollectionConverter.readBareItem(AbstractCollectionConverter.java:132) [xstream-1.4.20.jar:1.4.20]
	at org.apache.jmeter.save.converters.TestElementConverter.unmarshal(TestElementConverter.java:109) [ApacheJMeter_core.jar:5.6.3]
	at com.thoughtworks.xstream.core.TreeUnmarshaller.convert(TreeUnmarshaller.java:74) [xstream-1.4.20.jar:1.4.20]
	at com.thoughtworks.xstream.core.AbstractReferenceUnmarshaller.convert(AbstractReferenceUnmarshaller.java:72) [xstream-1.4.20.jar:1.4.20]
	at com.thoughtworks.xstream.core.TreeUnmarshaller.convertAnother(TreeUnmarshaller.java:68) [xstream-1.4.20.jar:1.4.20]
	at com.thoughtworks.xstream.core.TreeUnmarshaller.convertAnother(TreeUnmarshaller.java:52) [xstream-1.4.20.jar:1.4.20]
	at com.thoughtworks.xstream.converters.collections.AbstractCollectionConverter.readBareItem(AbstractCollectionConverter.java:132) [xstream-1.4.20.jar:1.4.20]
	at org.apache.jmeter.save.converters.HashTreeConverter.unmarshal(HashTreeConverter.java:66) [ApacheJMeter_core.jar:5.6.3]
	at com.thoughtworks.xstream.core.TreeUnmarshaller.convert(TreeUnmarshaller.java:74) [xstream-1.4.20.jar:1.4.20]
	at com.thoughtworks.xstream.core.AbstractReferenceUnmarshaller.convert(AbstractReferenceUnmarshaller.java:72) [xstream-1.4.20.jar:1.4.20]
	at com.thoughtworks.xstream.core.TreeUnmarshaller.convertAnother(TreeUnmarshaller.java:68) [xstream-1.4.20.jar:1.4.20]
	at com.thoughtworks.xstream.core.TreeUnmarshaller.convertAnother(TreeUnmarshaller.java:52) [xstream-1.4.20.jar:1.4.20]
	at com.thoughtworks.xstream.converters.collections.AbstractCollectionConverter.readBareItem(AbstractCollectionConverter.java:132) [xstream-1.4.20.jar:1.4.20]
	at org.apache.jmeter.save.converters.HashTreeConverter.unmarshal(HashTreeConverter.java:66) [ApacheJMeter_core.jar:5.6.3]
	at com.thoughtworks.xstream.core.TreeUnmarshaller.convert(TreeUnmarshaller.java:74) [xstream-1.4.20.jar:1.4.20]
	at com.thoughtworks.xstream.core.AbstractReferenceUnmarshaller.convert(AbstractReferenceUnmarshaller.java:72) [xstream-1.4.20.jar:1.4.20]
	at com.thoughtworks.xstream.core.TreeUnmarshaller.convertAnother(TreeUnmarshaller.java:68) [xstream-1.4.20.jar:1.4.20]
	at com.thoughtworks.xstream.core.TreeUnmarshaller.convertAnother(TreeUnmarshaller.java:52) [xstream-1.4.20.jar:1.4.20]
	at com.thoughtworks.xstream.converters.collections.AbstractCollectionConverter.readBareItem(AbstractCollectionConverter.java:132) [xstream-1.4.20.jar:1.4.20]
	at org.apache.jmeter.save.converters.HashTreeConverter.unmarshal(HashTreeConverter.java:66) [ApacheJMeter_core.jar:5.6.3]
	at com.thoughtworks.xstream.core.TreeUnmarshaller.convert(TreeUnmarshaller.java:74) [xstream-1.4.20.jar:1.4.20]
	at com.thoughtworks.xstream.core.AbstractReferenceUnmarshaller.convert(AbstractReferenceUnmarshaller.java:72) [xstream-1.4.20.jar:1.4.20]
	at com.thoughtworks.xstream.core.TreeUnmarshaller.convertAnother(TreeUnmarshaller.java:68) [xstream-1.4.20.jar:1.4.20]
	at com.thoughtworks.xstream.core.TreeUnmarshaller.convertAnother(TreeUnmarshaller.java:52) [xstream-1.4.20.jar:1.4.20]
	at com.thoughtworks.xstream.converters.collections.AbstractCollectionConverter.readBareItem(AbstractCollectionConverter.java:132) [xstream-1.4.20.jar:1.4.20]
	at org.apache.jmeter.save.converters.HashTreeConverter.unmarshal(HashTreeConverter.java:66) [ApacheJMeter_core.jar:5.6.3]
	at com.thoughtworks.xstream.core.TreeUnmarshaller.convert(TreeUnmarshaller.java:74) [xstream-1.4.20.jar:1.4.20]
	at com.thoughtworks.xstream.core.AbstractReferenceUnmarshaller.convert(AbstractReferenceUnmarshaller.java:72) [xstream-1.4.20.jar:1.4.20]
	at com.thoughtworks.xstream.core.TreeUnmarshaller.convertAnother(TreeUnmarshaller.java:68) [xstream-1.4.20.jar:1.4.20]
	at com.thoughtworks.xstream.core.TreeUnmarshaller.convertAnother(TreeUnmarshaller.java:52) [xstream-1.4.20.jar:1.4.20]
	at org.apache.jmeter.save.ScriptWrapperConverter.unmarshal(ScriptWrapperConverter.java:93) [ApacheJMeter_core.jar:5.6.3]
	at com.thoughtworks.xstream.core.TreeUnmarshaller.convert(TreeUnmarshaller.java:74) [xstream-1.4.20.jar:1.4.20]
	at com.thoughtworks.xstream.core.AbstractReferenceUnmarshaller.convert(AbstractReferenceUnmarshaller.java:72) [xstream-1.4.20.jar:1.4.20]
	at com.thoughtworks.xstream.core.TreeUnmarshaller.convertAnother(TreeUnmarshaller.java:68) [xstream-1.4.20.jar:1.4.20]
	at com.thoughtworks.xstream.core.TreeUnmarshaller.convertAnother(TreeUnmarshaller.java:52) [xstream-1.4.20.jar:1.4.20]
	at com.thoughtworks.xstream.core.TreeUnmarshaller.start(TreeUnmarshaller.java:136) [xstream-1.4.20.jar:1.4.20]
	at com.thoughtworks.xstream.core.AbstractTreeMarshallingStrategy.unmarshal(AbstractTreeMarshallingStrategy.java:32) [xstream-1.4.20.jar:1.4.20]
	at com.thoughtworks.xstream.XStream.unmarshal(XStream.java:1464) [xstream-1.4.20.jar:1.4.20]
	at com.thoughtworks.xstream.XStream.unmarshal(XStream.java:1441) [xstream-1.4.20.jar:1.4.20]
	at com.thoughtworks.xstream.XStream.fromXML(XStream.java:1321) [xstream-1.4.20.jar:1.4.20]
	at org.apache.jmeter.save.SaveService.readTree(SaveService.java:446) [ApacheJMeter_core.jar:5.6.3]
	at org.apache.jmeter.save.SaveService.loadTree(SaveService.java:429) [ApacheJMeter_core.jar:5.6.3]
	at org.apache.jmeter.JMeter.runNonGui(JMeter.java:954) [ApacheJMeter_core.jar:5.6.3]
	at org.apache.jmeter.JMeter.startNonGui(JMeter.java:940) [ApacheJMeter_core.jar:5.6.3]
	at org.apache.jmeter.JMeter.start(JMeter.java:508) [ApacheJMeter_core.jar:5.6.3]
	at java.base/jdk.internal.reflect.DirectMethodHandleAccessor.invoke(DirectMethodHandleAccessor.java:103) ~[?:?]
	at java.base/java.lang.reflect.Method.invoke(Method.java:580) ~[?:?]
	at org.apache.jmeter.NewDriver.main(NewDriver.java:259) [ApacheJMeter.jar:5.6.3]
2026-10-09 09:47:43,839 ERROR o.a.j.s.c.TestElementPropertyConverter: Couldn't unmarshall TestElementProperty
java.lang.IllegalArgumentException: Name cannot be null
	at org.apache.jmeter.testelement.property.AbstractProperty.setName(AbstractProperty.java:72) ~[ApacheJMeter_core.jar:5.6.3]
	at org.apache.jmeter.save.converters.TestElementPropertyConverter.unmarshal(TestElementPropertyConverter.java:100) [ApacheJMeter_core.jar:5.6.3]
	at com.thoughtworks.xstream.core.TreeUnmarshaller.convert(TreeUnmarshaller.java:74) [xstream-1.4.20.jar:1.4.20]
	at com.thoughtworks.xstream.core.AbstractReferenceUnmarshaller.convert(AbstractReferenceUnmarshaller.java:72) [xstream-1.4.20.jar:1.4.20]
	at com.thoughtworks.xstream.core.TreeUnmarshaller.convertAnother(TreeUnmarshaller.java:68) [xstream-1.4.20.jar:1.4.20]
	at com.thoughtworks.xstream.core.TreeUnmarshaller.convertAnother(TreeUnmarshaller.java:52) [xstream-1.4.20.jar:1.4.20]
	at com.thoughtworks.xstream.converters.collections.AbstractCollectionConverter.readBareItem(AbstractCollectionConverter.java:132) [xstream-1.4.20.jar:1.4.20]
	at org.apache.jmeter.save.converters.MultiPropertyConverter.unmarshal(MultiPropertyConverter.java:68) [ApacheJMeter_core.jar:5.6.3]
	at com.thoughtworks.xstream.core.TreeUnmarshaller.convert(TreeUnmarshaller.java:74) [xstream-1.4.20.jar:1.4.20]
	at com.thoughtworks.xstream.core.AbstractReferenceUnmarshaller.convert(AbstractReferenceUnmarshaller.java:72) [xstream-1.4.20.jar:1.4.20]
	at com.thoughtworks.xstream.core.TreeUnmarshaller.convertAnother(TreeUnmarshaller.java:68) [xstream-1.4.20.jar:1.4.20]
	at com.thoughtworks.xstream.core.TreeUnmarshaller.convertAnother(TreeUnmarshaller.java:52) [xstream-1.4.20.jar:1.4.20]
	at com.thoughtworks.xstream.converters.collections.AbstractCollectionConverter.readBareItem(AbstractCollectionConverter.java:132) [xstream-1.4.20.jar:1.4.20]
	at org.apache.jmeter.save.converters.TestElementConverter.unmarshal(TestElementConverter.java:109) [ApacheJMeter_core.jar:5.6.3]
	at com.thoughtworks.xstream.core.TreeUnmarshaller.convert(TreeUnmarshaller.java:74) [xstream-1.4.20.jar:1.4.20]
	at com.thoughtworks.xstream.core.AbstractReferenceUnmarshaller.convert(AbstractReferenceUnmarshaller.java:72) [xstream-1.4.20.jar:1.4.20]
	at com.thoughtworks.xstream.core.TreeUnmarshaller.convertAnother(TreeUnmarshaller.java:68) [xstream-1.4.20.jar:1.4.20]
	at com.thoughtworks.xstream.core.TreeUnmarshaller.convertAnother(TreeUnmarshaller.java:52) [xstream-1.4.20.jar:1.4.20]
	at com.thoughtworks.xstream.converters.collections.AbstractCollectionConverter.readBareItem(AbstractCollectionConverter.java:132) [xstream-1.4.20.jar:1.4.20]
	at org.apache.jmeter.save.converters.HashTreeConverter.unmarshal(HashTreeConverter.java:66) [ApacheJMeter_core.jar:5.6.3]
	at com.thoughtworks.xstream.core.TreeUnmarshaller.convert(TreeUnmarshaller.java:74) [xstream-1.4.20.jar:1.4.20]
	at com.thoughtworks.xstream.core.AbstractReferenceUnmarshaller.convert(AbstractReferenceUnmarshaller.java:72) [xstream-1.4.20.jar:1.4.20]
	at com.thoughtworks.xstream.core.TreeUnmarshaller.convertAnother(TreeUnmarshaller.java:68) [xstream-1.4.20.jar:1.4.20]
	at com.thoughtworks.xstream.core.TreeUnmarshaller.convertAnother(TreeUnmarshaller.java:52) [xstream-1.4.20.jar:1.4.20]
	at com.thoughtworks.xstream.converters.collections.AbstractCollectionConverter.readBareItem(AbstractCollectionConverter.java:132) [xstream-1.4.20.jar:1.4.20]
	at org.apache.jmeter.save.converters.HashTreeConverter.unmarshal(HashTreeConverter.java:66) [ApacheJMeter_core.jar:5.6.3]
	at com.thoughtworks.xstream.core.TreeUnmarshaller.convert(TreeUnmarshaller.java:74) [xstream-1.4.20.jar:1.4.20]
	at com.thoughtworks.xstream.core.AbstractReferenceUnmarshaller.convert(AbstractReferenceUnmarshaller.java:72) [xstream-1.4.20.jar:1.4.20]
	at com.thoughtworks.xstream.core.TreeUnmarshaller.convertAnother(TreeUnmarshaller.java:68) [xstream-1.4.20.jar:1.4.20]
	at com.thoughtworks.xstream.core.TreeUnmarshaller.convertAnother(TreeUnmarshaller.java:52) [xstream-1.4.20.jar:1.4.20]
	at com.thoughtworks.xstream.converters.collections.AbstractCollectionConverter.readBareItem(AbstractCollectionConverter.java:132) [xstream-1.4.20.jar:1.4.20]
	at org.apache.jmeter.save.converters.HashTreeConverter.unmarshal(HashTreeConverter.java:66) [ApacheJMeter_core.jar:5.6.3]
	at com.thoughtworks.xstream.core.TreeUnmarshaller.convert(TreeUnmarshaller.java:74) [xstream-1.4.20.jar:1.4.20]
	at com.thoughtworks.xstream.core.AbstractReferenceUnmarshaller.convert(AbstractReferenceUnmarshaller.java:72) [xstream-1.4.20.jar:1.4.20]
	at com.thoughtworks.xstream.core.TreeUnmarshaller.convertAnother(TreeUnmarshaller.java:68) [xstream-1.4.20.jar:1.4.20]
	at com.thoughtworks.xstream.core.TreeUnmarshaller.convertAnother(TreeUnmarshaller.java:52) [xstream-1.4.20.jar:1.4.20]
	at com.thoughtworks.xstream.converters.collections.AbstractCollectionConverter.readBareItem(AbstractCollectionConverter.java:132) [xstream-1.4.20.jar:1.4.20]
	at org.apache.jmeter.save.converters.HashTreeConverter.unmarshal(HashTreeConverter.java:66) [ApacheJMeter_core.jar:5.6.3]
	at com.thoughtworks.xstream.core.TreeUnmarshaller.convert(TreeUnmarshaller.java:74) [xstream-1.4.20.jar:1.4.20]
	at com.thoughtworks.xstream.core.AbstractReferenceUnmarshaller.convert(AbstractReferenceUnmarshaller.java:72) [xstream-1.4.20.jar:1.4.20]
	at com.thoughtworks.xstream.core.TreeUnmarshaller.convertAnother(TreeUnmarshaller.java:68) [xstream-1.4.20.jar:1.4.20]
	at com.thoughtworks.xstream.core.TreeUnmarshaller.convertAnother(TreeUnmarshaller.java:52) [xstream-1.4.20.jar:1.4.20]
	at org.apache.jmeter.save.ScriptWrapperConverter.unmarshal(ScriptWrapperConverter.java:93) [ApacheJMeter_core.jar:5.6.3]
	at com.thoughtworks.xstream.core.TreeUnmarshaller.convert(TreeUnmarshaller.java:74) [xstream-1.4.20.jar:1.4.20]
	at com.thoughtworks.xstream.core.AbstractReferenceUnmarshaller.convert(AbstractReferenceUnmarshaller.java:72) [xstream-1.4.20.jar:1.4.20]
	at com.thoughtworks.xstream.core.TreeUnmarshaller.convertAnother(TreeUnmarshaller.java:68) [xstream-1.4.20.jar:1.4.20]
	at com.thoughtworks.xstream.core.TreeUnmarshaller.convertAnother(TreeUnmarshaller.java:52) [xstream-1.4.20.jar:1.4.20]
	at com.thoughtworks.xstream.core.TreeUnmarshaller.start(TreeUnmarshaller.java:136) [xstream-1.4.20.jar:1.4.20]
	at com.thoughtworks.xstream.core.AbstractTreeMarshallingStrategy.unmarshal(AbstractTreeMarshallingStrategy.java:32) [xstream-1.4.20.jar:1.4.20]
	at com.thoughtworks.xstream.XStream.unmarshal(XStream.java:1464) [xstream-1.4.20.jar:1.4.20]
	at com.thoughtworks.xstream.XStream.unmarshal(XStream.java:1441) [xstream-1.4.20.jar:1.4.20]
	at com.thoughtworks.xstream.XStream.fromXML(XStream.java:1321) [xstream-1.4.20.jar:1.4.20]
	at org.apache.jmeter.save.SaveService.readTree(SaveService.java:446) [ApacheJMeter_core.jar:5.6.3]
	at org.apache.jmeter.save.SaveService.loadTree(SaveService.java:429) [ApacheJMeter_core.jar:5.6.3]
	at org.apache.jmeter.JMeter.runNonGui(JMeter.java:954) [ApacheJMeter_core.jar:5.6.3]
	at org.apache.jmeter.JMeter.startNonGui(JMeter.java:940) [ApacheJMeter_core.jar:5.6.3]
	at org.apache.jmeter.JMeter.start(JMeter.java:508) [ApacheJMeter_core.jar:5.6.3]
	at java.base/jdk.internal.reflect.DirectMethodHandleAccessor.invoke(DirectMethodHandleAccessor.java:103) ~[?:?]
	at java.base/java.lang.reflect.Method.invoke(Method.java:580) ~[?:?]
	at org.apache.jmeter.NewDriver.main(NewDriver.java:259) [ApacheJMeter.jar:5.6.3]
2026-10-09 09:47:43,839 ERROR o.a.j.s.c.TestElementPropertyConverter: Couldn't unmarshall TestElementProperty
java.lang.IllegalArgumentException: Name cannot be null
	at org.apache.jmeter.testelement.property.AbstractProperty.setName(AbstractProperty.java:72) ~[ApacheJMeter_core.jar:5.6.3]
	at org.apache.jmeter.save.converters.TestElementPropertyConverter.unmarshal(TestElementPropertyConverter.java:100) [ApacheJMeter_core.jar:5.6.3]
	at com.thoughtworks.xstream.core.TreeUnmarshaller.convert(TreeUnmarshaller.java:74) [xstream-1.4.20.jar:1.4.20]
	at com.thoughtworks.xstream.core.AbstractReferenceUnmarshaller.convert(AbstractReferenceUnmarshaller.java:72) [xstream-1.4.20.jar:1.4.20]
	at com.thoughtworks.xstream.core.TreeUnmarshaller.convertAnother(TreeUnmarshaller.java:68) [xstream-1.4.20.jar:1.4.20]
	at com.thoughtworks.xstream.core.TreeUnmarshaller.convertAnother(TreeUnmarshaller.java:52) [xstream-1.4.20.jar:1.4.20]
	at com.thoughtworks.xstream.converters.collections.AbstractCollectionConverter.readBareItem(AbstractCollectionConverter.java:132) [xstream-1.4.20.jar:1.4.20]
	at org.apache.jmeter.save.converters.MultiPropertyConverter.unmarshal(MultiPropertyConverter.java:68) [ApacheJMeter_core.jar:5.6.3]
	at com.thoughtworks.xstream.core.TreeUnmarshaller.convert(TreeUnmarshaller.java:74) [xstream-1.4.20.jar:1.4.20]
	at com.thoughtworks.xstream.core.AbstractReferenceUnmarshaller.convert(AbstractReferenceUnmarshaller.java:72) [xstream-1.4.20.jar:1.4.20]
	at com.thoughtworks.xstream.core.TreeUnmarshaller.convertAnother(TreeUnmarshaller.java:68) [xstream-1.4.20.jar:1.4.20]
	at com.thoughtworks.xstream.core.TreeUnmarshaller.convertAnother(TreeUnmarshaller.java:52) [xstream-1.4.20.jar:1.4.20]
	at com.thoughtworks.xstream.converters.collections.AbstractCollectionConverter.readBareItem(AbstractCollectionConverter.java:132) [xstream-1.4.20.jar:1.4.20]
	at org.apache.jmeter.save.converters.TestElementConverter.unmarshal(TestElementConverter.java:109) [ApacheJMeter_core.jar:5.6.3]
	at com.thoughtworks.xstream.core.TreeUnmarshaller.convert(TreeUnmarshaller.java:74) [xstream-1.4.20.jar:1.4.20]
	at com.thoughtworks.xstream.core.AbstractReferenceUnmarshaller.convert(AbstractReferenceUnmarshaller.java:72) [xstream-1.4.20.jar:1.4.20]
	at com.thoughtworks.xstream.core.TreeUnmarshaller.convertAnother(TreeUnmarshaller.java:68) [xstream-1.4.20.jar:1.4.20]
	at com.thoughtworks.xstream.core.TreeUnmarshaller.convertAnother(TreeUnmarshaller.java:52) [xstream-1.4.20.jar:1.4.20]
	at com.thoughtworks.xstream.converters.collections.AbstractCollectionConverter.readBareItem(AbstractCollectionConverter.java:132) [xstream-1.4.20.jar:1.4.20]
	at org.apache.jmeter.save.converters.HashTreeConverter.unmarshal(HashTreeConverter.java:66) [ApacheJMeter_core.jar:5.6.3]
	at com.thoughtworks.xstream.core.TreeUnmarshaller.convert(TreeUnmarshaller.java:74) [xstream-1.4.20.jar:1.4.20]
	at com.thoughtworks.xstream.core.AbstractReferenceUnmarshaller.convert(AbstractReferenceUnmarshaller.java:72) [xstream-1.4.20.jar:1.4.20]
	at com.thoughtworks.xstream.core.TreeUnmarshaller.convertAnother(TreeUnmarshaller.java:68) [xstream-1.4.20.jar:1.4.20]
	at com.thoughtworks.xstream.core.TreeUnmarshaller.convertAnother(TreeUnmarshaller.java:52) [xstream-1.4.20.jar:1.4.20]
	at com.thoughtworks.xstream.converters.collections.AbstractCollectionConverter.readBareItem(AbstractCollectionConverter.java:132) [xstream-1.4.20.jar:1.4.20]
	at org.apache.jmeter.save.converters.HashTreeConverter.unmarshal(HashTreeConverter.java:66) [ApacheJMeter_core.jar:5.6.3]
	at com.thoughtworks.xstream.core.TreeUnmarshaller.convert(TreeUnmarshaller.java:74) [xstream-1.4.20.jar:1.4.20]
	at com.thoughtworks.xstream.core.AbstractReferenceUnmarshaller.convert(AbstractReferenceUnmarshaller.java:72) [xstream-1.4.20.jar:1.4.20]
	at com.thoughtworks.xstream.core.TreeUnmarshaller.convertAnother(TreeUnmarshaller.java:68) [xstream-1.4.20.jar:1.4.20]
	at com.thoughtworks.xstream.core.TreeUnmarshaller.convertAnother(TreeUnmarshaller.java:52) [xstream-1.4.20.jar:1.4.20]
	at com.thoughtworks.xstream.converters.collections.AbstractCollectionConverter.readBareItem(AbstractCollectionConverter.java:132) [xstream-1.4.20.jar:1.4.20]
	at org.apache.jmeter.save.converters.HashTreeConverter.unmarshal(HashTreeConverter.java:66) [ApacheJMeter_core.jar:5.6.3]
	at com.thoughtworks.xstream.core.TreeUnmarshaller.convert(TreeUnmarshaller.java:74) [xstream-1.4.20.jar:1.4.20]
	at com.thoughtworks.xstream.core.AbstractReferenceUnmarshaller.convert(AbstractReferenceUnmarshaller.java:72) [xstream-1.4.20.jar:1.4.20]
	at com.thoughtworks.xstream.core.TreeUnmarshaller.convertAnother(TreeUnmarshaller.java:68) [xstream-1.4.20.jar:1.4.20]
	at com.thoughtworks.xstream.core.TreeUnmarshaller.convertAnother(TreeUnmarshaller.java:52) [xstream-1.4.20.jar:1.4.20]
	at com.thoughtworks.xstream.converters.collections.AbstractCollectionConverter.readBareItem(AbstractCollectionConverter.java:132) [xstream-1.4.20.jar:1.4.20]
	at org.apache.jmeter.save.converters.HashTreeConverter.unmarshal(HashTreeConverter.java:66) [ApacheJMeter_core.jar:5.6.3]
	at com.thoughtworks.xstream.core.TreeUnmarshaller.convert(TreeUnmarshaller.java:74) [xstream-1.4.20.jar:1.4.20]
	at com.thoughtworks.xstream.core.AbstractReferenceUnmarshaller.convert(AbstractReferenceUnmarshaller.java:72) [xstream-1.4.20.jar:1.4.20]
	at com.thoughtworks.xstream.core.TreeUnmarshaller.convertAnother(TreeUnmarshaller.java:68) [xstream-1.4.20.jar:1.4.20]
	at com.thoughtworks.xstream.core.TreeUnmarshaller.convertAnother(TreeUnmarshaller.java:52) [xstream-1.4.20.jar:1.4.20]
	at org.apache.jmeter.save.ScriptWrapperConverter.unmarshal(ScriptWrapperConverter.java:93) [ApacheJMeter_core.jar:5.6.3]
	at com.thoughtworks.xstream.core.TreeUnmarshaller.convert(TreeUnmarshaller.java:74) [xstream-1.4.20.jar:1.4.20]
	at com.thoughtworks.xstream.core.AbstractReferenceUnmarshaller.convert(AbstractReferenceUnmarshaller.java:72) [xstream-1.4.20.jar:1.4.20]
	at com.thoughtworks.xstream.core.TreeUnmarshaller.convertAnother(TreeUnmarshaller.java:68) [xstream-1.4.20.jar:1.4.20]
	at com.thoughtworks.xstream.core.TreeUnmarshaller.convertAnother(TreeUnmarshaller.java:52) [xstream-1.4.20.jar:1.4.20]
	at com.thoughtworks.xstream.core.TreeUnmarshaller.start(TreeUnmarshaller.java:136) [xstream-1.4.20.jar:1.4.20]
	at com.thoughtworks.xstream.core.AbstractTreeMarshallingStrategy.unmarshal(AbstractTreeMarshallingStrategy.java:32) [xstream-1.4.20.jar:1.4.20]
	at com.thoughtworks.xstream.XStream.unmarshal(XStream.java:1464) [xstream-1.4.20.jar:1.4.20]
	at com.thoughtworks.xstream.XStream.unmarshal(XStream.java:1441) [xstream-1.4.20.jar:1.4.20]
	at com.thoughtworks.xstream.XStream.fromXML(XStream.java:1321) [xstream-1.4.20.jar:1.4.20]
	at org.apache.jmeter.save.SaveService.readTree(SaveService.java:446) [ApacheJMeter_core.jar:5.6.3]
	at org.apache.jmeter.save.SaveService.loadTree(SaveService.java:429) [ApacheJMeter_core.jar:5.6.3]
	at org.apache.jmeter.JMeter.runNonGui(JMeter.java:954) [ApacheJMeter_core.jar:5.6.3]
	at org.apache.jmeter.JMeter.startNonGui(JMeter.java:940) [ApacheJMeter_core.jar:5.6.3]
	at org.apache.jmeter.JMeter.start(JMeter.java:508) [ApacheJMeter_core.jar:5.6.3]
	at java.base/jdk.internal.reflect.DirectMethodHandleAccessor.invoke(DirectMethodHandleAccessor.java:103) ~[?:?]
	at java.base/java.lang.reflect.Method.invoke(Method.java:580) ~[?:?]
	at org.apache.jmeter.NewDriver.main(NewDriver.java:259) [ApacheJMeter.jar:5.6.3]
2026-10-09 09:47:43,841 ERROR o.a.j.s.c.TestElementPropertyConverter: Couldn't unmarshall TestElementProperty
java.lang.IllegalArgumentException: Name cannot be null
	at org.apache.jmeter.testelement.property.AbstractProperty.setName(AbstractProperty.java:72) ~[ApacheJMeter_core.jar:5.6.3]
	at org.apache.jmeter.save.converters.TestElementPropertyConverter.unmarshal(TestElementPropertyConverter.java:100) [ApacheJMeter_core.jar:5.6.3]
	at com.thoughtworks.xstream.core.TreeUnmarshaller.convert(TreeUnmarshaller.java:74) [xstream-1.4.20.jar:1.4.20]
	at com.thoughtworks.xstream.core.AbstractReferenceUnmarshaller.convert(AbstractReferenceUnmarshaller.java:72) [xstream-1.4.20.jar:1.4.20]
	at com.thoughtworks.xstream.core.TreeUnmarshaller.convertAnother(TreeUnmarshaller.java:68) [xstream-1.4.20.jar:1.4.20]
	at com.thoughtworks.xstream.core.TreeUnmarshaller.convertAnother(TreeUnmarshaller.java:52) [xstream-1.4.20.jar:1.4.20]
	at com.thoughtworks.xstream.converters.collections.AbstractCollectionConverter.readBareItem(AbstractCollectionConverter.java:132) [xstream-1.4.20.jar:1.4.20]
	at org.apache.jmeter.save.converters.MultiPropertyConverter.unmarshal(MultiPropertyConverter.java:68) [ApacheJMeter_core.jar:5.6.3]
	at com.thoughtworks.xstream.core.TreeUnmarshaller.convert(TreeUnmarshaller.java:74) [xstream-1.4.20.jar:1.4.20]
	at com.thoughtworks.xstream.core.AbstractReferenceUnmarshaller.convert(AbstractReferenceUnmarshaller.java:72) [xstream-1.4.20.jar:1.4.20]
	at com.thoughtworks.xstream.core.TreeUnmarshaller.convertAnother(TreeUnmarshaller.java:68) [xstream-1.4.20.jar:1.4.20]
	at com.thoughtworks.xstream.core.TreeUnmarshaller.convertAnother(TreeUnmarshaller.java:52) [xstream-1.4.20.jar:1.4.20]
	at com.thoughtworks.xstream.converters.collections.AbstractCollectionConverter.readBareItem(AbstractCollectionConverter.java:132) [xstream-1.4.20.jar:1.4.20]
	at org.apache.jmeter.save.converters.TestElementConverter.unmarshal(TestElementConverter.java:109) [ApacheJMeter_core.jar:5.6.3]
	at com.thoughtworks.xstream.core.TreeUnmarshaller.convert(TreeUnmarshaller.java:74) [xstream-1.4.20.jar:1.4.20]
	at com.thoughtworks.xstream.core.AbstractReferenceUnmarshaller.convert(AbstractReferenceUnmarshaller.java:72) [xstream-1.4.20.jar:1.4.20]
	at com.thoughtworks.xstream.core.TreeUnmarshaller.convertAnother(TreeUnmarshaller.java:68) [xstream-1.4.20.jar:1.4.20]
	at com.thoughtworks.xstream.core.TreeUnmarshaller.convertAnother(TreeUnmarshaller.java:52) [xstream-1.4.20.jar:1.4.20]
	at com.thoughtworks.xstream.converters.collections.AbstractCollectionConverter.readBareItem(AbstractCollectionConverter.java:132) [xstream-1.4.20.jar:1.4.20]
	at org.apache.jmeter.save.converters.HashTreeConverter.unmarshal(HashTreeConverter.java:66) [ApacheJMeter_core.jar:5.6.3]
	at com.thoughtworks.xstream.core.TreeUnmarshaller.convert(TreeUnmarshaller.java:74) [xstream-1.4.20.jar:1.4.20]
	at com.thoughtworks.xstream.core.AbstractReferenceUnmarshaller.convert(AbstractReferenceUnmarshaller.java:72) [xstream-1.4.20.jar:1.4.20]
	at com.thoughtworks.xstream.core.TreeUnmarshaller.convertAnother(TreeUnmarshaller.java:68) [xstream-1.4.20.jar:1.4.20]
	at com.thoughtworks.xstream.core.TreeUnmarshaller.convertAnother(TreeUnmarshaller.java:52) [xstream-1.4.20.jar:1.4.20]
	at com.thoughtworks.xstream.converters.collections.AbstractCollectionConverter.readBareItem(AbstractCollectionConverter.java:132) [xstream-1.4.20.jar:1.4.20]
	at org.apache.jmeter.save.converters.HashTreeConverter.unmarshal(HashTreeConverter.java:66) [ApacheJMeter_core.jar:5.6.3]
	at com.thoughtworks.xstream.core.TreeUnmarshaller.convert(TreeUnmarshaller.java:74) [xstream-1.4.20.jar:1.4.20]
	at com.thoughtworks.xstream.core.AbstractReferenceUnmarshaller.convert(AbstractReferenceUnmarshaller.java:72) [xstream-1.4.20.jar:1.4.20]
	at com.thoughtworks.xstream.core.TreeUnmarshaller.convertAnother(TreeUnmarshaller.java:68) [xstream-1.4.20.jar:1.4.20]
	at com.thoughtworks.xstream.core.TreeUnmarshaller.convertAnother(TreeUnmarshaller.java:52) [xstream-1.4.20.jar:1.4.20]
	at com.thoughtworks.xstream.converters.collections.AbstractCollectionConverter.readBareItem(AbstractCollectionConverter.java:132) [xstream-1.4.20.jar:1.4.20]
	at org.apache.jmeter.save.converters.HashTreeConverter.unmarshal(HashTreeConverter.java:66) [ApacheJMeter_core.jar:5.6.3]
	at com.thoughtworks.xstream.core.TreeUnmarshaller.convert(TreeUnmarshaller.java:74) [xstream-1.4.20.jar:1.4.20]
	at com.thoughtworks.xstream.core.AbstractReferenceUnmarshaller.convert(AbstractReferenceUnmarshaller.java:72) [xstream-1.4.20.jar:1.4.20]
	at com.thoughtworks.xstream.core.TreeUnmarshaller.convertAnother(TreeUnmarshaller.java:68) [xstream-1.4.20.jar:1.4.20]
	at com.thoughtworks.xstream.core.TreeUnmarshaller.convertAnother(TreeUnmarshaller.java:52) [xstream-1.4.20.jar:1.4.20]
	at com.thoughtworks.xstream.converters.collections.AbstractCollectionConverter.readBareItem(AbstractCollectionConverter.java:132) [xstream-1.4.20.jar:1.4.20]
	at org.apache.jmeter.save.converters.HashTreeConverter.unmarshal(HashTreeConverter.java:66) [ApacheJMeter_core.jar:5.6.3]
	at com.thoughtworks.xstream.core.TreeUnmarshaller.convert(TreeUnmarshaller.java:74) [xstream-1.4.20.jar:1.4.20]
	at com.thoughtworks.xstream.core.AbstractReferenceUnmarshaller.convert(AbstractReferenceUnmarshaller.java:72) [xstream-1.4.20.jar:1.4.20]
	at com.thoughtworks.xstream.core.TreeUnmarshaller.convertAnother(TreeUnmarshaller.java:68) [xstream-1.4.20.jar:1.4.20]
	at com.thoughtworks.xstream.core.TreeUnmarshaller.convertAnother(TreeUnmarshaller.java:52) [xstream-1.4.20.jar:1.4.20]
	at org.apache.jmeter.save.ScriptWrapperConverter.unmarshal(ScriptWrapperConverter.java:93) [ApacheJMeter_core.jar:5.6.3]
	at com.thoughtworks.xstream.core.TreeUnmarshaller.convert(TreeUnmarshaller.java:74) [xstream-1.4.20.jar:1.4.20]
	at com.thoughtworks.xstream.core.AbstractReferenceUnmarshaller.convert(AbstractReferenceUnmarshaller.java:72) [xstream-1.4.20.jar:1.4.20]
	at com.thoughtworks.xstream.core.TreeUnmarshaller.convertAnother(TreeUnmarshaller.java:68) [xstream-1.4.20.jar:1.4.20]
	at com.thoughtworks.xstream.core.TreeUnmarshaller.convertAnother(TreeUnmarshaller.java:52) [xstream-1.4.20.jar:1.4.20]
	at com.thoughtworks.xstream.core.TreeUnmarshaller.start(TreeUnmarshaller.java:136) [xstream-1.4.20.jar:1.4.20]
	at com.thoughtworks.xstream.core.AbstractTreeMarshallingStrategy.unmarshal(AbstractTreeMarshallingStrategy.java:32) [xstream-1.4.20.jar:1.4.20]
	at com.thoughtworks.xstream.XStream.unmarshal(XStream.java:1464) [xstream-1.4.20.jar:1.4.20]
	at com.thoughtworks.xstream.XStream.unmarshal(XStream.java:1441) [xstream-1.4.20.jar:1.4.20]
	at com.thoughtworks.xstream.XStream.fromXML(XStream.java:1321) [xstream-1.4.20.jar:1.4.20]
	at org.apache.jmeter.save.SaveService.readTree(SaveService.java:446) [ApacheJMeter_core.jar:5.6.3]
	at org.apache.jmeter.save.SaveService.loadTree(SaveService.java:429) [ApacheJMeter_core.jar:5.6.3]
	at org.apache.jmeter.JMeter.runNonGui(JMeter.java:954) [ApacheJMeter_core.jar:5.6.3]
	at org.apache.jmeter.JMeter.startNonGui(JMeter.java:940) [ApacheJMeter_core.jar:5.6.3]
	at org.apache.jmeter.JMeter.start(JMeter.java:508) [ApacheJMeter_core.jar:5.6.3]
	at java.base/jdk.internal.reflect.DirectMethodHandleAccessor.invoke(DirectMethodHandleAccessor.java:103) ~[?:?]
	at java.base/java.lang.reflect.Method.invoke(Method.java:580) ~[?:?]
	at org.apache.jmeter.NewDriver.main(NewDriver.java:259) [ApacheJMeter.jar:5.6.3]
2026-10-09 09:47:43,841 ERROR o.a.j.s.c.TestElementPropertyConverter: Couldn't unmarshall TestElementProperty
java.lang.IllegalArgumentException: Name cannot be null
	at org.apache.jmeter.testelement.property.AbstractProperty.setName(AbstractProperty.java:72) ~[ApacheJMeter_core.jar:5.6.3]
	at org.apache.jmeter.save.converters.TestElementPropertyConverter.unmarshal(TestElementPropertyConverter.java:100) [ApacheJMeter_core.jar:5.6.3]
	at com.thoughtworks.xstream.core.TreeUnmarshaller.convert(TreeUnmarshaller.java:74) [xstream-1.4.20.jar:1.4.20]
	at com.thoughtworks.xstream.core.AbstractReferenceUnmarshaller.convert(AbstractReferenceUnmarshaller.java:72) [xstream-1.4.20.jar:1.4.20]
	at com.thoughtworks.xstream.core.TreeUnmarshaller.convertAnother(TreeUnmarshaller.java:68) [xstream-1.4.20.jar:1.4.20]
	at com.thoughtworks.xstream.core.TreeUnmarshaller.convertAnother(TreeUnmarshaller.java:52) [xstream-1.4.20.jar:1.4.20]
	at com.thoughtworks.xstream.converters.collections.AbstractCollectionConverter.readBareItem(AbstractCollectionConverter.java:132) [xstream-1.4.20.jar:1.4.20]
	at org.apache.jmeter.save.converters.MultiPropertyConverter.unmarshal(MultiPropertyConverter.java:68) [ApacheJMeter_core.jar:5.6.3]
	at com.thoughtworks.xstream.core.TreeUnmarshaller.convert(TreeUnmarshaller.java:74) [xstream-1.4.20.jar:1.4.20]
	at com.thoughtworks.xstream.core.AbstractReferenceUnmarshaller.convert(AbstractReferenceUnmarshaller.java:72) [xstream-1.4.20.jar:1.4.20]
	at com.thoughtworks.xstream.core.TreeUnmarshaller.convertAnother(TreeUnmarshaller.java:68) [xstream-1.4.20.jar:1.4.20]
	at com.thoughtworks.xstream.core.TreeUnmarshaller.convertAnother(TreeUnmarshaller.java:52) [xstream-1.4.20.jar:1.4.20]
	at com.thoughtworks.xstream.converters.collections.AbstractCollectionConverter.readBareItem(AbstractCollectionConverter.java:132) [xstream-1.4.20.jar:1.4.20]
	at org.apache.jmeter.save.converters.TestElementConverter.unmarshal(TestElementConverter.java:109) [ApacheJMeter_core.jar:5.6.3]
	at com.thoughtworks.xstream.core.TreeUnmarshaller.convert(TreeUnmarshaller.java:74) [xstream-1.4.20.jar:1.4.20]
	at com.thoughtworks.xstream.core.AbstractReferenceUnmarshaller.convert(AbstractReferenceUnmarshaller.java:72) [xstream-1.4.20.jar:1.4.20]
	at com.thoughtworks.xstream.core.TreeUnmarshaller.convertAnother(TreeUnmarshaller.java:68) [xstream-1.4.20.jar:1.4.20]
	at com.thoughtworks.xstream.core.TreeUnmarshaller.convertAnother(TreeUnmarshaller.java:52) [xstream-1.4.20.jar:1.4.20]
	at com.thoughtworks.xstream.converters.collections.AbstractCollectionConverter.readBareItem(AbstractCollectionConverter.java:132) [xstream-1.4.20.jar:1.4.20]
	at org.apache.jmeter.save.converters.HashTreeConverter.unmarshal(HashTreeConverter.java:66) [ApacheJMeter_core.jar:5.6.3]
	at com.thoughtworks.xstream.core.TreeUnmarshaller.convert(TreeUnmarshaller.java:74) [xstream-1.4.20.jar:1.4.20]
	at com.thoughtworks.xstream.core.AbstractReferenceUnmarshaller.convert(AbstractReferenceUnmarshaller.java:72) [xstream-1.4.20.jar:1.4.20]
	at com.thoughtworks.xstream.core.TreeUnmarshaller.convertAnother(TreeUnmarshaller.java:68) [xstream-1.4.20.jar:1.4.20]
	at com.thoughtworks.xstream.core.TreeUnmarshaller.convertAnother(TreeUnmarshaller.java:52) [xstream-1.4.20.jar:1.4.20]
	at com.thoughtworks.xstream.converters.collections.AbstractCollectionConverter.readBareItem(AbstractCollectionConverter.java:132) [xstream-1.4.20.jar:1.4.20]
	at org.apache.jmeter.save.converters.HashTreeConverter.unmarshal(HashTreeConverter.java:66) [ApacheJMeter_core.jar:5.6.3]
	at com.thoughtworks.xstream.core.TreeUnmarshaller.convert(TreeUnmarshaller.java:74) [xstream-1.4.20.jar:1.4.20]
	at com.thoughtworks.xstream.core.AbstractReferenceUnmarshaller.convert(AbstractReferenceUnmarshaller.java:72) [xstream-1.4.20.jar:1.4.20]
	at com.thoughtworks.xstream.core.TreeUnmarshaller.convertAnother(TreeUnmarshaller.java:68) [xstream-1.4.20.jar:1.4.20]
	at com.thoughtworks.xstream.core.TreeUnmarshaller.convertAnother(TreeUnmarshaller.java:52) [xstream-1.4.20.jar:1.4.20]
	at com.thoughtworks.xstream.converters.collections.AbstractCollectionConverter.readBareItem(AbstractCollectionConverter.java:132) [xstream-1.4.20.jar:1.4.20]
	at org.apache.jmeter.save.converters.HashTreeConverter.unmarshal(HashTreeConverter.java:66) [ApacheJMeter_core.jar:5.6.3]
	at com.thoughtworks.xstream.core.TreeUnmarshaller.convert(TreeUnmarshaller.java:74) [xstream-1.4.20.jar:1.4.20]
	at com.thoughtworks.xstream.core.AbstractReferenceUnmarshaller.convert(AbstractReferenceUnmarshaller.java:72) [xstream-1.4.20.jar:1.4.20]
	at com.thoughtworks.xstream.core.TreeUnmarshaller.convertAnother(TreeUnmarshaller.java:68) [xstream-1.4.20.jar:1.4.20]
	at com.thoughtworks.xstream.core.TreeUnmarshaller.convertAnother(TreeUnmarshaller.java:52) [xstream-1.4.20.jar:1.4.20]
	at com.thoughtworks.xstream.converters.collections.AbstractCollectionConverter.readBareItem(AbstractCollectionConverter.java:132) [xstream-1.4.20.jar:1.4.20]
	at org.apache.jmeter.save.converters.HashTreeConverter.unmarshal(HashTreeConverter.java:66) [ApacheJMeter_core.jar:5.6.3]
	at com.thoughtworks.xstream.core.TreeUnmarshaller.convert(TreeUnmarshaller.java:74) [xstream-1.4.20.jar:1.4.20]
	at com.thoughtworks.xstream.core.AbstractReferenceUnmarshaller.convert(AbstractReferenceUnmarshaller.java:72) [xstream-1.4.20.jar:1.4.20]
	at com.thoughtworks.xstream.core.TreeUnmarshaller.convertAnother(TreeUnmarshaller.java:68) [xstream-1.4.20.jar:1.4.20]
	at com.thoughtworks.xstream.core.TreeUnmarshaller.convertAnother(TreeUnmarshaller.java:52) [xstream-1.4.20.jar:1.4.20]
	at org.apache.jmeter.save.ScriptWrapperConverter.unmarshal(ScriptWrapperConverter.java:93) [ApacheJMeter_core.jar:5.6.3]
	at com.thoughtworks.xstream.core.TreeUnmarshaller.convert(TreeUnmarshaller.java:74) [xstream-1.4.20.jar:1.4.20]
	at com.thoughtworks.xstream.core.AbstractReferenceUnmarshaller.convert(AbstractReferenceUnmarshaller.java:72) [xstream-1.4.20.jar:1.4.20]
	at com.thoughtworks.xstream.core.TreeUnmarshaller.convertAnother(TreeUnmarshaller.java:68) [xstream-1.4.20.jar:1.4.20]
	at com.thoughtworks.xstream.core.TreeUnmarshaller.convertAnother(TreeUnmarshaller.java:52) [xstream-1.4.20.jar:1.4.20]
	at com.thoughtworks.xstream.core.TreeUnmarshaller.start(TreeUnmarshaller.java:136) [xstream-1.4.20.jar:1.4.20]
	at com.thoughtworks.xstream.core.AbstractTreeMarshallingStrategy.unmarshal(AbstractTreeMarshallingStrategy.java:32) [xstream-1.4.20.jar:1.4.20]
	at com.thoughtworks.xstream.XStream.unmarshal(XStream.java:1464) [xstream-1.4.20.jar:1.4.20]
	at com.thoughtworks.xstream.XStream.unmarshal(XStream.java:1441) [xstream-1.4.20.jar:1.4.20]
	at com.thoughtworks.xstream.XStream.fromXML(XStream.java:1321) [xstream-1.4.20.jar:1.4.20]
	at org.apache.jmeter.save.SaveService.readTree(SaveService.java:446) [ApacheJMeter_core.jar:5.6.3]
	at org.apache.jmeter.save.SaveService.loadTree(SaveService.java:429) [ApacheJMeter_core.jar:5.6.3]
	at org.apache.jmeter.JMeter.runNonGui(JMeter.java:954) [ApacheJMeter_core.jar:5.6.3]
	at org.apache.jmeter.JMeter.startNonGui(JMeter.java:940) [ApacheJMeter_core.jar:5.6.3]
	at org.apache.jmeter.JMeter.start(JMeter.java:508) [ApacheJMeter_core.jar:5.6.3]
	at java.base/jdk.internal.reflect.DirectMethodHandleAccessor.invoke(DirectMethodHandleAccessor.java:103) ~[?:?]
	at java.base/java.lang.reflect.Method.invoke(Method.java:580) ~[?:?]
	at org.apache.jmeter.NewDriver.main(NewDriver.java:259) [ApacheJMeter.jar:5.6.3]
2026-10-09 09:47:43,843 ERROR o.a.j.s.c.TestElementPropertyConverter: Couldn't unmarshall TestElementProperty
java.lang.IllegalArgumentException: Name cannot be null
	at org.apache.jmeter.testelement.property.AbstractProperty.setName(AbstractProperty.java:72) ~[ApacheJMeter_core.jar:5.6.3]
	at org.apache.jmeter.save.converters.TestElementPropertyConverter.unmarshal(TestElementPropertyConverter.java:100) [ApacheJMeter_core.jar:5.6.3]
	at com.thoughtworks.xstream.core.TreeUnmarshaller.convert(TreeUnmarshaller.java:74) [xstream-1.4.20.jar:1.4.20]
	at com.thoughtworks.xstream.core.AbstractReferenceUnmarshaller.convert(AbstractReferenceUnmarshaller.java:72) [xstream-1.4.20.jar:1.4.20]
	at com.thoughtworks.xstream.core.TreeUnmarshaller.convertAnother(TreeUnmarshaller.java:68) [xstream-1.4.20.jar:1.4.20]
	at com.thoughtworks.xstream.core.TreeUnmarshaller.convertAnother(TreeUnmarshaller.java:52) [xstream-1.4.20.jar:1.4.20]
	at com.thoughtworks.xstream.converters.collections.AbstractCollectionConverter.readBareItem(AbstractCollectionConverter.java:132) [xstream-1.4.20.jar:1.4.20]
	at org.apache.jmeter.save.converters.MultiPropertyConverter.unmarshal(MultiPropertyConverter.java:68) [ApacheJMeter_core.jar:5.6.3]
	at com.thoughtworks.xstream.core.TreeUnmarshaller.convert(TreeUnmarshaller.java:74) [xstream-1.4.20.jar:1.4.20]
	at com.thoughtworks.xstream.core.AbstractReferenceUnmarshaller.convert(AbstractReferenceUnmarshaller.java:72) [xstream-1.4.20.jar:1.4.20]
	at com.thoughtworks.xstream.core.TreeUnmarshaller.convertAnother(TreeUnmarshaller.java:68) [xstream-1.4.20.jar:1.4.20]
	at com.thoughtworks.xstream.core.TreeUnmarshaller.convertAnother(TreeUnmarshaller.java:52) [xstream-1.4.20.jar:1.4.20]
	at com.thoughtworks.xstream.converters.collections.AbstractCollectionConverter.readBareItem(AbstractCollectionConverter.java:132) [xstream-1.4.20.jar:1.4.20]
	at org.apache.jmeter.save.converters.TestElementConverter.unmarshal(TestElementConverter.java:109) [ApacheJMeter_core.jar:5.6.3]
	at com.thoughtworks.xstream.core.TreeUnmarshaller.convert(TreeUnmarshaller.java:74) [xstream-1.4.20.jar:1.4.20]
	at com.thoughtworks.xstream.core.AbstractReferenceUnmarshaller.convert(AbstractReferenceUnmarshaller.java:72) [xstream-1.4.20.jar:1.4.20]
	at com.thoughtworks.xstream.core.TreeUnmarshaller.convertAnother(TreeUnmarshaller.java:68) [xstream-1.4.20.jar:1.4.20]
	at com.thoughtworks.xstream.core.TreeUnmarshaller.convertAnother(TreeUnmarshaller.java:52) [xstream-1.4.20.jar:1.4.20]
	at com.thoughtworks.xstream.converters.collections.AbstractCollectionConverter.readBareItem(AbstractCollectionConverter.java:132) [xstream-1.4.20.jar:1.4.20]
	at org.apache.jmeter.save.converters.HashTreeConverter.unmarshal(HashTreeConverter.java:66) [ApacheJMeter_core.jar:5.6.3]
	at com.thoughtworks.xstream.core.TreeUnmarshaller.convert(TreeUnmarshaller.java:74) [xstream-1.4.20.jar:1.4.20]
	at com.thoughtworks.xstream.core.AbstractReferenceUnmarshaller.convert(AbstractReferenceUnmarshaller.java:72) [xstream-1.4.20.jar:1.4.20]
	at com.thoughtworks.xstream.core.TreeUnmarshaller.convertAnother(TreeUnmarshaller.java:68) [xstream-1.4.20.jar:1.4.20]
	at com.thoughtworks.xstream.core.TreeUnmarshaller.convertAnother(TreeUnmarshaller.java:52) [xstream-1.4.20.jar:1.4.20]
	at com.thoughtworks.xstream.converters.collections.AbstractCollectionConverter.readBareItem(AbstractCollectionConverter.java:132) [xstream-1.4.20.jar:1.4.20]
	at org.apache.jmeter.save.converters.HashTreeConverter.unmarshal(HashTreeConverter.java:66) [ApacheJMeter_core.jar:5.6.3]
	at com.thoughtworks.xstream.core.TreeUnmarshaller.convert(TreeUnmarshaller.java:74) [xstream-1.4.20.jar:1.4.20]
	at com.thoughtworks.xstream.core.AbstractReferenceUnmarshaller.convert(AbstractReferenceUnmarshaller.java:72) [xstream-1.4.20.jar:1.4.20]
	at com.thoughtworks.xstream.core.TreeUnmarshaller.convertAnother(TreeUnmarshaller.java:68) [xstream-1.4.20.jar:1.4.20]
	at com.thoughtworks.xstream.core.TreeUnmarshaller.convertAnother(TreeUnmarshaller.java:52) [xstream-1.4.20.jar:1.4.20]
	at com.thoughtworks.xstream.converters.collections.AbstractCollectionConverter.readBareItem(AbstractCollectionConverter.java:132) [xstream-1.4.20.jar:1.4.20]
	at org.apache.jmeter.save.converters.HashTreeConverter.unmarshal(HashTreeConverter.java:66) [ApacheJMeter_core.jar:5.6.3]
	at com.thoughtworks.xstream.core.TreeUnmarshaller.convert(TreeUnmarshaller.java:74) [xstream-1.4.20.jar:1.4.20]
	at com.thoughtworks.xstream.core.AbstractReferenceUnmarshaller.convert(AbstractReferenceUnmarshaller.java:72) [xstream-1.4.20.jar:1.4.20]
	at com.thoughtworks.xstream.core.TreeUnmarshaller.convertAnother(TreeUnmarshaller.java:68) [xstream-1.4.20.jar:1.4.20]
	at com.thoughtworks.xstream.core.TreeUnmarshaller.convertAnother(TreeUnmarshaller.java:52) [xstream-1.4.20.jar:1.4.20]
	at com.thoughtworks.xstream.converters.collections.AbstractCollectionConverter.readBareItem(AbstractCollectionConverter.java:132) [xstream-1.4.20.jar:1.4.20]
	at org.apache.jmeter.save.converters.HashTreeConverter.unmarshal(HashTreeConverter.java:66) [ApacheJMeter_core.jar:5.6.3]
	at com.thoughtworks.xstream.core.TreeUnmarshaller.convert(TreeUnmarshaller.java:74) [xstream-1.4.20.jar:1.4.20]
	at com.thoughtworks.xstream.core.AbstractReferenceUnmarshaller.convert(AbstractReferenceUnmarshaller.java:72) [xstream-1.4.20.jar:1.4.20]
	at com.thoughtworks.xstream.core.TreeUnmarshaller.convertAnother(TreeUnmarshaller.java:68) [xstream-1.4.20.jar:1.4.20]
	at com.thoughtworks.xstream.core.TreeUnmarshaller.convertAnother(TreeUnmarshaller.java:52) [xstream-1.4.20.jar:1.4.20]
	at org.apache.jmeter.save.ScriptWrapperConverter.unmarshal(ScriptWrapperConverter.java:93) [ApacheJMeter_core.jar:5.6.3]
	at com.thoughtworks.xstream.core.TreeUnmarshaller.convert(TreeUnmarshaller.java:74) [xstream-1.4.20.jar:1.4.20]
	at com.thoughtworks.xstream.core.AbstractReferenceUnmarshaller.convert(AbstractReferenceUnmarshaller.java:72) [xstream-1.4.20.jar:1.4.20]
	at com.thoughtworks.xstream.core.TreeUnmarshaller.convertAnother(TreeUnmarshaller.java:68) [xstream-1.4.20.jar:1.4.20]
	at com.thoughtworks.xstream.core.TreeUnmarshaller.convertAnother(TreeUnmarshaller.java:52) [xstream-1.4.20.jar:1.4.20]
	at com.thoughtworks.xstream.core.TreeUnmarshaller.start(TreeUnmarshaller.java:136) [xstream-1.4.20.jar:1.4.20]
	at com.thoughtworks.xstream.core.AbstractTreeMarshallingStrategy.unmarshal(AbstractTreeMarshallingStrategy.java:32) [xstream-1.4.20.jar:1.4.20]
	at com.thoughtworks.xstream.XStream.unmarshal(XStream.java:1464) [xstream-1.4.20.jar:1.4.20]
	at com.thoughtworks.xstream.XStream.unmarshal(XStream.java:1441) [xstream-1.4.20.jar:1.4.20]
	at com.thoughtworks.xstream.XStream.fromXML(XStream.java:1321) [xstream-1.4.20.jar:1.4.20]
	at org.apache.jmeter.save.SaveService.readTree(SaveService.java:446) [ApacheJMeter_core.jar:5.6.3]
	at org.apache.jmeter.save.SaveService.loadTree(SaveService.java:429) [ApacheJMeter_core.jar:5.6.3]
	at org.apache.jmeter.JMeter.runNonGui(JMeter.java:954) [ApacheJMeter_core.jar:5.6.3]
	at org.apache.jmeter.JMeter.startNonGui(JMeter.java:940) [ApacheJMeter_core.jar:5.6.3]
	at org.apache.jmeter.JMeter.start(JMeter.java:508) [ApacheJMeter_core.jar:5.6.3]
	at java.base/jdk.internal.reflect.DirectMethodHandleAccessor.invoke(DirectMethodHandleAccessor.java:103) ~[?:?]
	at java.base/java.lang.reflect.Method.invoke(Method.java:580) ~[?:?]
	at org.apache.jmeter.NewDriver.main(NewDriver.java:259) [ApacheJMeter.jar:5.6.3]
2026-10-09 09:47:43,843 ERROR o.a.j.s.c.TestElementPropertyConverter: Couldn't unmarshall TestElementProperty
java.lang.IllegalArgumentException: Name cannot be null
	at org.apache.jmeter.testelement.property.AbstractProperty.setName(AbstractProperty.java:72) ~[ApacheJMeter_core.jar:5.6.3]
	at org.apache.jmeter.save.converters.TestElementPropertyConverter.unmarshal(TestElementPropertyConverter.java:100) [ApacheJMeter_core.jar:5.6.3]
	at com.thoughtworks.xstream.core.TreeUnmarshaller.convert(TreeUnmarshaller.java:74) [xstream-1.4.20.jar:1.4.20]
	at com.thoughtworks.xstream.core.AbstractReferenceUnmarshaller.convert(AbstractReferenceUnmarshaller.java:72) [xstream-1.4.20.jar:1.4.20]
	at com.thoughtworks.xstream.core.TreeUnmarshaller.convertAnother(TreeUnmarshaller.java:68) [xstream-1.4.20.jar:1.4.20]
	at com.thoughtworks.xstream.core.TreeUnmarshaller.convertAnother(TreeUnmarshaller.java:52) [xstream-1.4.20.jar:1.4.20]
	at com.thoughtworks.xstream.converters.collections.AbstractCollectionConverter.readBareItem(AbstractCollectionConverter.java:132) [xstream-1.4.20.jar:1.4.20]
	at org.apache.jmeter.save.converters.MultiPropertyConverter.unmarshal(MultiPropertyConverter.java:68) [ApacheJMeter_core.jar:5.6.3]
	at com.thoughtworks.xstream.core.TreeUnmarshaller.convert(TreeUnmarshaller.java:74) [xstream-1.4.20.jar:1.4.20]
	at com.thoughtworks.xstream.core.AbstractReferenceUnmarshaller.convert(AbstractReferenceUnmarshaller.java:72) [xstream-1.4.20.jar:1.4.20]
	at com.thoughtworks.xstream.core.TreeUnmarshaller.convertAnother(TreeUnmarshaller.java:68) [xstream-1.4.20.jar:1.4.20]
	at com.thoughtworks.xstream.core.TreeUnmarshaller.convertAnother(TreeUnmarshaller.java:52) [xstream-1.4.20.jar:1.4.20]
	at com.thoughtworks.xstream.converters.collections.AbstractCollectionConverter.readBareItem(AbstractCollectionConverter.java:132) [xstream-1.4.20.jar:1.4.20]
	at org.apache.jmeter.save.converters.TestElementConverter.unmarshal(TestElementConverter.java:109) [ApacheJMeter_core.jar:5.6.3]
	at com.thoughtworks.xstream.core.TreeUnmarshaller.convert(TreeUnmarshaller.java:74) [xstream-1.4.20.jar:1.4.20]
	at com.thoughtworks.xstream.core.AbstractReferenceUnmarshaller.convert(AbstractReferenceUnmarshaller.java:72) [xstream-1.4.20.jar:1.4.20]
	at com.thoughtworks.xstream.core.TreeUnmarshaller.convertAnother(TreeUnmarshaller.java:68) [xstream-1.4.20.jar:1.4.20]
	at com.thoughtworks.xstream.core.TreeUnmarshaller.convertAnother(TreeUnmarshaller.java:52) [xstream-1.4.20.jar:1.4.20]
	at com.thoughtworks.xstream.converters.collections.AbstractCollectionConverter.readBareItem(AbstractCollectionConverter.java:132) [xstream-1.4.20.jar:1.4.20]
	at org.apache.jmeter.save.converters.HashTreeConverter.unmarshal(HashTreeConverter.java:66) [ApacheJMeter_core.jar:5.6.3]
	at com.thoughtworks.xstream.core.TreeUnmarshaller.convert(TreeUnmarshaller.java:74) [xstream-1.4.20.jar:1.4.20]
	at com.thoughtworks.xstream.core.AbstractReferenceUnmarshaller.convert(AbstractReferenceUnmarshaller.java:72) [xstream-1.4.20.jar:1.4.20]
	at com.thoughtworks.xstream.core.TreeUnmarshaller.convertAnother(TreeUnmarshaller.java:68) [xstream-1.4.20.jar:1.4.20]
	at com.thoughtworks.xstream.core.TreeUnmarshaller.convertAnother(TreeUnmarshaller.java:52) [xstream-1.4.20.jar:1.4.20]
	at com.thoughtworks.xstream.converters.collections.AbstractCollectionConverter.readBareItem(AbstractCollectionConverter.java:132) [xstream-1.4.20.jar:1.4.20]
	at org.apache.jmeter.save.converters.HashTreeConverter.unmarshal(HashTreeConverter.java:66) [ApacheJMeter_core.jar:5.6.3]
	at com.thoughtworks.xstream.core.TreeUnmarshaller.convert(TreeUnmarshaller.java:74) [xstream-1.4.20.jar:1.4.20]
	at com.thoughtworks.xstream.core.AbstractReferenceUnmarshaller.convert(AbstractReferenceUnmarshaller.java:72) [xstream-1.4.20.jar:1.4.20]
	at com.thoughtworks.xstream.core.TreeUnmarshaller.convertAnother(TreeUnmarshaller.java:68) [xstream-1.4.20.jar:1.4.20]
	at com.thoughtworks.xstream.core.TreeUnmarshaller.convertAnother(TreeUnmarshaller.java:52) [xstream-1.4.20.jar:1.4.20]
	at com.thoughtworks.xstream.converters.collections.AbstractCollectionConverter.readBareItem(AbstractCollectionConverter.java:132) [xstream-1.4.20.jar:1.4.20]
	at org.apache.jmeter.save.converters.HashTreeConverter.unmarshal(HashTreeConverter.java:66) [ApacheJMeter_core.jar:5.6.3]
	at com.thoughtworks.xstream.core.TreeUnmarshaller.convert(TreeUnmarshaller.java:74) [xstream-1.4.20.jar:1.4.20]
	at com.thoughtworks.xstream.core.AbstractReferenceUnmarshaller.convert(AbstractReferenceUnmarshaller.java:72) [xstream-1.4.20.jar:1.4.20]
	at com.thoughtworks.xstream.core.TreeUnmarshaller.convertAnother(TreeUnmarshaller.java:68) [xstream-1.4.20.jar:1.4.20]
	at com.thoughtworks.xstream.core.TreeUnmarshaller.convertAnother(TreeUnmarshaller.java:52) [xstream-1.4.20.jar:1.4.20]
	at com.thoughtworks.xstream.converters.collections.AbstractCollectionConverter.readBareItem(AbstractCollectionConverter.java:132) [xstream-1.4.20.jar:1.4.20]
	at org.apache.jmeter.save.converters.HashTreeConverter.unmarshal(HashTreeConverter.java:66) [ApacheJMeter_core.jar:5.6.3]
	at com.thoughtworks.xstream.core.TreeUnmarshaller.convert(TreeUnmarshaller.java:74) [xstream-1.4.20.jar:1.4.20]
	at com.thoughtworks.xstream.core.AbstractReferenceUnmarshaller.convert(AbstractReferenceUnmarshaller.java:72) [xstream-1.4.20.jar:1.4.20]
	at com.thoughtworks.xstream.core.TreeUnmarshaller.convertAnother(TreeUnmarshaller.java:68) [xstream-1.4.20.jar:1.4.20]
	at com.thoughtworks.xstream.core.TreeUnmarshaller.convertAnother(TreeUnmarshaller.java:52) [xstream-1.4.20.jar:1.4.20]
	at org.apache.jmeter.save.ScriptWrapperConverter.unmarshal(ScriptWrapperConverter.java:93) [ApacheJMeter_core.jar:5.6.3]
	at com.thoughtworks.xstream.core.TreeUnmarshaller.convert(TreeUnmarshaller.java:74) [xstream-1.4.20.jar:1.4.20]
	at com.thoughtworks.xstream.core.AbstractReferenceUnmarshaller.convert(AbstractReferenceUnmarshaller.java:72) [xstream-1.4.20.jar:1.4.20]
	at com.thoughtworks.xstream.core.TreeUnmarshaller.convertAnother(TreeUnmarshaller.java:68) [xstream-1.4.20.jar:1.4.20]
	at com.thoughtworks.xstream.core.TreeUnmarshaller.convertAnother(TreeUnmarshaller.java:52) [xstream-1.4.20.jar:1.4.20]
	at com.thoughtworks.xstream.core.TreeUnmarshaller.start(TreeUnmarshaller.java:136) [xstream-1.4.20.jar:1.4.20]
	at com.thoughtworks.xstream.core.AbstractTreeMarshallingStrategy.unmarshal(AbstractTreeMarshallingStrategy.java:32) [xstream-1.4.20.jar:1.4.20]
	at com.thoughtworks.xstream.XStream.unmarshal(XStream.java:1464) [xstream-1.4.20.jar:1.4.20]
	at com.thoughtworks.xstream.XStream.unmarshal(XStream.java:1441) [xstream-1.4.20.jar:1.4.20]
	at com.thoughtworks.xstream.XStream.fromXML(XStream.java:1321) [xstream-1.4.20.jar:1.4.20]
	at org.apache.jmeter.save.SaveService.readTree(SaveService.java:446) [ApacheJMeter_core.jar:5.6.3]
	at org.apache.jmeter.save.SaveService.loadTree(SaveService.java:429) [ApacheJMeter_core.jar:5.6.3]
	at org.apache.jmeter.JMeter.runNonGui(JMeter.java:954) [ApacheJMeter_core.jar:5.6.3]
	at org.apache.jmeter.JMeter.startNonGui(JMeter.java:940) [ApacheJMeter_core.jar:5.6.3]
	at org.apache.jmeter.JMeter.start(JMeter.java:508) [ApacheJMeter_core.jar:5.6.3]
	at java.base/jdk.internal.reflect.DirectMethodHandleAccessor.invoke(DirectMethodHandleAccessor.java:103) ~[?:?]
	at java.base/java.lang.reflect.Method.invoke(Method.java:580) ~[?:?]
	at org.apache.jmeter.NewDriver.main(NewDriver.java:259) [ApacheJMeter.jar:5.6.3]
2026-10-09 09:47:43,843 ERROR o.a.j.s.c.TestElementPropertyConverter: Couldn't unmarshall TestElementProperty
java.lang.IllegalArgumentException: Name cannot be null
	at org.apache.jmeter.testelement.property.AbstractProperty.setName(AbstractProperty.java:72) ~[ApacheJMeter_core.jar:5.6.3]
	at org.apache.jmeter.save.converters.TestElementPropertyConverter.unmarshal(TestElementPropertyConverter.java:100) [ApacheJMeter_core.jar:5.6.3]
	at com.thoughtworks.xstream.core.TreeUnmarshaller.convert(TreeUnmarshaller.java:74) [xstream-1.4.20.jar:1.4.20]
	at com.thoughtworks.xstream.core.AbstractReferenceUnmarshaller.convert(AbstractReferenceUnmarshaller.java:72) [xstream-1.4.20.jar:1.4.20]
	at com.thoughtworks.xstream.core.TreeUnmarshaller.convertAnother(TreeUnmarshaller.java:68) [xstream-1.4.20.jar:1.4.20]
	at com.thoughtworks.xstream.core.TreeUnmarshaller.convertAnother(TreeUnmarshaller.java:52) [xstream-1.4.20.jar:1.4.20]
	at com.thoughtworks.xstream.converters.collections.AbstractCollectionConverter.readBareItem(AbstractCollectionConverter.java:132) [xstream-1.4.20.jar:1.4.20]
	at org.apache.jmeter.save.converters.MultiPropertyConverter.unmarshal(MultiPropertyConverter.java:68) [ApacheJMeter_core.jar:5.6.3]
	at com.thoughtworks.xstream.core.TreeUnmarshaller.convert(TreeUnmarshaller.java:74) [xstream-1.4.20.jar:1.4.20]
	at com.thoughtworks.xstream.core.AbstractReferenceUnmarshaller.convert(AbstractReferenceUnmarshaller.java:72) [xstream-1.4.20.jar:1.4.20]
	at com.thoughtworks.xstream.core.TreeUnmarshaller.convertAnother(TreeUnmarshaller.java:68) [xstream-1.4.20.jar:1.4.20]
	at com.thoughtworks.xstream.core.TreeUnmarshaller.convertAnother(TreeUnmarshaller.java:52) [xstream-1.4.20.jar:1.4.20]
	at com.thoughtworks.xstream.converters.collections.AbstractCollectionConverter.readBareItem(AbstractCollectionConverter.java:132) [xstream-1.4.20.jar:1.4.20]
	at org.apache.jmeter.save.converters.TestElementConverter.unmarshal(TestElementConverter.java:109) [ApacheJMeter_core.jar:5.6.3]
	at com.thoughtworks.xstream.core.TreeUnmarshaller.convert(TreeUnmarshaller.java:74) [xstream-1.4.20.jar:1.4.20]
	at com.thoughtworks.xstream.core.AbstractReferenceUnmarshaller.convert(AbstractReferenceUnmarshaller.java:72) [xstream-1.4.20.jar:1.4.20]
	at com.thoughtworks.xstream.core.TreeUnmarshaller.convertAnother(TreeUnmarshaller.java:68) [xstream-1.4.20.jar:1.4.20]
	at com.thoughtworks.xstream.core.TreeUnmarshaller.convertAnother(TreeUnmarshaller.java:52) [xstream-1.4.20.jar:1.4.20]
	at com.thoughtworks.xstream.converters.collections.AbstractCollectionConverter.readBareItem(AbstractCollectionConverter.java:132) [xstream-1.4.20.jar:1.4.20]
	at org.apache.jmeter.save.converters.HashTreeConverter.unmarshal(HashTreeConverter.java:66) [ApacheJMeter_core.jar:5.6.3]
	at com.thoughtworks.xstream.core.TreeUnmarshaller.convert(TreeUnmarshaller.java:74) [xstream-1.4.20.jar:1.4.20]
	at com.thoughtworks.xstream.core.AbstractReferenceUnmarshaller.convert(AbstractReferenceUnmarshaller.java:72) [xstream-1.4.20.jar:1.4.20]
	at com.thoughtworks.xstream.core.TreeUnmarshaller.convertAnother(TreeUnmarshaller.java:68) [xstream-1.4.20.jar:1.4.20]
	at com.thoughtworks.xstream.core.TreeUnmarshaller.convertAnother(TreeUnmarshaller.java:52) [xstream-1.4.20.jar:1.4.20]
	at com.thoughtworks.xstream.converters.collections.AbstractCollectionConverter.readBareItem(AbstractCollectionConverter.java:132) [xstream-1.4.20.jar:1.4.20]
	at org.apache.jmeter.save.converters.HashTreeConverter.unmarshal(HashTreeConverter.java:66) [ApacheJMeter_core.jar:5.6.3]
	at com.thoughtworks.xstream.core.TreeUnmarshaller.convert(TreeUnmarshaller.java:74) [xstream-1.4.20.jar:1.4.20]
	at com.thoughtworks.xstream.core.AbstractReferenceUnmarshaller.convert(AbstractReferenceUnmarshaller.java:72) [xstream-1.4.20.jar:1.4.20]
	at com.thoughtworks.xstream.core.TreeUnmarshaller.convertAnother(TreeUnmarshaller.java:68) [xstream-1.4.20.jar:1.4.20]
	at com.thoughtworks.xstream.core.TreeUnmarshaller.convertAnother(TreeUnmarshaller.java:52) [xstream-1.4.20.jar:1.4.20]
	at com.thoughtworks.xstream.converters.collections.AbstractCollectionConverter.readBareItem(AbstractCollectionConverter.java:132) [xstream-1.4.20.jar:1.4.20]
	at org.apache.jmeter.save.converters.HashTreeConverter.unmarshal(HashTreeConverter.java:66) [ApacheJMeter_core.jar:5.6.3]
	at com.thoughtworks.xstream.core.TreeUnmarshaller.convert(TreeUnmarshaller.java:74) [xstream-1.4.20.jar:1.4.20]
	at com.thoughtworks.xstream.core.AbstractReferenceUnmarshaller.convert(AbstractReferenceUnmarshaller.java:72) [xstream-1.4.20.jar:1.4.20]
	at com.thoughtworks.xstream.core.TreeUnmarshaller.convertAnother(TreeUnmarshaller.java:68) [xstream-1.4.20.jar:1.4.20]
	at com.thoughtworks.xstream.core.TreeUnmarshaller.convertAnother(TreeUnmarshaller.java:52) [xstream-1.4.20.jar:1.4.20]
	at com.thoughtworks.xstream.converters.collections.AbstractCollectionConverter.readBareItem(AbstractCollectionConverter.java:132) [xstream-1.4.20.jar:1.4.20]
	at org.apache.jmeter.save.converters.HashTreeConverter.unmarshal(HashTreeConverter.java:66) [ApacheJMeter_core.jar:5.6.3]
	at com.thoughtworks.xstream.core.TreeUnmarshaller.convert(TreeUnmarshaller.java:74) [xstream-1.4.20.jar:1.4.20]
	at com.thoughtworks.xstream.core.AbstractReferenceUnmarshaller.convert(AbstractReferenceUnmarshaller.java:72) [xstream-1.4.20.jar:1.4.20]
	at com.thoughtworks.xstream.core.TreeUnmarshaller.convertAnother(TreeUnmarshaller.java:68) [xstream-1.4.20.jar:1.4.20]
	at com.thoughtworks.xstream.core.TreeUnmarshaller.convertAnother(TreeUnmarshaller.java:52) [xstream-1.4.20.jar:1.4.20]
	at org.apache.jmeter.save.ScriptWrapperConverter.unmarshal(ScriptWrapperConverter.java:93) [ApacheJMeter_core.jar:5.6.3]
	at com.thoughtworks.xstream.core.TreeUnmarshaller.convert(TreeUnmarshaller.java:74) [xstream-1.4.20.jar:1.4.20]
	at com.thoughtworks.xstream.core.AbstractReferenceUnmarshaller.convert(AbstractReferenceUnmarshaller.java:72) [xstream-1.4.20.jar:1.4.20]
	at com.thoughtworks.xstream.core.TreeUnmarshaller.convertAnother(TreeUnmarshaller.java:68) [xstream-1.4.20.jar:1.4.20]
	at com.thoughtworks.xstream.core.TreeUnmarshaller.convertAnother(TreeUnmarshaller.java:52) [xstream-1.4.20.jar:1.4.20]
	at com.thoughtworks.xstream.core.TreeUnmarshaller.start(TreeUnmarshaller.java:136) [xstream-1.4.20.jar:1.4.20]
	at com.thoughtworks.xstream.core.AbstractTreeMarshallingStrategy.unmarshal(AbstractTreeMarshallingStrategy.java:32) [xstream-1.4.20.jar:1.4.20]
	at com.thoughtworks.xstream.XStream.unmarshal(XStream.java:1464) [xstream-1.4.20.jar:1.4.20]
	at com.thoughtworks.xstream.XStream.unmarshal(XStream.java:1441) [xstream-1.4.20.jar:1.4.20]
	at com.thoughtworks.xstream.XStream.fromXML(XStream.java:1321) [xstream-1.4.20.jar:1.4.20]
	at org.apache.jmeter.save.SaveService.readTree(SaveService.java:446) [ApacheJMeter_core.jar:5.6.3]
	at org.apache.jmeter.save.SaveService.loadTree(SaveService.java:429) [ApacheJMeter_core.jar:5.6.3]
	at org.apache.jmeter.JMeter.runNonGui(JMeter.java:954) [ApacheJMeter_core.jar:5.6.3]
	at org.apache.jmeter.JMeter.startNonGui(JMeter.java:940) [ApacheJMeter_core.jar:5.6.3]
	at org.apache.jmeter.JMeter.start(JMeter.java:508) [ApacheJMeter_core.jar:5.6.3]
	at java.base/jdk.internal.reflect.DirectMethodHandleAccessor.invoke(DirectMethodHandleAccessor.java:103) ~[?:?]
	at java.base/java.lang.reflect.Method.invoke(Method.java:580) ~[?:?]
	at org.apache.jmeter.NewDriver.main(NewDriver.java:259) [ApacheJMeter.jar:5.6.3]
2026-10-09 09:47:43,848 ERROR o.a.j.s.c.TestElementPropertyConverter: Couldn't unmarshall TestElementProperty
java.lang.IllegalArgumentException: Name cannot be null
	at org.apache.jmeter.testelement.property.AbstractProperty.setName(AbstractProperty.java:72) ~[ApacheJMeter_core.jar:5.6.3]
	at org.apache.jmeter.save.converters.TestElementPropertyConverter.unmarshal(TestElementPropertyConverter.java:100) [ApacheJMeter_core.jar:5.6.3]
	at com.thoughtworks.xstream.core.TreeUnmarshaller.convert(TreeUnmarshaller.java:74) [xstream-1.4.20.jar:1.4.20]
	at com.thoughtworks.xstream.core.AbstractReferenceUnmarshaller.convert(AbstractReferenceUnmarshaller.java:72) [xstream-1.4.20.jar:1.4.20]
	at com.thoughtworks.xstream.core.TreeUnmarshaller.convertAnother(TreeUnmarshaller.java:68) [xstream-1.4.20.jar:1.4.20]
	at com.thoughtworks.xstream.core.TreeUnmarshaller.convertAnother(TreeUnmarshaller.java:52) [xstream-1.4.20.jar:1.4.20]
	at com.thoughtworks.xstream.converters.collections.AbstractCollectionConverter.readBareItem(AbstractCollectionConverter.java:132) [xstream-1.4.20.jar:1.4.20]
	at org.apache.jmeter.save.converters.MultiPropertyConverter.unmarshal(MultiPropertyConverter.java:68) [ApacheJMeter_core.jar:5.6.3]
	at com.thoughtworks.xstream.core.TreeUnmarshaller.convert(TreeUnmarshaller.java:74) [xstream-1.4.20.jar:1.4.20]
	at com.thoughtworks.xstream.core.AbstractReferenceUnmarshaller.convert(AbstractReferenceUnmarshaller.java:72) [xstream-1.4.20.jar:1.4.20]
	at com.thoughtworks.xstream.core.TreeUnmarshaller.convertAnother(TreeUnmarshaller.java:68) [xstream-1.4.20.jar:1.4.20]
	at com.thoughtworks.xstream.core.TreeUnmarshaller.convertAnother(TreeUnmarshaller.java:52) [xstream-1.4.20.jar:1.4.20]
	at com.thoughtworks.xstream.converters.collections.AbstractCollectionConverter.readBareItem(AbstractCollectionConverter.java:132) [xstream-1.4.20.jar:1.4.20]
	at org.apache.jmeter.save.converters.TestElementConverter.unmarshal(TestElementConverter.java:109) [ApacheJMeter_core.jar:5.6.3]
	at com.thoughtworks.xstream.core.TreeUnmarshaller.convert(TreeUnmarshaller.java:74) [xstream-1.4.20.jar:1.4.20]
	at com.thoughtworks.xstream.core.AbstractReferenceUnmarshaller.convert(AbstractReferenceUnmarshaller.java:72) [xstream-1.4.20.jar:1.4.20]
	at com.thoughtworks.xstream.core.TreeUnmarshaller.convertAnother(TreeUnmarshaller.java:68) [xstream-1.4.20.jar:1.4.20]
	at com.thoughtworks.xstream.core.TreeUnmarshaller.convertAnother(TreeUnmarshaller.java:52) [xstream-1.4.20.jar:1.4.20]
	at com.thoughtworks.xstream.converters.collections.AbstractCollectionConverter.readBareItem(AbstractCollectionConverter.java:132) [xstream-1.4.20.jar:1.4.20]
	at org.apache.jmeter.save.converters.HashTreeConverter.unmarshal(HashTreeConverter.java:66) [ApacheJMeter_core.jar:5.6.3]
	at com.thoughtworks.xstream.core.TreeUnmarshaller.convert(TreeUnmarshaller.java:74) [xstream-1.4.20.jar:1.4.20]
	at com.thoughtworks.xstream.core.AbstractReferenceUnmarshaller.convert(AbstractReferenceUnmarshaller.java:72) [xstream-1.4.20.jar:1.4.20]
	at com.thoughtworks.xstream.core.TreeUnmarshaller.convertAnother(TreeUnmarshaller.java:68) [xstream-1.4.20.jar:1.4.20]
	at com.thoughtworks.xstream.core.TreeUnmarshaller.convertAnother(TreeUnmarshaller.java:52) [xstream-1.4.20.jar:1.4.20]
	at com.thoughtworks.xstream.converters.collections.AbstractCollectionConverter.readBareItem(AbstractCollectionConverter.java:132) [xstream-1.4.20.jar:1.4.20]
	at org.apache.jmeter.save.converters.HashTreeConverter.unmarshal(HashTreeConverter.java:66) [ApacheJMeter_core.jar:5.6.3]
	at com.thoughtworks.xstream.core.TreeUnmarshaller.convert(TreeUnmarshaller.java:74) [xstream-1.4.20.jar:1.4.20]
	at com.thoughtworks.xstream.core.AbstractReferenceUnmarshaller.convert(AbstractReferenceUnmarshaller.java:72) [xstream-1.4.20.jar:1.4.20]
	at com.thoughtworks.xstream.core.TreeUnmarshaller.convertAnother(TreeUnmarshaller.java:68) [xstream-1.4.20.jar:1.4.20]
	at com.thoughtworks.xstream.core.TreeUnmarshaller.convertAnother(TreeUnmarshaller.java:52) [xstream-1.4.20.jar:1.4.20]
	at com.thoughtworks.xstream.converters.collections.AbstractCollectionConverter.readBareItem(AbstractCollectionConverter.java:132) [xstream-1.4.20.jar:1.4.20]
	at org.apache.jmeter.save.converters.HashTreeConverter.unmarshal(HashTreeConverter.java:66) [ApacheJMeter_core.jar:5.6.3]
	at com.thoughtworks.xstream.core.TreeUnmarshaller.convert(TreeUnmarshaller.java:74) [xstream-1.4.20.jar:1.4.20]
	at com.thoughtworks.xstream.core.AbstractReferenceUnmarshaller.convert(AbstractReferenceUnmarshaller.java:72) [xstream-1.4.20.jar:1.4.20]
	at com.thoughtworks.xstream.core.TreeUnmarshaller.convertAnother(TreeUnmarshaller.java:68) [xstream-1.4.20.jar:1.4.20]
	at com.thoughtworks.xstream.core.TreeUnmarshaller.convertAnother(TreeUnmarshaller.java:52) [xstream-1.4.20.jar:1.4.20]
	at com.thoughtworks.xstream.converters.collections.AbstractCollectionConverter.readBareItem(AbstractCollectionConverter.java:132) [xstream-1.4.20.jar:1.4.20]
	at org.apache.jmeter.save.converters.HashTreeConverter.unmarshal(HashTreeConverter.java:66) [ApacheJMeter_core.jar:5.6.3]
	at com.thoughtworks.xstream.core.TreeUnmarshaller.convert(TreeUnmarshaller.java:74) [xstream-1.4.20.jar:1.4.20]
	at com.thoughtworks.xstream.core.AbstractReferenceUnmarshaller.convert(AbstractReferenceUnmarshaller.java:72) [xstream-1.4.20.jar:1.4.20]
	at com.thoughtworks.xstream.core.TreeUnmarshaller.convertAnother(TreeUnmarshaller.java:68) [xstream-1.4.20.jar:1.4.20]
	at com.thoughtworks.xstream.core.TreeUnmarshaller.convertAnother(TreeUnmarshaller.java:52) [xstream-1.4.20.jar:1.4.20]
	at org.apache.jmeter.save.ScriptWrapperConverter.unmarshal(ScriptWrapperConverter.java:93) [ApacheJMeter_core.jar:5.6.3]
	at com.thoughtworks.xstream.core.TreeUnmarshaller.convert(TreeUnmarshaller.java:74) [xstream-1.4.20.jar:1.4.20]
	at com.thoughtworks.xstream.core.AbstractReferenceUnmarshaller.convert(AbstractReferenceUnmarshaller.java:72) [xstream-1.4.20.jar:1.4.20]
	at com.thoughtworks.xstream.core.TreeUnmarshaller.convertAnother(TreeUnmarshaller.java:68) [xstream-1.4.20.jar:1.4.20]
	at com.thoughtworks.xstream.core.TreeUnmarshaller.convertAnother(TreeUnmarshaller.java:52) [xstream-1.4.20.jar:1.4.20]
	at com.thoughtworks.xstream.core.TreeUnmarshaller.start(TreeUnmarshaller.java:136) [xstream-1.4.20.jar:1.4.20]
	at com.thoughtworks.xstream.core.AbstractTreeMarshallingStrategy.unmarshal(AbstractTreeMarshallingStrategy.java:32) [xstream-1.4.20.jar:1.4.20]
	at com.thoughtworks.xstream.XStream.unmarshal(XStream.java:1464) [xstream-1.4.20.jar:1.4.20]
	at com.thoughtworks.xstream.XStream.unmarshal(XStream.java:1441) [xstream-1.4.20.jar:1.4.20]
	at com.thoughtworks.xstream.XStream.fromXML(XStream.java:1321) [xstream-1.4.20.jar:1.4.20]
	at org.apache.jmeter.save.SaveService.readTree(SaveService.java:446) [ApacheJMeter_core.jar:5.6.3]
	at org.apache.jmeter.save.SaveService.loadTree(SaveService.java:429) [ApacheJMeter_core.jar:5.6.3]
	at org.apache.jmeter.JMeter.runNonGui(JMeter.java:954) [ApacheJMeter_core.jar:5.6.3]
	at org.apache.jmeter.JMeter.startNonGui(JMeter.java:940) [ApacheJMeter_core.jar:5.6.3]
	at org.apache.jmeter.JMeter.start(JMeter.java:508) [ApacheJMeter_core.jar:5.6.3]
	at java.base/jdk.internal.reflect.DirectMethodHandleAccessor.invoke(DirectMethodHandleAccessor.java:103) ~[?:?]
	at java.base/java.lang.reflect.Method.invoke(Method.java:580) ~[?:?]
	at org.apache.jmeter.NewDriver.main(NewDriver.java:259) [ApacheJMeter.jar:5.6.3]
2026-10-09 09:47:43,848 ERROR o.a.j.s.c.TestElementPropertyConverter: Couldn't unmarshall TestElementProperty
java.lang.IllegalArgumentException: Name cannot be null
	at org.apache.jmeter.testelement.property.AbstractProperty.setName(AbstractProperty.java:72) ~[ApacheJMeter_core.jar:5.6.3]
	at org.apache.jmeter.save.converters.TestElementPropertyConverter.unmarshal(TestElementPropertyConverter.java:100) [ApacheJMeter_core.jar:5.6.3]
	at com.thoughtworks.xstream.core.TreeUnmarshaller.convert(TreeUnmarshaller.java:74) [xstream-1.4.20.jar:1.4.20]
	at com.thoughtworks.xstream.core.AbstractReferenceUnmarshaller.convert(AbstractReferenceUnmarshaller.java:72) [xstream-1.4.20.jar:1.4.20]
	at com.thoughtworks.xstream.core.TreeUnmarshaller.convertAnother(TreeUnmarshaller.java:68) [xstream-1.4.20.jar:1.4.20]
	at com.thoughtworks.xstream.core.TreeUnmarshaller.convertAnother(TreeUnmarshaller.java:52) [xstream-1.4.20.jar:1.4.20]
	at com.thoughtworks.xstream.converters.collections.AbstractCollectionConverter.readBareItem(AbstractCollectionConverter.java:132) [xstream-1.4.20.jar:1.4.20]
	at org.apache.jmeter.save.converters.MultiPropertyConverter.unmarshal(MultiPropertyConverter.java:68) [ApacheJMeter_core.jar:5.6.3]
	at com.thoughtworks.xstream.core.TreeUnmarshaller.convert(TreeUnmarshaller.java:74) [xstream-1.4.20.jar:1.4.20]
	at com.thoughtworks.xstream.core.AbstractReferenceUnmarshaller.convert(AbstractReferenceUnmarshaller.java:72) [xstream-1.4.20.jar:1.4.20]
	at com.thoughtworks.xstream.core.TreeUnmarshaller.convertAnother(TreeUnmarshaller.java:68) [xstream-1.4.20.jar:1.4.20]
	at com.thoughtworks.xstream.core.TreeUnmarshaller.convertAnother(TreeUnmarshaller.java:52) [xstream-1.4.20.jar:1.4.20]
	at com.thoughtworks.xstream.converters.collections.AbstractCollectionConverter.readBareItem(AbstractCollectionConverter.java:132) [xstream-1.4.20.jar:1.4.20]
	at org.apache.jmeter.save.converters.TestElementConverter.unmarshal(TestElementConverter.java:109) [ApacheJMeter_core.jar:5.6.3]
	at com.thoughtworks.xstream.core.TreeUnmarshaller.convert(TreeUnmarshaller.java:74) [xstream-1.4.20.jar:1.4.20]
	at com.thoughtworks.xstream.core.AbstractReferenceUnmarshaller.convert(AbstractReferenceUnmarshaller.java:72) [xstream-1.4.20.jar:1.4.20]
	at com.thoughtworks.xstream.core.TreeUnmarshaller.convertAnother(TreeUnmarshaller.java:68) [xstream-1.4.20.jar:1.4.20]
	at com.thoughtworks.xstream.core.TreeUnmarshaller.convertAnother(TreeUnmarshaller.java:52) [xstream-1.4.20.jar:1.4.20]
	at com.thoughtworks.xstream.converters.collections.AbstractCollectionConverter.readBareItem(AbstractCollectionConverter.java:132) [xstream-1.4.20.jar:1.4.20]
	at org.apache.jmeter.save.converters.HashTreeConverter.unmarshal(HashTreeConverter.java:66) [ApacheJMeter_core.jar:5.6.3]
	at com.thoughtworks.xstream.core.TreeUnmarshaller.convert(TreeUnmarshaller.java:74) [xstream-1.4.20.jar:1.4.20]
	at com.thoughtworks.xstream.core.AbstractReferenceUnmarshaller.convert(AbstractReferenceUnmarshaller.java:72) [xstream-1.4.20.jar:1.4.20]
	at com.thoughtworks.xstream.core.TreeUnmarshaller.convertAnother(TreeUnmarshaller.java:68) [xstream-1.4.20.jar:1.4.20]
	at com.thoughtworks.xstream.core.TreeUnmarshaller.convertAnother(TreeUnmarshaller.java:52) [xstream-1.4.20.jar:1.4.20]
	at com.thoughtworks.xstream.converters.collections.AbstractCollectionConverter.readBareItem(AbstractCollectionConverter.java:132) [xstream-1.4.20.jar:1.4.20]
	at org.apache.jmeter.save.converters.HashTreeConverter.unmarshal(HashTreeConverter.java:66) [ApacheJMeter_core.jar:5.6.3]
	at com.thoughtworks.xstream.core.TreeUnmarshaller.convert(TreeUnmarshaller.java:74) [xstream-1.4.20.jar:1.4.20]
	at com.thoughtworks.xstream.core.AbstractReferenceUnmarshaller.convert(AbstractReferenceUnmarshaller.java:72) [xstream-1.4.20.jar:1.4.20]
	at com.thoughtworks.xstream.core.TreeUnmarshaller.convertAnother(TreeUnmarshaller.java:68) [xstream-1.4.20.jar:1.4.20]
	at com.thoughtworks.xstream.core.TreeUnmarshaller.convertAnother(TreeUnmarshaller.java:52) [xstream-1.4.20.jar:1.4.20]
	at com.thoughtworks.xstream.converters.collections.AbstractCollectionConverter.readBareItem(AbstractCollectionConverter.java:132) [xstream-1.4.20.jar:1.4.20]
	at org.apache.jmeter.save.converters.HashTreeConverter.unmarshal(HashTreeConverter.java:66) [ApacheJMeter_core.jar:5.6.3]
	at com.thoughtworks.xstream.core.TreeUnmarshaller.convert(TreeUnmarshaller.java:74) [xstream-1.4.20.jar:1.4.20]
	at com.thoughtworks.xstream.core.AbstractReferenceUnmarshaller.convert(AbstractReferenceUnmarshaller.java:72) [xstream-1.4.20.jar:1.4.20]
	at com.thoughtworks.xstream.core.TreeUnmarshaller.convertAnother(TreeUnmarshaller.java:68) [xstream-1.4.20.jar:1.4.20]
	at com.thoughtworks.xstream.core.TreeUnmarshaller.convertAnother(TreeUnmarshaller.java:52) [xstream-1.4.20.jar:1.4.20]
	at com.thoughtworks.xstream.converters.collections.AbstractCollectionConverter.readBareItem(AbstractCollectionConverter.java:132) [xstream-1.4.20.jar:1.4.20]
	at org.apache.jmeter.save.converters.HashTreeConverter.unmarshal(HashTreeConverter.java:66) [ApacheJMeter_core.jar:5.6.3]
	at com.thoughtworks.xstream.core.TreeUnmarshaller.convert(TreeUnmarshaller.java:74) [xstream-1.4.20.jar:1.4.20]
	at com.thoughtworks.xstream.core.AbstractReferenceUnmarshaller.convert(AbstractReferenceUnmarshaller.java:72) [xstream-1.4.20.jar:1.4.20]
	at com.thoughtworks.xstream.core.TreeUnmarshaller.convertAnother(TreeUnmarshaller.java:68) [xstream-1.4.20.jar:1.4.20]
	at com.thoughtworks.xstream.core.TreeUnmarshaller.convertAnother(TreeUnmarshaller.java:52) [xstream-1.4.20.jar:1.4.20]
	at org.apache.jmeter.save.ScriptWrapperConverter.unmarshal(ScriptWrapperConverter.java:93) [ApacheJMeter_core.jar:5.6.3]
	at com.thoughtworks.xstream.core.TreeUnmarshaller.convert(TreeUnmarshaller.java:74) [xstream-1.4.20.jar:1.4.20]
	at com.thoughtworks.xstream.core.AbstractReferenceUnmarshaller.convert(AbstractReferenceUnmarshaller.java:72) [xstream-1.4.20.jar:1.4.20]
	at com.thoughtworks.xstream.core.TreeUnmarshaller.convertAnother(TreeUnmarshaller.java:68) [xstream-1.4.20.jar:1.4.20]
	at com.thoughtworks.xstream.core.TreeUnmarshaller.convertAnother(TreeUnmarshaller.java:52) [xstream-1.4.20.jar:1.4.20]
	at com.thoughtworks.xstream.core.TreeUnmarshaller.start(TreeUnmarshaller.java:136) [xstream-1.4.20.jar:1.4.20]
	at com.thoughtworks.xstream.core.AbstractTreeMarshallingStrategy.unmarshal(AbstractTreeMarshallingStrategy.java:32) [xstream-1.4.20.jar:1.4.20]
	at com.thoughtworks.xstream.XStream.unmarshal(XStream.java:1464) [xstream-1.4.20.jar:1.4.20]
	at com.thoughtworks.xstream.XStream.unmarshal(XStream.java:1441) [xstream-1.4.20.jar:1.4.20]
	at com.thoughtworks.xstream.XStream.fromXML(XStream.java:1321) [xstream-1.4.20.jar:1.4.20]
	at org.apache.jmeter.save.SaveService.readTree(SaveService.java:446) [ApacheJMeter_core.jar:5.6.3]
	at org.apache.jmeter.save.SaveService.loadTree(SaveService.java:429) [ApacheJMeter_core.jar:5.6.3]
	at org.apache.jmeter.JMeter.runNonGui(JMeter.java:954) [ApacheJMeter_core.jar:5.6.3]
	at org.apache.jmeter.JMeter.startNonGui(JMeter.java:940) [ApacheJMeter_core.jar:5.6.3]
	at org.apache.jmeter.JMeter.start(JMeter.java:508) [ApacheJMeter_core.jar:5.6.3]
	at java.base/jdk.internal.reflect.DirectMethodHandleAccessor.invoke(DirectMethodHandleAccessor.java:103) ~[?:?]
	at java.base/java.lang.reflect.Method.invoke(Method.java:580) ~[?:?]
	at org.apache.jmeter.NewDriver.main(NewDriver.java:259) [ApacheJMeter.jar:5.6.3]
2026-10-09 09:47:43,851 ERROR o.a.j.s.c.TestElementPropertyConverter: Couldn't unmarshall TestElementProperty
java.lang.IllegalArgumentException: Name cannot be null
	at org.apache.jmeter.testelement.property.AbstractProperty.setName(AbstractProperty.java:72) ~[ApacheJMeter_core.jar:5.6.3]
	at org.apache.jmeter.save.converters.TestElementPropertyConverter.unmarshal(TestElementPropertyConverter.java:100) [ApacheJMeter_core.jar:5.6.3]
	at com.thoughtworks.xstream.core.TreeUnmarshaller.convert(TreeUnmarshaller.java:74) [xstream-1.4.20.jar:1.4.20]
	at com.thoughtworks.xstream.core.AbstractReferenceUnmarshaller.convert(AbstractReferenceUnmarshaller.java:72) [xstream-1.4.20.jar:1.4.20]
	at com.thoughtworks.xstream.core.TreeUnmarshaller.convertAnother(TreeUnmarshaller.java:68) [xstream-1.4.20.jar:1.4.20]
	at com.thoughtworks.xstream.core.TreeUnmarshaller.convertAnother(TreeUnmarshaller.java:52) [xstream-1.4.20.jar:1.4.20]
	at com.thoughtworks.xstream.converters.collections.AbstractCollectionConverter.readBareItem(AbstractCollectionConverter.java:132) [xstream-1.4.20.jar:1.4.20]
	at org.apache.jmeter.save.converters.MultiPropertyConverter.unmarshal(MultiPropertyConverter.java:68) [ApacheJMeter_core.jar:5.6.3]
	at com.thoughtworks.xstream.core.TreeUnmarshaller.convert(TreeUnmarshaller.java:74) [xstream-1.4.20.jar:1.4.20]
	at com.thoughtworks.xstream.core.AbstractReferenceUnmarshaller.convert(AbstractReferenceUnmarshaller.java:72) [xstream-1.4.20.jar:1.4.20]
	at com.thoughtworks.xstream.core.TreeUnmarshaller.convertAnother(TreeUnmarshaller.java:68) [xstream-1.4.20.jar:1.4.20]
	at com.thoughtworks.xstream.core.TreeUnmarshaller.convertAnother(TreeUnmarshaller.java:52) [xstream-1.4.20.jar:1.4.20]
	at com.thoughtworks.xstream.converters.collections.AbstractCollectionConverter.readBareItem(AbstractCollectionConverter.java:132) [xstream-1.4.20.jar:1.4.20]
	at org.apache.jmeter.save.converters.TestElementConverter.unmarshal(TestElementConverter.java:109) [ApacheJMeter_core.jar:5.6.3]
	at com.thoughtworks.xstream.core.TreeUnmarshaller.convert(TreeUnmarshaller.java:74) [xstream-1.4.20.jar:1.4.20]
	at com.thoughtworks.xstream.core.AbstractReferenceUnmarshaller.convert(AbstractReferenceUnmarshaller.java:72) [xstream-1.4.20.jar:1.4.20]
	at com.thoughtworks.xstream.core.TreeUnmarshaller.convertAnother(TreeUnmarshaller.java:68) [xstream-1.4.20.jar:1.4.20]
	at com.thoughtworks.xstream.core.TreeUnmarshaller.convertAnother(TreeUnmarshaller.java:52) [xstream-1.4.20.jar:1.4.20]
	at com.thoughtworks.xstream.converters.collections.AbstractCollectionConverter.readBareItem(AbstractCollectionConverter.java:132) [xstream-1.4.20.jar:1.4.20]
	at org.apache.jmeter.save.converters.HashTreeConverter.unmarshal(HashTreeConverter.java:66) [ApacheJMeter_core.jar:5.6.3]
	at com.thoughtworks.xstream.core.TreeUnmarshaller.convert(TreeUnmarshaller.java:74) [xstream-1.4.20.jar:1.4.20]
	at com.thoughtworks.xstream.core.AbstractReferenceUnmarshaller.convert(AbstractReferenceUnmarshaller.java:72) [xstream-1.4.20.jar:1.4.20]
	at com.thoughtworks.xstream.core.TreeUnmarshaller.convertAnother(TreeUnmarshaller.java:68) [xstream-1.4.20.jar:1.4.20]
	at com.thoughtworks.xstream.core.TreeUnmarshaller.convertAnother(TreeUnmarshaller.java:52) [xstream-1.4.20.jar:1.4.20]
	at com.thoughtworks.xstream.converters.collections.AbstractCollectionConverter.readBareItem(AbstractCollectionConverter.java:132) [xstream-1.4.20.jar:1.4.20]
	at org.apache.jmeter.save.converters.HashTreeConverter.unmarshal(HashTreeConverter.java:66) [ApacheJMeter_core.jar:5.6.3]
	at com.thoughtworks.xstream.core.TreeUnmarshaller.convert(TreeUnmarshaller.java:74) [xstream-1.4.20.jar:1.4.20]
	at com.thoughtworks.xstream.core.AbstractReferenceUnmarshaller.convert(AbstractReferenceUnmarshaller.java:72) [xstream-1.4.20.jar:1.4.20]
	at com.thoughtworks.xstream.core.TreeUnmarshaller.convertAnother(TreeUnmarshaller.java:68) [xstream-1.4.20.jar:1.4.20]
	at com.thoughtworks.xstream.core.TreeUnmarshaller.convertAnother(TreeUnmarshaller.java:52) [xstream-1.4.20.jar:1.4.20]
	at com.thoughtworks.xstream.converters.collections.AbstractCollectionConverter.readBareItem(AbstractCollectionConverter.java:132) [xstream-1.4.20.jar:1.4.20]
	at org.apache.jmeter.save.converters.HashTreeConverter.unmarshal(HashTreeConverter.java:66) [ApacheJMeter_core.jar:5.6.3]
	at com.thoughtworks.xstream.core.TreeUnmarshaller.convert(TreeUnmarshaller.java:74) [xstream-1.4.20.jar:1.4.20]
	at com.thoughtworks.xstream.core.AbstractReferenceUnmarshaller.convert(AbstractReferenceUnmarshaller.java:72) [xstream-1.4.20.jar:1.4.20]
	at com.thoughtworks.xstream.core.TreeUnmarshaller.convertAnother(TreeUnmarshaller.java:68) [xstream-1.4.20.jar:1.4.20]
	at com.thoughtworks.xstream.core.TreeUnmarshaller.convertAnother(TreeUnmarshaller.java:52) [xstream-1.4.20.jar:1.4.20]
	at com.thoughtworks.xstream.converters.collections.AbstractCollectionConverter.readBareItem(AbstractCollectionConverter.java:132) [xstream-1.4.20.jar:1.4.20]
	at org.apache.jmeter.save.converters.HashTreeConverter.unmarshal(HashTreeConverter.java:66) [ApacheJMeter_core.jar:5.6.3]
	at com.thoughtworks.xstream.core.TreeUnmarshaller.convert(TreeUnmarshaller.java:74) [xstream-1.4.20.jar:1.4.20]
	at com.thoughtworks.xstream.core.AbstractReferenceUnmarshaller.convert(AbstractReferenceUnmarshaller.java:72) [xstream-1.4.20.jar:1.4.20]
	at com.thoughtworks.xstream.core.TreeUnmarshaller.convertAnother(TreeUnmarshaller.java:68) [xstream-1.4.20.jar:1.4.20]
	at com.thoughtworks.xstream.core.TreeUnmarshaller.convertAnother(TreeUnmarshaller.java:52) [xstream-1.4.20.jar:1.4.20]
	at org.apache.jmeter.save.ScriptWrapperConverter.unmarshal(ScriptWrapperConverter.java:93) [ApacheJMeter_core.jar:5.6.3]
	at com.thoughtworks.xstream.core.TreeUnmarshaller.convert(TreeUnmarshaller.java:74) [xstream-1.4.20.jar:1.4.20]
	at com.thoughtworks.xstream.core.AbstractReferenceUnmarshaller.convert(AbstractReferenceUnmarshaller.java:72) [xstream-1.4.20.jar:1.4.20]
	at com.thoughtworks.xstream.core.TreeUnmarshaller.convertAnother(TreeUnmarshaller.java:68) [xstream-1.4.20.jar:1.4.20]
	at com.thoughtworks.xstream.core.TreeUnmarshaller.convertAnother(TreeUnmarshaller.java:52) [xstream-1.4.20.jar:1.4.20]
	at com.thoughtworks.xstream.core.TreeUnmarshaller.start(TreeUnmarshaller.java:136) [xstream-1.4.20.jar:1.4.20]
	at com.thoughtworks.xstream.core.AbstractTreeMarshallingStrategy.unmarshal(AbstractTreeMarshallingStrategy.java:32) [xstream-1.4.20.jar:1.4.20]
	at com.thoughtworks.xstream.XStream.unmarshal(XStream.java:1464) [xstream-1.4.20.jar:1.4.20]
	at com.thoughtworks.xstream.XStream.unmarshal(XStream.java:1441) [xstream-1.4.20.jar:1.4.20]
	at com.thoughtworks.xstream.XStream.fromXML(XStream.java:1321) [xstream-1.4.20.jar:1.4.20]
	at org.apache.jmeter.save.SaveService.readTree(SaveService.java:446) [ApacheJMeter_core.jar:5.6.3]
	at org.apache.jmeter.save.SaveService.loadTree(SaveService.java:429) [ApacheJMeter_core.jar:5.6.3]
	at org.apache.jmeter.JMeter.runNonGui(JMeter.java:954) [ApacheJMeter_core.jar:5.6.3]
	at org.apache.jmeter.JMeter.startNonGui(JMeter.java:940) [ApacheJMeter_core.jar:5.6.3]
	at org.apache.jmeter.JMeter.start(JMeter.java:508) [ApacheJMeter_core.jar:5.6.3]
	at java.base/jdk.internal.reflect.DirectMethodHandleAccessor.invoke(DirectMethodHandleAccessor.java:103) ~[?:?]
	at java.base/java.lang.reflect.Method.invoke(Method.java:580) ~[?:?]
	at org.apache.jmeter.NewDriver.main(NewDriver.java:259) [ApacheJMeter.jar:5.6.3]
2026-10-09 09:47:43,853 ERROR o.a.j.s.c.TestElementPropertyConverter: Couldn't unmarshall TestElementProperty
java.lang.IllegalArgumentException: Name cannot be null
	at org.apache.jmeter.testelement.property.AbstractProperty.setName(AbstractProperty.java:72) ~[ApacheJMeter_core.jar:5.6.3]
	at org.apache.jmeter.save.converters.TestElementPropertyConverter.unmarshal(TestElementPropertyConverter.java:100) [ApacheJMeter_core.jar:5.6.3]
	at com.thoughtworks.xstream.core.TreeUnmarshaller.convert(TreeUnmarshaller.java:74) [xstream-1.4.20.jar:1.4.20]
	at com.thoughtworks.xstream.core.AbstractReferenceUnmarshaller.convert(AbstractReferenceUnmarshaller.java:72) [xstream-1.4.20.jar:1.4.20]
	at com.thoughtworks.xstream.core.TreeUnmarshaller.convertAnother(TreeUnmarshaller.java:68) [xstream-1.4.20.jar:1.4.20]
	at com.thoughtworks.xstream.core.TreeUnmarshaller.convertAnother(TreeUnmarshaller.java:52) [xstream-1.4.20.jar:1.4.20]
	at com.thoughtworks.xstream.converters.collections.AbstractCollectionConverter.readBareItem(AbstractCollectionConverter.java:132) [xstream-1.4.20.jar:1.4.20]
	at org.apache.jmeter.save.converters.MultiPropertyConverter.unmarshal(MultiPropertyConverter.java:68) [ApacheJMeter_core.jar:5.6.3]
	at com.thoughtworks.xstream.core.TreeUnmarshaller.convert(TreeUnmarshaller.java:74) [xstream-1.4.20.jar:1.4.20]
	at com.thoughtworks.xstream.core.AbstractReferenceUnmarshaller.convert(AbstractReferenceUnmarshaller.java:72) [xstream-1.4.20.jar:1.4.20]
	at com.thoughtworks.xstream.core.TreeUnmarshaller.convertAnother(TreeUnmarshaller.java:68) [xstream-1.4.20.jar:1.4.20]
	at com.thoughtworks.xstream.core.TreeUnmarshaller.convertAnother(TreeUnmarshaller.java:52) [xstream-1.4.20.jar:1.4.20]
	at com.thoughtworks.xstream.converters.collections.AbstractCollectionConverter.readBareItem(AbstractCollectionConverter.java:132) [xstream-1.4.20.jar:1.4.20]
	at org.apache.jmeter.save.converters.TestElementConverter.unmarshal(TestElementConverter.java:109) [ApacheJMeter_core.jar:5.6.3]
	at com.thoughtworks.xstream.core.TreeUnmarshaller.convert(TreeUnmarshaller.java:74) [xstream-1.4.20.jar:1.4.20]
	at com.thoughtworks.xstream.core.AbstractReferenceUnmarshaller.convert(AbstractReferenceUnmarshaller.java:72) [xstream-1.4.20.jar:1.4.20]
	at com.thoughtworks.xstream.core.TreeUnmarshaller.convertAnother(TreeUnmarshaller.java:68) [xstream-1.4.20.jar:1.4.20]
	at com.thoughtworks.xstream.core.TreeUnmarshaller.convertAnother(TreeUnmarshaller.java:52) [xstream-1.4.20.jar:1.4.20]
	at com.thoughtworks.xstream.converters.collections.AbstractCollectionConverter.readBareItem(AbstractCollectionConverter.java:132) [xstream-1.4.20.jar:1.4.20]
	at org.apache.jmeter.save.converters.HashTreeConverter.unmarshal(HashTreeConverter.java:66) [ApacheJMeter_core.jar:5.6.3]
	at com.thoughtworks.xstream.core.TreeUnmarshaller.convert(TreeUnmarshaller.java:74) [xstream-1.4.20.jar:1.4.20]
	at com.thoughtworks.xstream.core.AbstractReferenceUnmarshaller.convert(AbstractReferenceUnmarshaller.java:72) [xstream-1.4.20.jar:1.4.20]
	at com.thoughtworks.xstream.core.TreeUnmarshaller.convertAnother(TreeUnmarshaller.java:68) [xstream-1.4.20.jar:1.4.20]
	at com.thoughtworks.xstream.core.TreeUnmarshaller.convertAnother(TreeUnmarshaller.java:52) [xstream-1.4.20.jar:1.4.20]
	at com.thoughtworks.xstream.converters.collections.AbstractCollectionConverter.readBareItem(AbstractCollectionConverter.java:132) [xstream-1.4.20.jar:1.4.20]
	at org.apache.jmeter.save.converters.HashTreeConverter.unmarshal(HashTreeConverter.java:66) [ApacheJMeter_core.jar:5.6.3]
	at com.thoughtworks.xstream.core.TreeUnmarshaller.convert(TreeUnmarshaller.java:74) [xstream-1.4.20.jar:1.4.20]
	at com.thoughtworks.xstream.core.AbstractReferenceUnmarshaller.convert(AbstractReferenceUnmarshaller.java:72) [xstream-1.4.20.jar:1.4.20]
	at com.thoughtworks.xstream.core.TreeUnmarshaller.convertAnother(TreeUnmarshaller.java:68) [xstream-1.4.20.jar:1.4.20]
	at com.thoughtworks.xstream.core.TreeUnmarshaller.convertAnother(TreeUnmarshaller.java:52) [xstream-1.4.20.jar:1.4.20]
	at com.thoughtworks.xstream.converters.collections.AbstractCollectionConverter.readBareItem(AbstractCollectionConverter.java:132) [xstream-1.4.20.jar:1.4.20]
	at org.apache.jmeter.save.converters.HashTreeConverter.unmarshal(HashTreeConverter.java:66) [ApacheJMeter_core.jar:5.6.3]
	at com.thoughtworks.xstream.core.TreeUnmarshaller.convert(TreeUnmarshaller.java:74) [xstream-1.4.20.jar:1.4.20]
	at com.thoughtworks.xstream.core.AbstractReferenceUnmarshaller.convert(AbstractReferenceUnmarshaller.java:72) [xstream-1.4.20.jar:1.4.20]
	at com.thoughtworks.xstream.core.TreeUnmarshaller.convertAnother(TreeUnmarshaller.java:68) [xstream-1.4.20.jar:1.4.20]
	at com.thoughtworks.xstream.core.TreeUnmarshaller.convertAnother(TreeUnmarshaller.java:52) [xstream-1.4.20.jar:1.4.20]
	at com.thoughtworks.xstream.converters.collections.AbstractCollectionConverter.readBareItem(AbstractCollectionConverter.java:132) [xstream-1.4.20.jar:1.4.20]
	at org.apache.jmeter.save.converters.HashTreeConverter.unmarshal(HashTreeConverter.java:66) [ApacheJMeter_core.jar:5.6.3]
	at com.thoughtworks.xstream.core.TreeUnmarshaller.convert(TreeUnmarshaller.java:74) [xstream-1.4.20.jar:1.4.20]
	at com.thoughtworks.xstream.core.AbstractReferenceUnmarshaller.convert(AbstractReferenceUnmarshaller.java:72) [xstream-1.4.20.jar:1.4.20]
	at com.thoughtworks.xstream.core.TreeUnmarshaller.convertAnother(TreeUnmarshaller.java:68) [xstream-1.4.20.jar:1.4.20]
	at com.thoughtworks.xstream.core.TreeUnmarshaller.convertAnother(TreeUnmarshaller.java:52) [xstream-1.4.20.jar:1.4.20]
	at org.apache.jmeter.save.ScriptWrapperConverter.unmarshal(ScriptWrapperConverter.java:93) [ApacheJMeter_core.jar:5.6.3]
	at com.thoughtworks.xstream.core.TreeUnmarshaller.convert(TreeUnmarshaller.java:74) [xstream-1.4.20.jar:1.4.20]
	at com.thoughtworks.xstream.core.AbstractReferenceUnmarshaller.convert(AbstractReferenceUnmarshaller.java:72) [xstream-1.4.20.jar:1.4.20]
	at com.thoughtworks.xstream.core.TreeUnmarshaller.convertAnother(TreeUnmarshaller.java:68) [xstream-1.4.20.jar:1.4.20]
	at com.thoughtworks.xstream.core.TreeUnmarshaller.convertAnother(TreeUnmarshaller.java:52) [xstream-1.4.20.jar:1.4.20]
	at com.thoughtworks.xstream.core.TreeUnmarshaller.start(TreeUnmarshaller.java:136) [xstream-1.4.20.jar:1.4.20]
	at com.thoughtworks.xstream.core.AbstractTreeMarshallingStrategy.unmarshal(AbstractTreeMarshallingStrategy.java:32) [xstream-1.4.20.jar:1.4.20]
	at com.thoughtworks.xstream.XStream.unmarshal(XStream.java:1464) [xstream-1.4.20.jar:1.4.20]
	at com.thoughtworks.xstream.XStream.unmarshal(XStream.java:1441) [xstream-1.4.20.jar:1.4.20]
	at com.thoughtworks.xstream.XStream.fromXML(XStream.java:1321) [xstream-1.4.20.jar:1.4.20]
	at org.apache.jmeter.save.SaveService.readTree(SaveService.java:446) [ApacheJMeter_core.jar:5.6.3]
	at org.apache.jmeter.save.SaveService.loadTree(SaveService.java:429) [ApacheJMeter_core.jar:5.6.3]
	at org.apache.jmeter.JMeter.runNonGui(JMeter.java:954) [ApacheJMeter_core.jar:5.6.3]
	at org.apache.jmeter.JMeter.startNonGui(JMeter.java:940) [ApacheJMeter_core.jar:5.6.3]
	at org.apache.jmeter.JMeter.start(JMeter.java:508) [ApacheJMeter_core.jar:5.6.3]
	at java.base/jdk.internal.reflect.DirectMethodHandleAccessor.invoke(DirectMethodHandleAccessor.java:103) ~[?:?]
	at java.base/java.lang.reflect.Method.invoke(Method.java:580) ~[?:?]
	at org.apache.jmeter.NewDriver.main(NewDriver.java:259) [ApacheJMeter.jar:5.6.3]
2026-10-09 09:47:43,854 ERROR o.a.j.s.c.TestElementPropertyConverter: Couldn't unmarshall TestElementProperty
java.lang.IllegalArgumentException: Name cannot be null
	at org.apache.jmeter.testelement.property.AbstractProperty.setName(AbstractProperty.java:72) ~[ApacheJMeter_core.jar:5.6.3]
	at org.apache.jmeter.save.converters.TestElementPropertyConverter.unmarshal(TestElementPropertyConverter.java:100) [ApacheJMeter_core.jar:5.6.3]
	at com.thoughtworks.xstream.core.TreeUnmarshaller.convert(TreeUnmarshaller.java:74) [xstream-1.4.20.jar:1.4.20]
	at com.thoughtworks.xstream.core.AbstractReferenceUnmarshaller.convert(AbstractReferenceUnmarshaller.java:72) [xstream-1.4.20.jar:1.4.20]
	at com.thoughtworks.xstream.core.TreeUnmarshaller.convertAnother(TreeUnmarshaller.java:68) [xstream-1.4.20.jar:1.4.20]
	at com.thoughtworks.xstream.core.TreeUnmarshaller.convertAnother(TreeUnmarshaller.java:52) [xstream-1.4.20.jar:1.4.20]
	at com.thoughtworks.xstream.converters.collections.AbstractCollectionConverter.readBareItem(AbstractCollectionConverter.java:132) [xstream-1.4.20.jar:1.4.20]
	at org.apache.jmeter.save.converters.MultiPropertyConverter.unmarshal(MultiPropertyConverter.java:68) [ApacheJMeter_core.jar:5.6.3]
	at com.thoughtworks.xstream.core.TreeUnmarshaller.convert(TreeUnmarshaller.java:74) [xstream-1.4.20.jar:1.4.20]
	at com.thoughtworks.xstream.core.AbstractReferenceUnmarshaller.convert(AbstractReferenceUnmarshaller.java:72) [xstream-1.4.20.jar:1.4.20]
	at com.thoughtworks.xstream.core.TreeUnmarshaller.convertAnother(TreeUnmarshaller.java:68) [xstream-1.4.20.jar:1.4.20]
	at com.thoughtworks.xstream.core.TreeUnmarshaller.convertAnother(TreeUnmarshaller.java:52) [xstream-1.4.20.jar:1.4.20]
	at com.thoughtworks.xstream.converters.collections.AbstractCollectionConverter.readBareItem(AbstractCollectionConverter.java:132) [xstream-1.4.20.jar:1.4.20]
	at org.apache.jmeter.save.converters.TestElementConverter.unmarshal(TestElementConverter.java:109) [ApacheJMeter_core.jar:5.6.3]
	at com.thoughtworks.xstream.core.TreeUnmarshaller.convert(TreeUnmarshaller.java:74) [xstream-1.4.20.jar:1.4.20]
	at com.thoughtworks.xstream.core.AbstractReferenceUnmarshaller.convert(AbstractReferenceUnmarshaller.java:72) [xstream-1.4.20.jar:1.4.20]
	at com.thoughtworks.xstream.core.TreeUnmarshaller.convertAnother(TreeUnmarshaller.java:68) [xstream-1.4.20.jar:1.4.20]
	at com.thoughtworks.xstream.core.TreeUnmarshaller.convertAnother(TreeUnmarshaller.java:52) [xstream-1.4.20.jar:1.4.20]
	at com.thoughtworks.xstream.converters.collections.AbstractCollectionConverter.readBareItem(AbstractCollectionConverter.java:132) [xstream-1.4.20.jar:1.4.20]
	at org.apache.jmeter.save.converters.HashTreeConverter.unmarshal(HashTreeConverter.java:66) [ApacheJMeter_core.jar:5.6.3]
	at com.thoughtworks.xstream.core.TreeUnmarshaller.convert(TreeUnmarshaller.java:74) [xstream-1.4.20.jar:1.4.20]
	at com.thoughtworks.xstream.core.AbstractReferenceUnmarshaller.convert(AbstractReferenceUnmarshaller.java:72) [xstream-1.4.20.jar:1.4.20]
	at com.thoughtworks.xstream.core.TreeUnmarshaller.convertAnother(TreeUnmarshaller.java:68) [xstream-1.4.20.jar:1.4.20]
	at com.thoughtworks.xstream.core.TreeUnmarshaller.convertAnother(TreeUnmarshaller.java:52) [xstream-1.4.20.jar:1.4.20]
	at com.thoughtworks.xstream.converters.collections.AbstractCollectionConverter.readBareItem(AbstractCollectionConverter.java:132) [xstream-1.4.20.jar:1.4.20]
	at org.apache.jmeter.save.converters.HashTreeConverter.unmarshal(HashTreeConverter.java:66) [ApacheJMeter_core.jar:5.6.3]
	at com.thoughtworks.xstream.core.TreeUnmarshaller.convert(TreeUnmarshaller.java:74) [xstream-1.4.20.jar:1.4.20]
	at com.thoughtworks.xstream.core.AbstractReferenceUnmarshaller.convert(AbstractReferenceUnmarshaller.java:72) [xstream-1.4.20.jar:1.4.20]
	at com.thoughtworks.xstream.core.TreeUnmarshaller.convertAnother(TreeUnmarshaller.java:68) [xstream-1.4.20.jar:1.4.20]
	at com.thoughtworks.xstream.core.TreeUnmarshaller.convertAnother(TreeUnmarshaller.java:52) [xstream-1.4.20.jar:1.4.20]
	at com.thoughtworks.xstream.converters.collections.AbstractCollectionConverter.readBareItem(AbstractCollectionConverter.java:132) [xstream-1.4.20.jar:1.4.20]
	at org.apache.jmeter.save.converters.HashTreeConverter.unmarshal(HashTreeConverter.java:66) [ApacheJMeter_core.jar:5.6.3]
	at com.thoughtworks.xstream.core.TreeUnmarshaller.convert(TreeUnmarshaller.java:74) [xstream-1.4.20.jar:1.4.20]
	at com.thoughtworks.xstream.core.AbstractReferenceUnmarshaller.convert(AbstractReferenceUnmarshaller.java:72) [xstream-1.4.20.jar:1.4.20]
	at com.thoughtworks.xstream.core.TreeUnmarshaller.convertAnother(TreeUnmarshaller.java:68) [xstream-1.4.20.jar:1.4.20]
	at com.thoughtworks.xstream.core.TreeUnmarshaller.convertAnother(TreeUnmarshaller.java:52) [xstream-1.4.20.jar:1.4.20]
	at com.thoughtworks.xstream.converters.collections.AbstractCollectionConverter.readBareItem(AbstractCollectionConverter.java:132) [xstream-1.4.20.jar:1.4.20]
	at org.apache.jmeter.save.converters.HashTreeConverter.unmarshal(HashTreeConverter.java:66) [ApacheJMeter_core.jar:5.6.3]
	at com.thoughtworks.xstream.core.TreeUnmarshaller.convert(TreeUnmarshaller.java:74) [xstream-1.4.20.jar:1.4.20]
	at com.thoughtworks.xstream.core.AbstractReferenceUnmarshaller.convert(AbstractReferenceUnmarshaller.java:72) [xstream-1.4.20.jar:1.4.20]
	at com.thoughtworks.xstream.core.TreeUnmarshaller.convertAnother(TreeUnmarshaller.java:68) [xstream-1.4.20.jar:1.4.20]
	at com.thoughtworks.xstream.core.TreeUnmarshaller.convertAnother(TreeUnmarshaller.java:52) [xstream-1.4.20.jar:1.4.20]
	at org.apache.jmeter.save.ScriptWrapperConverter.unmarshal(ScriptWrapperConverter.java:93) [ApacheJMeter_core.jar:5.6.3]
	at com.thoughtworks.xstream.core.TreeUnmarshaller.convert(TreeUnmarshaller.java:74) [xstream-1.4.20.jar:1.4.20]
	at com.thoughtworks.xstream.core.AbstractReferenceUnmarshaller.convert(AbstractReferenceUnmarshaller.java:72) [xstream-1.4.20.jar:1.4.20]
	at com.thoughtworks.xstream.core.TreeUnmarshaller.convertAnother(TreeUnmarshaller.java:68) [xstream-1.4.20.jar:1.4.20]
	at com.thoughtworks.xstream.core.TreeUnmarshaller.convertAnother(TreeUnmarshaller.java:52) [xstream-1.4.20.jar:1.4.20]
	at com.thoughtworks.xstream.core.TreeUnmarshaller.start(TreeUnmarshaller.java:136) [xstream-1.4.20.jar:1.4.20]
	at com.thoughtworks.xstream.core.AbstractTreeMarshallingStrategy.unmarshal(AbstractTreeMarshallingStrategy.java:32) [xstream-1.4.20.jar:1.4.20]
	at com.thoughtworks.xstream.XStream.unmarshal(XStream.java:1464) [xstream-1.4.20.jar:1.4.20]
	at com.thoughtworks.xstream.XStream.unmarshal(XStream.java:1441) [xstream-1.4.20.jar:1.4.20]
	at com.thoughtworks.xstream.XStream.fromXML(XStream.java:1321) [xstream-1.4.20.jar:1.4.20]
	at org.apache.jmeter.save.SaveService.readTree(SaveService.java:446) [ApacheJMeter_core.jar:5.6.3]
	at org.apache.jmeter.save.SaveService.loadTree(SaveService.java:429) [ApacheJMeter_core.jar:5.6.3]
	at org.apache.jmeter.JMeter.runNonGui(JMeter.java:954) [ApacheJMeter_core.jar:5.6.3]
	at org.apache.jmeter.JMeter.startNonGui(JMeter.java:940) [ApacheJMeter_core.jar:5.6.3]
	at org.apache.jmeter.JMeter.start(JMeter.java:508) [ApacheJMeter_core.jar:5.6.3]
	at java.base/jdk.internal.reflect.DirectMethodHandleAccessor.invoke(DirectMethodHandleAccessor.java:103) ~[?:?]
	at java.base/java.lang.reflect.Method.invoke(Method.java:580) ~[?:?]
	at org.apache.jmeter.NewDriver.main(NewDriver.java:259) [ApacheJMeter.jar:5.6.3]
2026-10-09 09:47:43,856 ERROR o.a.j.s.c.TestElementPropertyConverter: Couldn't unmarshall TestElementProperty
java.lang.IllegalArgumentException: Name cannot be null
	at org.apache.jmeter.testelement.property.AbstractProperty.setName(AbstractProperty.java:72) ~[ApacheJMeter_core.jar:5.6.3]
	at org.apache.jmeter.save.converters.TestElementPropertyConverter.unmarshal(TestElementPropertyConverter.java:100) [ApacheJMeter_core.jar:5.6.3]
	at com.thoughtworks.xstream.core.TreeUnmarshaller.convert(TreeUnmarshaller.java:74) [xstream-1.4.20.jar:1.4.20]
	at com.thoughtworks.xstream.core.AbstractReferenceUnmarshaller.convert(AbstractReferenceUnmarshaller.java:72) [xstream-1.4.20.jar:1.4.20]
	at com.thoughtworks.xstream.core.TreeUnmarshaller.convertAnother(TreeUnmarshaller.java:68) [xstream-1.4.20.jar:1.4.20]
	at com.thoughtworks.xstream.core.TreeUnmarshaller.convertAnother(TreeUnmarshaller.java:52) [xstream-1.4.20.jar:1.4.20]
	at com.thoughtworks.xstream.converters.collections.AbstractCollectionConverter.readBareItem(AbstractCollectionConverter.java:132) [xstream-1.4.20.jar:1.4.20]
	at org.apache.jmeter.save.converters.MultiPropertyConverter.unmarshal(MultiPropertyConverter.java:68) [ApacheJMeter_core.jar:5.6.3]
	at com.thoughtworks.xstream.core.TreeUnmarshaller.convert(TreeUnmarshaller.java:74) [xstream-1.4.20.jar:1.4.20]
	at com.thoughtworks.xstream.core.AbstractReferenceUnmarshaller.convert(AbstractReferenceUnmarshaller.java:72) [xstream-1.4.20.jar:1.4.20]
	at com.thoughtworks.xstream.core.TreeUnmarshaller.convertAnother(TreeUnmarshaller.java:68) [xstream-1.4.20.jar:1.4.20]
	at com.thoughtworks.xstream.core.TreeUnmarshaller.convertAnother(TreeUnmarshaller.java:52) [xstream-1.4.20.jar:1.4.20]
	at com.thoughtworks.xstream.converters.collections.AbstractCollectionConverter.readBareItem(AbstractCollectionConverter.java:132) [xstream-1.4.20.jar:1.4.20]
	at org.apache.jmeter.save.converters.TestElementConverter.unmarshal(TestElementConverter.java:109) [ApacheJMeter_core.jar:5.6.3]
	at com.thoughtworks.xstream.core.TreeUnmarshaller.convert(TreeUnmarshaller.java:74) [xstream-1.4.20.jar:1.4.20]
	at com.thoughtworks.xstream.core.AbstractReferenceUnmarshaller.convert(AbstractReferenceUnmarshaller.java:72) [xstream-1.4.20.jar:1.4.20]
	at com.thoughtworks.xstream.core.TreeUnmarshaller.convertAnother(TreeUnmarshaller.java:68) [xstream-1.4.20.jar:1.4.20]
	at com.thoughtworks.xstream.core.TreeUnmarshaller.convertAnother(TreeUnmarshaller.java:52) [xstream-1.4.20.jar:1.4.20]
	at com.thoughtworks.xstream.converters.collections.AbstractCollectionConverter.readBareItem(AbstractCollectionConverter.java:132) [xstream-1.4.20.jar:1.4.20]
	at org.apache.jmeter.save.converters.HashTreeConverter.unmarshal(HashTreeConverter.java:66) [ApacheJMeter_core.jar:5.6.3]
	at com.thoughtworks.xstream.core.TreeUnmarshaller.convert(TreeUnmarshaller.java:74) [xstream-1.4.20.jar:1.4.20]
	at com.thoughtworks.xstream.core.AbstractReferenceUnmarshaller.convert(AbstractReferenceUnmarshaller.java:72) [xstream-1.4.20.jar:1.4.20]
	at com.thoughtworks.xstream.core.TreeUnmarshaller.convertAnother(TreeUnmarshaller.java:68) [xstream-1.4.20.jar:1.4.20]
	at com.thoughtworks.xstream.core.TreeUnmarshaller.convertAnother(TreeUnmarshaller.java:52) [xstream-1.4.20.jar:1.4.20]
	at com.thoughtworks.xstream.converters.collections.AbstractCollectionConverter.readBareItem(AbstractCollectionConverter.java:132) [xstream-1.4.20.jar:1.4.20]
	at org.apache.jmeter.save.converters.HashTreeConverter.unmarshal(HashTreeConverter.java:66) [ApacheJMeter_core.jar:5.6.3]
	at com.thoughtworks.xstream.core.TreeUnmarshaller.convert(TreeUnmarshaller.java:74) [xstream-1.4.20.jar:1.4.20]
	at com.thoughtworks.xstream.core.AbstractReferenceUnmarshaller.convert(AbstractReferenceUnmarshaller.java:72) [xstream-1.4.20.jar:1.4.20]
	at com.thoughtworks.xstream.core.TreeUnmarshaller.convertAnother(TreeUnmarshaller.java:68) [xstream-1.4.20.jar:1.4.20]
	at com.thoughtworks.xstream.core.TreeUnmarshaller.convertAnother(TreeUnmarshaller.java:52) [xstream-1.4.20.jar:1.4.20]
	at com.thoughtworks.xstream.converters.collections.AbstractCollectionConverter.readBareItem(AbstractCollectionConverter.java:132) [xstream-1.4.20.jar:1.4.20]
	at org.apache.jmeter.save.converters.HashTreeConverter.unmarshal(HashTreeConverter.java:66) [ApacheJMeter_core.jar:5.6.3]
	at com.thoughtworks.xstream.core.TreeUnmarshaller.convert(TreeUnmarshaller.java:74) [xstream-1.4.20.jar:1.4.20]
	at com.thoughtworks.xstream.core.AbstractReferenceUnmarshaller.convert(AbstractReferenceUnmarshaller.java:72) [xstream-1.4.20.jar:1.4.20]
	at com.thoughtworks.xstream.core.TreeUnmarshaller.convertAnother(TreeUnmarshaller.java:68) [xstream-1.4.20.jar:1.4.20]
	at com.thoughtworks.xstream.core.TreeUnmarshaller.convertAnother(TreeUnmarshaller.java:52) [xstream-1.4.20.jar:1.4.20]
	at com.thoughtworks.xstream.converters.collections.AbstractCollectionConverter.readBareItem(AbstractCollectionConverter.java:132) [xstream-1.4.20.jar:1.4.20]
	at org.apache.jmeter.save.converters.HashTreeConverter.unmarshal(HashTreeConverter.java:66) [ApacheJMeter_core.jar:5.6.3]
	at com.thoughtworks.xstream.core.TreeUnmarshaller.convert(TreeUnmarshaller.java:74) [xstream-1.4.20.jar:1.4.20]
	at com.thoughtworks.xstream.core.AbstractReferenceUnmarshaller.convert(AbstractReferenceUnmarshaller.java:72) [xstream-1.4.20.jar:1.4.20]
	at com.thoughtworks.xstream.core.TreeUnmarshaller.convertAnother(TreeUnmarshaller.java:68) [xstream-1.4.20.jar:1.4.20]
	at com.thoughtworks.xstream.core.TreeUnmarshaller.convertAnother(TreeUnmarshaller.java:52) [xstream-1.4.20.jar:1.4.20]
	at org.apache.jmeter.save.ScriptWrapperConverter.unmarshal(ScriptWrapperConverter.java:93) [ApacheJMeter_core.jar:5.6.3]
	at com.thoughtworks.xstream.core.TreeUnmarshaller.convert(TreeUnmarshaller.java:74) [xstream-1.4.20.jar:1.4.20]
	at com.thoughtworks.xstream.core.AbstractReferenceUnmarshaller.convert(AbstractReferenceUnmarshaller.java:72) [xstream-1.4.20.jar:1.4.20]
	at com.thoughtworks.xstream.core.TreeUnmarshaller.convertAnother(TreeUnmarshaller.java:68) [xstream-1.4.20.jar:1.4.20]
	at com.thoughtworks.xstream.core.TreeUnmarshaller.convertAnother(TreeUnmarshaller.java:52) [xstream-1.4.20.jar:1.4.20]
	at com.thoughtworks.xstream.core.TreeUnmarshaller.start(TreeUnmarshaller.java:136) [xstream-1.4.20.jar:1.4.20]
	at com.thoughtworks.xstream.core.AbstractTreeMarshallingStrategy.unmarshal(AbstractTreeMarshallingStrategy.java:32) [xstream-1.4.20.jar:1.4.20]
	at com.thoughtworks.xstream.XStream.unmarshal(XStream.java:1464) [xstream-1.4.20.jar:1.4.20]
	at com.thoughtworks.xstream.XStream.unmarshal(XStream.java:1441) [xstream-1.4.20.jar:1.4.20]
	at com.thoughtworks.xstream.XStream.fromXML(XStream.java:1321) [xstream-1.4.20.jar:1.4.20]
	at org.apache.jmeter.save.SaveService.readTree(SaveService.java:446) [ApacheJMeter_core.jar:5.6.3]
	at org.apache.jmeter.save.SaveService.loadTree(SaveService.java:429) [ApacheJMeter_core.jar:5.6.3]
	at org.apache.jmeter.JMeter.runNonGui(JMeter.java:954) [ApacheJMeter_core.jar:5.6.3]
	at org.apache.jmeter.JMeter.startNonGui(JMeter.java:940) [ApacheJMeter_core.jar:5.6.3]
	at org.apache.jmeter.JMeter.start(JMeter.java:508) [ApacheJMeter_core.jar:5.6.3]
	at java.base/jdk.internal.reflect.DirectMethodHandleAccessor.invoke(DirectMethodHandleAccessor.java:103) ~[?:?]
	at java.base/java.lang.reflect.Method.invoke(Method.java:580) ~[?:?]
	at org.apache.jmeter.NewDriver.main(NewDriver.java:259) [ApacheJMeter.jar:5.6.3]
2026-10-09 09:47:43,856 ERROR o.a.j.s.c.TestElementPropertyConverter: Couldn't unmarshall TestElementProperty
java.lang.IllegalArgumentException: Name cannot be null
	at org.apache.jmeter.testelement.property.AbstractProperty.setName(AbstractProperty.java:72) ~[ApacheJMeter_core.jar:5.6.3]
	at org.apache.jmeter.save.converters.TestElementPropertyConverter.unmarshal(TestElementPropertyConverter.java:100) [ApacheJMeter_core.jar:5.6.3]
	at com.thoughtworks.xstream.core.TreeUnmarshaller.convert(TreeUnmarshaller.java:74) [xstream-1.4.20.jar:1.4.20]
	at com.thoughtworks.xstream.core.AbstractReferenceUnmarshaller.convert(AbstractReferenceUnmarshaller.java:72) [xstream-1.4.20.jar:1.4.20]
	at com.thoughtworks.xstream.core.TreeUnmarshaller.convertAnother(TreeUnmarshaller.java:68) [xstream-1.4.20.jar:1.4.20]
	at com.thoughtworks.xstream.core.TreeUnmarshaller.convertAnother(TreeUnmarshaller.java:52) [xstream-1.4.20.jar:1.4.20]
	at com.thoughtworks.xstream.converters.collections.AbstractCollectionConverter.readBareItem(AbstractCollectionConverter.java:132) [xstream-1.4.20.jar:1.4.20]
	at org.apache.jmeter.save.converters.MultiPropertyConverter.unmarshal(MultiPropertyConverter.java:68) [ApacheJMeter_core.jar:5.6.3]
	at com.thoughtworks.xstream.core.TreeUnmarshaller.convert(TreeUnmarshaller.java:74) [xstream-1.4.20.jar:1.4.20]
	at com.thoughtworks.xstream.core.AbstractReferenceUnmarshaller.convert(AbstractReferenceUnmarshaller.java:72) [xstream-1.4.20.jar:1.4.20]
	at com.thoughtworks.xstream.core.TreeUnmarshaller.convertAnother(TreeUnmarshaller.java:68) [xstream-1.4.20.jar:1.4.20]
	at com.thoughtworks.xstream.core.TreeUnmarshaller.convertAnother(TreeUnmarshaller.java:52) [xstream-1.4.20.jar:1.4.20]
	at com.thoughtworks.xstream.converters.collections.AbstractCollectionConverter.readBareItem(AbstractCollectionConverter.java:132) [xstream-1.4.20.jar:1.4.20]
	at org.apache.jmeter.save.converters.TestElementConverter.unmarshal(TestElementConverter.java:109) [ApacheJMeter_core.jar:5.6.3]
	at com.thoughtworks.xstream.core.TreeUnmarshaller.convert(TreeUnmarshaller.java:74) [xstream-1.4.20.jar:1.4.20]
	at com.thoughtworks.xstream.core.AbstractReferenceUnmarshaller.convert(AbstractReferenceUnmarshaller.java:72) [xstream-1.4.20.jar:1.4.20]
	at com.thoughtworks.xstream.core.TreeUnmarshaller.convertAnother(TreeUnmarshaller.java:68) [xstream-1.4.20.jar:1.4.20]
	at com.thoughtworks.xstream.core.TreeUnmarshaller.convertAnother(TreeUnmarshaller.java:52) [xstream-1.4.20.jar:1.4.20]
	at com.thoughtworks.xstream.converters.collections.AbstractCollectionConverter.readBareItem(AbstractCollectionConverter.java:132) [xstream-1.4.20.jar:1.4.20]
	at org.apache.jmeter.save.converters.HashTreeConverter.unmarshal(HashTreeConverter.java:66) [ApacheJMeter_core.jar:5.6.3]
	at com.thoughtworks.xstream.core.TreeUnmarshaller.convert(TreeUnmarshaller.java:74) [xstream-1.4.20.jar:1.4.20]
	at com.thoughtworks.xstream.core.AbstractReferenceUnmarshaller.convert(AbstractReferenceUnmarshaller.java:72) [xstream-1.4.20.jar:1.4.20]
	at com.thoughtworks.xstream.core.TreeUnmarshaller.convertAnother(TreeUnmarshaller.java:68) [xstream-1.4.20.jar:1.4.20]
	at com.thoughtworks.xstream.core.TreeUnmarshaller.convertAnother(TreeUnmarshaller.java:52) [xstream-1.4.20.jar:1.4.20]
	at com.thoughtworks.xstream.converters.collections.AbstractCollectionConverter.readBareItem(AbstractCollectionConverter.java:132) [xstream-1.4.20.jar:1.4.20]
	at org.apache.jmeter.save.converters.HashTreeConverter.unmarshal(HashTreeConverter.java:66) [ApacheJMeter_core.jar:5.6.3]
	at com.thoughtworks.xstream.core.TreeUnmarshaller.convert(TreeUnmarshaller.java:74) [xstream-1.4.20.jar:1.4.20]
	at com.thoughtworks.xstream.core.AbstractReferenceUnmarshaller.convert(AbstractReferenceUnmarshaller.java:72) [xstream-1.4.20.jar:1.4.20]
	at com.thoughtworks.xstream.core.TreeUnmarshaller.convertAnother(TreeUnmarshaller.java:68) [xstream-1.4.20.jar:1.4.20]
	at com.thoughtworks.xstream.core.TreeUnmarshaller.convertAnother(TreeUnmarshaller.java:52) [xstream-1.4.20.jar:1.4.20]
	at com.thoughtworks.xstream.converters.collections.AbstractCollectionConverter.readBareItem(AbstractCollectionConverter.java:132) [xstream-1.4.20.jar:1.4.20]
	at org.apache.jmeter.save.converters.HashTreeConverter.unmarshal(HashTreeConverter.java:66) [ApacheJMeter_core.jar:5.6.3]
	at com.thoughtworks.xstream.core.TreeUnmarshaller.convert(TreeUnmarshaller.java:74) [xstream-1.4.20.jar:1.4.20]
	at com.thoughtworks.xstream.core.AbstractReferenceUnmarshaller.convert(AbstractReferenceUnmarshaller.java:72) [xstream-1.4.20.jar:1.4.20]
	at com.thoughtworks.xstream.core.TreeUnmarshaller.convertAnother(TreeUnmarshaller.java:68) [xstream-1.4.20.jar:1.4.20]
	at com.thoughtworks.xstream.core.TreeUnmarshaller.convertAnother(TreeUnmarshaller.java:52) [xstream-1.4.20.jar:1.4.20]
	at com.thoughtworks.xstream.converters.collections.AbstractCollectionConverter.readBareItem(AbstractCollectionConverter.java:132) [xstream-1.4.20.jar:1.4.20]
	at org.apache.jmeter.save.converters.HashTreeConverter.unmarshal(HashTreeConverter.java:66) [ApacheJMeter_core.jar:5.6.3]
	at com.thoughtworks.xstream.core.TreeUnmarshaller.convert(TreeUnmarshaller.java:74) [xstream-1.4.20.jar:1.4.20]
	at com.thoughtworks.xstream.core.AbstractReferenceUnmarshaller.convert(AbstractReferenceUnmarshaller.java:72) [xstream-1.4.20.jar:1.4.20]
	at com.thoughtworks.xstream.core.TreeUnmarshaller.convertAnother(TreeUnmarshaller.java:68) [xstream-1.4.20.jar:1.4.20]
	at com.thoughtworks.xstream.core.TreeUnmarshaller.convertAnother(TreeUnmarshaller.java:52) [xstream-1.4.20.jar:1.4.20]
	at org.apache.jmeter.save.ScriptWrapperConverter.unmarshal(ScriptWrapperConverter.java:93) [ApacheJMeter_core.jar:5.6.3]
	at com.thoughtworks.xstream.core.TreeUnmarshaller.convert(TreeUnmarshaller.java:74) [xstream-1.4.20.jar:1.4.20]
	at com.thoughtworks.xstream.core.AbstractReferenceUnmarshaller.convert(AbstractReferenceUnmarshaller.java:72) [xstream-1.4.20.jar:1.4.20]
	at com.thoughtworks.xstream.core.TreeUnmarshaller.convertAnother(TreeUnmarshaller.java:68) [xstream-1.4.20.jar:1.4.20]
	at com.thoughtworks.xstream.core.TreeUnmarshaller.convertAnother(TreeUnmarshaller.java:52) [xstream-1.4.20.jar:1.4.20]
	at com.thoughtworks.xstream.core.TreeUnmarshaller.start(TreeUnmarshaller.java:136) [xstream-1.4.20.jar:1.4.20]
	at com.thoughtworks.xstream.core.AbstractTreeMarshallingStrategy.unmarshal(AbstractTreeMarshallingStrategy.java:32) [xstream-1.4.20.jar:1.4.20]
	at com.thoughtworks.xstream.XStream.unmarshal(XStream.java:1464) [xstream-1.4.20.jar:1.4.20]
	at com.thoughtworks.xstream.XStream.unmarshal(XStream.java:1441) [xstream-1.4.20.jar:1.4.20]
	at com.thoughtworks.xstream.XStream.fromXML(XStream.java:1321) [xstream-1.4.20.jar:1.4.20]
	at org.apache.jmeter.save.SaveService.readTree(SaveService.java:446) [ApacheJMeter_core.jar:5.6.3]
	at org.apache.jmeter.save.SaveService.loadTree(SaveService.java:429) [ApacheJMeter_core.jar:5.6.3]
	at org.apache.jmeter.JMeter.runNonGui(JMeter.java:954) [ApacheJMeter_core.jar:5.6.3]
	at org.apache.jmeter.JMeter.startNonGui(JMeter.java:940) [ApacheJMeter_core.jar:5.6.3]
	at org.apache.jmeter.JMeter.start(JMeter.java:508) [ApacheJMeter_core.jar:5.6.3]
	at java.base/jdk.internal.reflect.DirectMethodHandleAccessor.invoke(DirectMethodHandleAccessor.java:103) ~[?:?]
	at java.base/java.lang.reflect.Method.invoke(Method.java:580) ~[?:?]
	at org.apache.jmeter.NewDriver.main(NewDriver.java:259) [ApacheJMeter.jar:5.6.3]
2026-10-09 09:47:43,858 ERROR o.a.j.s.c.TestElementPropertyConverter: Couldn't unmarshall TestElementProperty
java.lang.IllegalArgumentException: Name cannot be null
	at org.apache.jmeter.testelement.property.AbstractProperty.setName(AbstractProperty.java:72) ~[ApacheJMeter_core.jar:5.6.3]
	at org.apache.jmeter.save.converters.TestElementPropertyConverter.unmarshal(TestElementPropertyConverter.java:100) [ApacheJMeter_core.jar:5.6.3]
	at com.thoughtworks.xstream.core.TreeUnmarshaller.convert(TreeUnmarshaller.java:74) [xstream-1.4.20.jar:1.4.20]
	at com.thoughtworks.xstream.core.AbstractReferenceUnmarshaller.convert(AbstractReferenceUnmarshaller.java:72) [xstream-1.4.20.jar:1.4.20]
	at com.thoughtworks.xstream.core.TreeUnmarshaller.convertAnother(TreeUnmarshaller.java:68) [xstream-1.4.20.jar:1.4.20]
	at com.thoughtworks.xstream.core.TreeUnmarshaller.convertAnother(TreeUnmarshaller.java:52) [xstream-1.4.20.jar:1.4.20]
	at com.thoughtworks.xstream.converters.collections.AbstractCollectionConverter.readBareItem(AbstractCollectionConverter.java:132) [xstream-1.4.20.jar:1.4.20]
	at org.apache.jmeter.save.converters.MultiPropertyConverter.unmarshal(MultiPropertyConverter.java:68) [ApacheJMeter_core.jar:5.6.3]
	at com.thoughtworks.xstream.core.TreeUnmarshaller.convert(TreeUnmarshaller.java:74) [xstream-1.4.20.jar:1.4.20]
	at com.thoughtworks.xstream.core.AbstractReferenceUnmarshaller.convert(AbstractReferenceUnmarshaller.java:72) [xstream-1.4.20.jar:1.4.20]
	at com.thoughtworks.xstream.core.TreeUnmarshaller.convertAnother(TreeUnmarshaller.java:68) [xstream-1.4.20.jar:1.4.20]
	at com.thoughtworks.xstream.core.TreeUnmarshaller.convertAnother(TreeUnmarshaller.java:52) [xstream-1.4.20.jar:1.4.20]
	at com.thoughtworks.xstream.converters.collections.AbstractCollectionConverter.readBareItem(AbstractCollectionConverter.java:132) [xstream-1.4.20.jar:1.4.20]
	at org.apache.jmeter.save.converters.TestElementConverter.unmarshal(TestElementConverter.java:109) [ApacheJMeter_core.jar:5.6.3]
	at com.thoughtworks.xstream.core.TreeUnmarshaller.convert(TreeUnmarshaller.java:74) [xstream-1.4.20.jar:1.4.20]
	at com.thoughtworks.xstream.core.AbstractReferenceUnmarshaller.convert(AbstractReferenceUnmarshaller.java:72) [xstream-1.4.20.jar:1.4.20]
	at com.thoughtworks.xstream.core.TreeUnmarshaller.convertAnother(TreeUnmarshaller.java:68) [xstream-1.4.20.jar:1.4.20]
	at com.thoughtworks.xstream.core.TreeUnmarshaller.convertAnother(TreeUnmarshaller.java:52) [xstream-1.4.20.jar:1.4.20]
	at com.thoughtworks.xstream.converters.collections.AbstractCollectionConverter.readBareItem(AbstractCollectionConverter.java:132) [xstream-1.4.20.jar:1.4.20]
	at org.apache.jmeter.save.converters.HashTreeConverter.unmarshal(HashTreeConverter.java:66) [ApacheJMeter_core.jar:5.6.3]
	at com.thoughtworks.xstream.core.TreeUnmarshaller.convert(TreeUnmarshaller.java:74) [xstream-1.4.20.jar:1.4.20]
	at com.thoughtworks.xstream.core.AbstractReferenceUnmarshaller.convert(AbstractReferenceUnmarshaller.java:72) [xstream-1.4.20.jar:1.4.20]
	at com.thoughtworks.xstream.core.TreeUnmarshaller.convertAnother(TreeUnmarshaller.java:68) [xstream-1.4.20.jar:1.4.20]
	at com.thoughtworks.xstream.core.TreeUnmarshaller.convertAnother(TreeUnmarshaller.java:52) [xstream-1.4.20.jar:1.4.20]
	at com.thoughtworks.xstream.converters.collections.AbstractCollectionConverter.readBareItem(AbstractCollectionConverter.java:132) [xstream-1.4.20.jar:1.4.20]
	at org.apache.jmeter.save.converters.HashTreeConverter.unmarshal(HashTreeConverter.java:66) [ApacheJMeter_core.jar:5.6.3]
	at com.thoughtworks.xstream.core.TreeUnmarshaller.convert(TreeUnmarshaller.java:74) [xstream-1.4.20.jar:1.4.20]
	at com.thoughtworks.xstream.core.AbstractReferenceUnmarshaller.convert(AbstractReferenceUnmarshaller.java:72) [xstream-1.4.20.jar:1.4.20]
	at com.thoughtworks.xstream.core.TreeUnmarshaller.convertAnother(TreeUnmarshaller.java:68) [xstream-1.4.20.jar:1.4.20]
	at com.thoughtworks.xstream.core.TreeUnmarshaller.convertAnother(TreeUnmarshaller.java:52) [xstream-1.4.20.jar:1.4.20]
	at com.thoughtworks.xstream.converters.collections.AbstractCollectionConverter.readBareItem(AbstractCollectionConverter.java:132) [xstream-1.4.20.jar:1.4.20]
	at org.apache.jmeter.save.converters.HashTreeConverter.unmarshal(HashTreeConverter.java:66) [ApacheJMeter_core.jar:5.6.3]
	at com.thoughtworks.xstream.core.TreeUnmarshaller.convert(TreeUnmarshaller.java:74) [xstream-1.4.20.jar:1.4.20]
	at com.thoughtworks.xstream.core.AbstractReferenceUnmarshaller.convert(AbstractReferenceUnmarshaller.java:72) [xstream-1.4.20.jar:1.4.20]
	at com.thoughtworks.xstream.core.TreeUnmarshaller.convertAnother(TreeUnmarshaller.java:68) [xstream-1.4.20.jar:1.4.20]
	at com.thoughtworks.xstream.core.TreeUnmarshaller.convertAnother(TreeUnmarshaller.java:52) [xstream-1.4.20.jar:1.4.20]
	at com.thoughtworks.xstream.converters.collections.AbstractCollectionConverter.readBareItem(AbstractCollectionConverter.java:132) [xstream-1.4.20.jar:1.4.20]
	at org.apache.jmeter.save.converters.HashTreeConverter.unmarshal(HashTreeConverter.java:66) [ApacheJMeter_core.jar:5.6.3]
	at com.thoughtworks.xstream.core.TreeUnmarshaller.convert(TreeUnmarshaller.java:74) [xstream-1.4.20.jar:1.4.20]
	at com.thoughtworks.xstream.core.AbstractReferenceUnmarshaller.convert(AbstractReferenceUnmarshaller.java:72) [xstream-1.4.20.jar:1.4.20]
	at com.thoughtworks.xstream.core.TreeUnmarshaller.convertAnother(TreeUnmarshaller.java:68) [xstream-1.4.20.jar:1.4.20]
	at com.thoughtworks.xstream.core.TreeUnmarshaller.convertAnother(TreeUnmarshaller.java:52) [xstream-1.4.20.jar:1.4.20]
	at org.apache.jmeter.save.ScriptWrapperConverter.unmarshal(ScriptWrapperConverter.java:93) [ApacheJMeter_core.jar:5.6.3]
	at com.thoughtworks.xstream.core.TreeUnmarshaller.convert(TreeUnmarshaller.java:74) [xstream-1.4.20.jar:1.4.20]
	at com.thoughtworks.xstream.core.AbstractReferenceUnmarshaller.convert(AbstractReferenceUnmarshaller.java:72) [xstream-1.4.20.jar:1.4.20]
	at com.thoughtworks.xstream.core.TreeUnmarshaller.convertAnother(TreeUnmarshaller.java:68) [xstream-1.4.20.jar:1.4.20]
	at com.thoughtworks.xstream.core.TreeUnmarshaller.convertAnother(TreeUnmarshaller.java:52) [xstream-1.4.20.jar:1.4.20]
	at com.thoughtworks.xstream.core.TreeUnmarshaller.start(TreeUnmarshaller.java:136) [xstream-1.4.20.jar:1.4.20]
	at com.thoughtworks.xstream.core.AbstractTreeMarshallingStrategy.unmarshal(AbstractTreeMarshallingStrategy.java:32) [xstream-1.4.20.jar:1.4.20]
	at com.thoughtworks.xstream.XStream.unmarshal(XStream.java:1464) [xstream-1.4.20.jar:1.4.20]
	at com.thoughtworks.xstream.XStream.unmarshal(XStream.java:1441) [xstream-1.4.20.jar:1.4.20]
	at com.thoughtworks.xstream.XStream.fromXML(XStream.java:1321) [xstream-1.4.20.jar:1.4.20]
	at org.apache.jmeter.save.SaveService.readTree(SaveService.java:446) [ApacheJMeter_core.jar:5.6.3]
	at org.apache.jmeter.save.SaveService.loadTree(SaveService.java:429) [ApacheJMeter_core.jar:5.6.3]
	at org.apache.jmeter.JMeter.runNonGui(JMeter.java:954) [ApacheJMeter_core.jar:5.6.3]
	at org.apache.jmeter.JMeter.startNonGui(JMeter.java:940) [ApacheJMeter_core.jar:5.6.3]
	at org.apache.jmeter.JMeter.start(JMeter.java:508) [ApacheJMeter_core.jar:5.6.3]
	at java.base/jdk.internal.reflect.DirectMethodHandleAccessor.invoke(DirectMethodHandleAccessor.java:103) ~[?:?]
	at java.base/java.lang.reflect.Method.invoke(Method.java:580) ~[?:?]
	at org.apache.jmeter.NewDriver.main(NewDriver.java:259) [ApacheJMeter.jar:5.6.3]
2026-10-09 09:47:43,860 ERROR o.a.j.s.c.TestElementPropertyConverter: Couldn't unmarshall TestElementProperty
java.lang.IllegalArgumentException: Name cannot be null
	at org.apache.jmeter.testelement.property.AbstractProperty.setName(AbstractProperty.java:72) ~[ApacheJMeter_core.jar:5.6.3]
	at org.apache.jmeter.save.converters.TestElementPropertyConverter.unmarshal(TestElementPropertyConverter.java:100) [ApacheJMeter_core.jar:5.6.3]
	at com.thoughtworks.xstream.core.TreeUnmarshaller.convert(TreeUnmarshaller.java:74) [xstream-1.4.20.jar:1.4.20]
	at com.thoughtworks.xstream.core.AbstractReferenceUnmarshaller.convert(AbstractReferenceUnmarshaller.java:72) [xstream-1.4.20.jar:1.4.20]
	at com.thoughtworks.xstream.core.TreeUnmarshaller.convertAnother(TreeUnmarshaller.java:68) [xstream-1.4.20.jar:1.4.20]
	at com.thoughtworks.xstream.core.TreeUnmarshaller.convertAnother(TreeUnmarshaller.java:52) [xstream-1.4.20.jar:1.4.20]
	at com.thoughtworks.xstream.converters.collections.AbstractCollectionConverter.readBareItem(AbstractCollectionConverter.java:132) [xstream-1.4.20.jar:1.4.20]
	at org.apache.jmeter.save.converters.MultiPropertyConverter.unmarshal(MultiPropertyConverter.java:68) [ApacheJMeter_core.jar:5.6.3]
	at com.thoughtworks.xstream.core.TreeUnmarshaller.convert(TreeUnmarshaller.java:74) [xstream-1.4.20.jar:1.4.20]
	at com.thoughtworks.xstream.core.AbstractReferenceUnmarshaller.convert(AbstractReferenceUnmarshaller.java:72) [xstream-1.4.20.jar:1.4.20]
	at com.thoughtworks.xstream.core.TreeUnmarshaller.convertAnother(TreeUnmarshaller.java:68) [xstream-1.4.20.jar:1.4.20]
	at com.thoughtworks.xstream.core.TreeUnmarshaller.convertAnother(TreeUnmarshaller.java:52) [xstream-1.4.20.jar:1.4.20]
	at com.thoughtworks.xstream.converters.collections.AbstractCollectionConverter.readBareItem(AbstractCollectionConverter.java:132) [xstream-1.4.20.jar:1.4.20]
	at org.apache.jmeter.save.converters.TestElementConverter.unmarshal(TestElementConverter.java:109) [ApacheJMeter_core.jar:5.6.3]
	at com.thoughtworks.xstream.core.TreeUnmarshaller.convert(TreeUnmarshaller.java:74) [xstream-1.4.20.jar:1.4.20]
	at com.thoughtworks.xstream.core.AbstractReferenceUnmarshaller.convert(AbstractReferenceUnmarshaller.java:72) [xstream-1.4.20.jar:1.4.20]
	at com.thoughtworks.xstream.core.TreeUnmarshaller.convertAnother(TreeUnmarshaller.java:68) [xstream-1.4.20.jar:1.4.20]
	at com.thoughtworks.xstream.core.TreeUnmarshaller.convertAnother(TreeUnmarshaller.java:52) [xstream-1.4.20.jar:1.4.20]
	at com.thoughtworks.xstream.converters.collections.AbstractCollectionConverter.readBareItem(AbstractCollectionConverter.java:132) [xstream-1.4.20.jar:1.4.20]
	at org.apache.jmeter.save.converters.HashTreeConverter.unmarshal(HashTreeConverter.java:66) [ApacheJMeter_core.jar:5.6.3]
	at com.thoughtworks.xstream.core.TreeUnmarshaller.convert(TreeUnmarshaller.java:74) [xstream-1.4.20.jar:1.4.20]
	at com.thoughtworks.xstream.core.AbstractReferenceUnmarshaller.convert(AbstractReferenceUnmarshaller.java:72) [xstream-1.4.20.jar:1.4.20]
	at com.thoughtworks.xstream.core.TreeUnmarshaller.convertAnother(TreeUnmarshaller.java:68) [xstream-1.4.20.jar:1.4.20]
	at com.thoughtworks.xstream.core.TreeUnmarshaller.convertAnother(TreeUnmarshaller.java:52) [xstream-1.4.20.jar:1.4.20]
	at com.thoughtworks.xstream.converters.collections.AbstractCollectionConverter.readBareItem(AbstractCollectionConverter.java:132) [xstream-1.4.20.jar:1.4.20]
	at org.apache.jmeter.save.converters.HashTreeConverter.unmarshal(HashTreeConverter.java:66) [ApacheJMeter_core.jar:5.6.3]
	at com.thoughtworks.xstream.core.TreeUnmarshaller.convert(TreeUnmarshaller.java:74) [xstream-1.4.20.jar:1.4.20]
	at com.thoughtworks.xstream.core.AbstractReferenceUnmarshaller.convert(AbstractReferenceUnmarshaller.java:72) [xstream-1.4.20.jar:1.4.20]
	at com.thoughtworks.xstream.core.TreeUnmarshaller.convertAnother(TreeUnmarshaller.java:68) [xstream-1.4.20.jar:1.4.20]
	at com.thoughtworks.xstream.core.TreeUnmarshaller.convertAnother(TreeUnmarshaller.java:52) [xstream-1.4.20.jar:1.4.20]
	at com.thoughtworks.xstream.converters.collections.AbstractCollectionConverter.readBareItem(AbstractCollectionConverter.java:132) [xstream-1.4.20.jar:1.4.20]
	at org.apache.jmeter.save.converters.HashTreeConverter.unmarshal(HashTreeConverter.java:66) [ApacheJMeter_core.jar:5.6.3]
	at com.thoughtworks.xstream.core.TreeUnmarshaller.convert(TreeUnmarshaller.java:74) [xstream-1.4.20.jar:1.4.20]
	at com.thoughtworks.xstream.core.AbstractReferenceUnmarshaller.convert(AbstractReferenceUnmarshaller.java:72) [xstream-1.4.20.jar:1.4.20]
	at com.thoughtworks.xstream.core.TreeUnmarshaller.convertAnother(TreeUnmarshaller.java:68) [xstream-1.4.20.jar:1.4.20]
	at com.thoughtworks.xstream.core.TreeUnmarshaller.convertAnother(TreeUnmarshaller.java:52) [xstream-1.4.20.jar:1.4.20]
	at com.thoughtworks.xstream.converters.collections.AbstractCollectionConverter.readBareItem(AbstractCollectionConverter.java:132) [xstream-1.4.20.jar:1.4.20]
	at org.apache.jmeter.save.converters.HashTreeConverter.unmarshal(HashTreeConverter.java:66) [ApacheJMeter_core.jar:5.6.3]
	at com.thoughtworks.xstream.core.TreeUnmarshaller.convert(TreeUnmarshaller.java:74) [xstream-1.4.20.jar:1.4.20]
	at com.thoughtworks.xstream.core.AbstractReferenceUnmarshaller.convert(AbstractReferenceUnmarshaller.java:72) [xstream-1.4.20.jar:1.4.20]
	at com.thoughtworks.xstream.core.TreeUnmarshaller.convertAnother(TreeUnmarshaller.java:68) [xstream-1.4.20.jar:1.4.20]
	at com.thoughtworks.xstream.core.TreeUnmarshaller.convertAnother(TreeUnmarshaller.java:52) [xstream-1.4.20.jar:1.4.20]
	at org.apache.jmeter.save.ScriptWrapperConverter.unmarshal(ScriptWrapperConverter.java:93) [ApacheJMeter_core.jar:5.6.3]
	at com.thoughtworks.xstream.core.TreeUnmarshaller.convert(TreeUnmarshaller.java:74) [xstream-1.4.20.jar:1.4.20]
	at com.thoughtworks.xstream.core.AbstractReferenceUnmarshaller.convert(AbstractReferenceUnmarshaller.java:72) [xstream-1.4.20.jar:1.4.20]
	at com.thoughtworks.xstream.core.TreeUnmarshaller.convertAnother(TreeUnmarshaller.java:68) [xstream-1.4.20.jar:1.4.20]
	at com.thoughtworks.xstream.core.TreeUnmarshaller.convertAnother(TreeUnmarshaller.java:52) [xstream-1.4.20.jar:1.4.20]
	at com.thoughtworks.xstream.core.TreeUnmarshaller.start(TreeUnmarshaller.java:136) [xstream-1.4.20.jar:1.4.20]
	at com.thoughtworks.xstream.core.AbstractTreeMarshallingStrategy.unmarshal(AbstractTreeMarshallingStrategy.java:32) [xstream-1.4.20.jar:1.4.20]
	at com.thoughtworks.xstream.XStream.unmarshal(XStream.java:1464) [xstream-1.4.20.jar:1.4.20]
	at com.thoughtworks.xstream.XStream.unmarshal(XStream.java:1441) [xstream-1.4.20.jar:1.4.20]
	at com.thoughtworks.xstream.XStream.fromXML(XStream.java:1321) [xstream-1.4.20.jar:1.4.20]
	at org.apache.jmeter.save.SaveService.readTree(SaveService.java:446) [ApacheJMeter_core.jar:5.6.3]
	at org.apache.jmeter.save.SaveService.loadTree(SaveService.java:429) [ApacheJMeter_core.jar:5.6.3]
	at org.apache.jmeter.JMeter.runNonGui(JMeter.java:954) [ApacheJMeter_core.jar:5.6.3]
	at org.apache.jmeter.JMeter.startNonGui(JMeter.java:940) [ApacheJMeter_core.jar:5.6.3]
	at org.apache.jmeter.JMeter.start(JMeter.java:508) [ApacheJMeter_core.jar:5.6.3]
	at java.base/jdk.internal.reflect.DirectMethodHandleAccessor.invoke(DirectMethodHandleAccessor.java:103) ~[?:?]
	at java.base/java.lang.reflect.Method.invoke(Method.java:580) ~[?:?]
	at org.apache.jmeter.NewDriver.main(NewDriver.java:259) [ApacheJMeter.jar:5.6.3]
2026-10-09 09:47:43,862 ERROR o.a.j.s.c.TestElementPropertyConverter: Couldn't unmarshall TestElementProperty
java.lang.IllegalArgumentException: Name cannot be null
	at org.apache.jmeter.testelement.property.AbstractProperty.setName(AbstractProperty.java:72) ~[ApacheJMeter_core.jar:5.6.3]
	at org.apache.jmeter.save.converters.TestElementPropertyConverter.unmarshal(TestElementPropertyConverter.java:100) [ApacheJMeter_core.jar:5.6.3]
	at com.thoughtworks.xstream.core.TreeUnmarshaller.convert(TreeUnmarshaller.java:74) [xstream-1.4.20.jar:1.4.20]
	at com.thoughtworks.xstream.core.AbstractReferenceUnmarshaller.convert(AbstractReferenceUnmarshaller.java:72) [xstream-1.4.20.jar:1.4.20]
	at com.thoughtworks.xstream.core.TreeUnmarshaller.convertAnother(TreeUnmarshaller.java:68) [xstream-1.4.20.jar:1.4.20]
	at com.thoughtworks.xstream.core.TreeUnmarshaller.convertAnother(TreeUnmarshaller.java:52) [xstream-1.4.20.jar:1.4.20]
	at com.thoughtworks.xstream.converters.collections.AbstractCollectionConverter.readBareItem(AbstractCollectionConverter.java:132) [xstream-1.4.20.jar:1.4.20]
	at org.apache.jmeter.save.converters.MultiPropertyConverter.unmarshal(MultiPropertyConverter.java:68) [ApacheJMeter_core.jar:5.6.3]
	at com.thoughtworks.xstream.core.TreeUnmarshaller.convert(TreeUnmarshaller.java:74) [xstream-1.4.20.jar:1.4.20]
	at com.thoughtworks.xstream.core.AbstractReferenceUnmarshaller.convert(AbstractReferenceUnmarshaller.java:72) [xstream-1.4.20.jar:1.4.20]
	at com.thoughtworks.xstream.core.TreeUnmarshaller.convertAnother(TreeUnmarshaller.java:68) [xstream-1.4.20.jar:1.4.20]
	at com.thoughtworks.xstream.core.TreeUnmarshaller.convertAnother(TreeUnmarshaller.java:52) [xstream-1.4.20.jar:1.4.20]
	at com.thoughtworks.xstream.converters.collections.AbstractCollectionConverter.readBareItem(AbstractCollectionConverter.java:132) [xstream-1.4.20.jar:1.4.20]
	at org.apache.jmeter.save.converters.TestElementConverter.unmarshal(TestElementConverter.java:109) [ApacheJMeter_core.jar:5.6.3]
	at com.thoughtworks.xstream.core.TreeUnmarshaller.convert(TreeUnmarshaller.java:74) [xstream-1.4.20.jar:1.4.20]
	at com.thoughtworks.xstream.core.AbstractReferenceUnmarshaller.convert(AbstractReferenceUnmarshaller.java:72) [xstream-1.4.20.jar:1.4.20]
	at com.thoughtworks.xstream.core.TreeUnmarshaller.convertAnother(TreeUnmarshaller.java:68) [xstream-1.4.20.jar:1.4.20]
	at com.thoughtworks.xstream.core.TreeUnmarshaller.convertAnother(TreeUnmarshaller.java:52) [xstream-1.4.20.jar:1.4.20]
	at com.thoughtworks.xstream.converters.collections.AbstractCollectionConverter.readBareItem(AbstractCollectionConverter.java:132) [xstream-1.4.20.jar:1.4.20]
	at org.apache.jmeter.save.converters.HashTreeConverter.unmarshal(HashTreeConverter.java:66) [ApacheJMeter_core.jar:5.6.3]
	at com.thoughtworks.xstream.core.TreeUnmarshaller.convert(TreeUnmarshaller.java:74) [xstream-1.4.20.jar:1.4.20]
	at com.thoughtworks.xstream.core.AbstractReferenceUnmarshaller.convert(AbstractReferenceUnmarshaller.java:72) [xstream-1.4.20.jar:1.4.20]
	at com.thoughtworks.xstream.core.TreeUnmarshaller.convertAnother(TreeUnmarshaller.java:68) [xstream-1.4.20.jar:1.4.20]
	at com.thoughtworks.xstream.core.TreeUnmarshaller.convertAnother(TreeUnmarshaller.java:52) [xstream-1.4.20.jar:1.4.20]
	at com.thoughtworks.xstream.converters.collections.AbstractCollectionConverter.readBareItem(AbstractCollectionConverter.java:132) [xstream-1.4.20.jar:1.4.20]
	at org.apache.jmeter.save.converters.HashTreeConverter.unmarshal(HashTreeConverter.java:66) [ApacheJMeter_core.jar:5.6.3]
	at com.thoughtworks.xstream.core.TreeUnmarshaller.convert(TreeUnmarshaller.java:74) [xstream-1.4.20.jar:1.4.20]
	at com.thoughtworks.xstream.core.AbstractReferenceUnmarshaller.convert(AbstractReferenceUnmarshaller.java:72) [xstream-1.4.20.jar:1.4.20]
	at com.thoughtworks.xstream.core.TreeUnmarshaller.convertAnother(TreeUnmarshaller.java:68) [xstream-1.4.20.jar:1.4.20]
	at com.thoughtworks.xstream.core.TreeUnmarshaller.convertAnother(TreeUnmarshaller.java:52) [xstream-1.4.20.jar:1.4.20]
	at com.thoughtworks.xstream.converters.collections.AbstractCollectionConverter.readBareItem(AbstractCollectionConverter.java:132) [xstream-1.4.20.jar:1.4.20]
	at org.apache.jmeter.save.converters.HashTreeConverter.unmarshal(HashTreeConverter.java:66) [ApacheJMeter_core.jar:5.6.3]
	at com.thoughtworks.xstream.core.TreeUnmarshaller.convert(TreeUnmarshaller.java:74) [xstream-1.4.20.jar:1.4.20]
	at com.thoughtworks.xstream.core.AbstractReferenceUnmarshaller.convert(AbstractReferenceUnmarshaller.java:72) [xstream-1.4.20.jar:1.4.20]
	at com.thoughtworks.xstream.core.TreeUnmarshaller.convertAnother(TreeUnmarshaller.java:68) [xstream-1.4.20.jar:1.4.20]
	at com.thoughtworks.xstream.core.TreeUnmarshaller.convertAnother(TreeUnmarshaller.java:52) [xstream-1.4.20.jar:1.4.20]
	at com.thoughtworks.xstream.converters.collections.AbstractCollectionConverter.readBareItem(AbstractCollectionConverter.java:132) [xstream-1.4.20.jar:1.4.20]
	at org.apache.jmeter.save.converters.HashTreeConverter.unmarshal(HashTreeConverter.java:66) [ApacheJMeter_core.jar:5.6.3]
	at com.thoughtworks.xstream.core.TreeUnmarshaller.convert(TreeUnmarshaller.java:74) [xstream-1.4.20.jar:1.4.20]
	at com.thoughtworks.xstream.core.AbstractReferenceUnmarshaller.convert(AbstractReferenceUnmarshaller.java:72) [xstream-1.4.20.jar:1.4.20]
	at com.thoughtworks.xstream.core.TreeUnmarshaller.convertAnother(TreeUnmarshaller.java:68) [xstream-1.4.20.jar:1.4.20]
	at com.thoughtworks.xstream.core.TreeUnmarshaller.convertAnother(TreeUnmarshaller.java:52) [xstream-1.4.20.jar:1.4.20]
	at org.apache.jmeter.save.ScriptWrapperConverter.unmarshal(ScriptWrapperConverter.java:93) [ApacheJMeter_core.jar:5.6.3]
	at com.thoughtworks.xstream.core.TreeUnmarshaller.convert(TreeUnmarshaller.java:74) [xstream-1.4.20.jar:1.4.20]
	at com.thoughtworks.xstream.core.AbstractReferenceUnmarshaller.convert(AbstractReferenceUnmarshaller.java:72) [xstream-1.4.20.jar:1.4.20]
	at com.thoughtworks.xstream.core.TreeUnmarshaller.convertAnother(TreeUnmarshaller.java:68) [xstream-1.4.20.jar:1.4.20]
	at com.thoughtworks.xstream.core.TreeUnmarshaller.convertAnother(TreeUnmarshaller.java:52) [xstream-1.4.20.jar:1.4.20]
	at com.thoughtworks.xstream.core.TreeUnmarshaller.start(TreeUnmarshaller.java:136) [xstream-1.4.20.jar:1.4.20]
	at com.thoughtworks.xstream.core.AbstractTreeMarshallingStrategy.unmarshal(AbstractTreeMarshallingStrategy.java:32) [xstream-1.4.20.jar:1.4.20]
	at com.thoughtworks.xstream.XStream.unmarshal(XStream.java:1464) [xstream-1.4.20.jar:1.4.20]
	at com.thoughtworks.xstream.XStream.unmarshal(XStream.java:1441) [xstream-1.4.20.jar:1.4.20]
	at com.thoughtworks.xstream.XStream.fromXML(XStream.java:1321) [xstream-1.4.20.jar:1.4.20]
	at org.apache.jmeter.save.SaveService.readTree(SaveService.java:446) [ApacheJMeter_core.jar:5.6.3]
	at org.apache.jmeter.save.SaveService.loadTree(SaveService.java:429) [ApacheJMeter_core.jar:5.6.3]
	at org.apache.jmeter.JMeter.runNonGui(JMeter.java:954) [ApacheJMeter_core.jar:5.6.3]
	at org.apache.jmeter.JMeter.startNonGui(JMeter.java:940) [ApacheJMeter_core.jar:5.6.3]
	at org.apache.jmeter.JMeter.start(JMeter.java:508) [ApacheJMeter_core.jar:5.6.3]
	at java.base/jdk.internal.reflect.DirectMethodHandleAccessor.invoke(DirectMethodHandleAccessor.java:103) ~[?:?]
	at java.base/java.lang.reflect.Method.invoke(Method.java:580) ~[?:?]
	at org.apache.jmeter.NewDriver.main(NewDriver.java:259) [ApacheJMeter.jar:5.6.3]
2026-10-09 09:47:43,864 ERROR o.a.j.s.c.TestElementPropertyConverter: Couldn't unmarshall TestElementProperty
java.lang.IllegalArgumentException: Name cannot be null
	at org.apache.jmeter.testelement.property.AbstractProperty.setName(AbstractProperty.java:72) ~[ApacheJMeter_core.jar:5.6.3]
	at org.apache.jmeter.save.converters.TestElementPropertyConverter.unmarshal(TestElementPropertyConverter.java:100) [ApacheJMeter_core.jar:5.6.3]
	at com.thoughtworks.xstream.core.TreeUnmarshaller.convert(TreeUnmarshaller.java:74) [xstream-1.4.20.jar:1.4.20]
	at com.thoughtworks.xstream.core.AbstractReferenceUnmarshaller.convert(AbstractReferenceUnmarshaller.java:72) [xstream-1.4.20.jar:1.4.20]
	at com.thoughtworks.xstream.core.TreeUnmarshaller.convertAnother(TreeUnmarshaller.java:68) [xstream-1.4.20.jar:1.4.20]
	at com.thoughtworks.xstream.core.TreeUnmarshaller.convertAnother(TreeUnmarshaller.java:52) [xstream-1.4.20.jar:1.4.20]
	at com.thoughtworks.xstream.converters.collections.AbstractCollectionConverter.readBareItem(AbstractCollectionConverter.java:132) [xstream-1.4.20.jar:1.4.20]
	at org.apache.jmeter.save.converters.MultiPropertyConverter.unmarshal(MultiPropertyConverter.java:68) [ApacheJMeter_core.jar:5.6.3]
	at com.thoughtworks.xstream.core.TreeUnmarshaller.convert(TreeUnmarshaller.java:74) [xstream-1.4.20.jar:1.4.20]
	at com.thoughtworks.xstream.core.AbstractReferenceUnmarshaller.convert(AbstractReferenceUnmarshaller.java:72) [xstream-1.4.20.jar:1.4.20]
	at com.thoughtworks.xstream.core.TreeUnmarshaller.convertAnother(TreeUnmarshaller.java:68) [xstream-1.4.20.jar:1.4.20]
	at com.thoughtworks.xstream.core.TreeUnmarshaller.convertAnother(TreeUnmarshaller.java:52) [xstream-1.4.20.jar:1.4.20]
	at com.thoughtworks.xstream.converters.collections.AbstractCollectionConverter.readBareItem(AbstractCollectionConverter.java:132) [xstream-1.4.20.jar:1.4.20]
	at org.apache.jmeter.save.converters.TestElementConverter.unmarshal(TestElementConverter.java:109) [ApacheJMeter_core.jar:5.6.3]
	at com.thoughtworks.xstream.core.TreeUnmarshaller.convert(TreeUnmarshaller.java:74) [xstream-1.4.20.jar:1.4.20]
	at com.thoughtworks.xstream.core.AbstractReferenceUnmarshaller.convert(AbstractReferenceUnmarshaller.java:72) [xstream-1.4.20.jar:1.4.20]
	at com.thoughtworks.xstream.core.TreeUnmarshaller.convertAnother(TreeUnmarshaller.java:68) [xstream-1.4.20.jar:1.4.20]
	at com.thoughtworks.xstream.core.TreeUnmarshaller.convertAnother(TreeUnmarshaller.java:52) [xstream-1.4.20.jar:1.4.20]
	at com.thoughtworks.xstream.converters.collections.AbstractCollectionConverter.readBareItem(AbstractCollectionConverter.java:132) [xstream-1.4.20.jar:1.4.20]
	at org.apache.jmeter.save.converters.HashTreeConverter.unmarshal(HashTreeConverter.java:66) [ApacheJMeter_core.jar:5.6.3]
	at com.thoughtworks.xstream.core.TreeUnmarshaller.convert(TreeUnmarshaller.java:74) [xstream-1.4.20.jar:1.4.20]
	at com.thoughtworks.xstream.core.AbstractReferenceUnmarshaller.convert(AbstractReferenceUnmarshaller.java:72) [xstream-1.4.20.jar:1.4.20]
	at com.thoughtworks.xstream.core.TreeUnmarshaller.convertAnother(TreeUnmarshaller.java:68) [xstream-1.4.20.jar:1.4.20]
	at com.thoughtworks.xstream.core.TreeUnmarshaller.convertAnother(TreeUnmarshaller.java:52) [xstream-1.4.20.jar:1.4.20]
	at com.thoughtworks.xstream.converters.collections.AbstractCollectionConverter.readBareItem(AbstractCollectionConverter.java:132) [xstream-1.4.20.jar:1.4.20]
	at org.apache.jmeter.save.converters.HashTreeConverter.unmarshal(HashTreeConverter.java:66) [ApacheJMeter_core.jar:5.6.3]
	at com.thoughtworks.xstream.core.TreeUnmarshaller.convert(TreeUnmarshaller.java:74) [xstream-1.4.20.jar:1.4.20]
	at com.thoughtworks.xstream.core.AbstractReferenceUnmarshaller.convert(AbstractReferenceUnmarshaller.java:72) [xstream-1.4.20.jar:1.4.20]
	at com.thoughtworks.xstream.core.TreeUnmarshaller.convertAnother(TreeUnmarshaller.java:68) [xstream-1.4.20.jar:1.4.20]
	at com.thoughtworks.xstream.core.TreeUnmarshaller.convertAnother(TreeUnmarshaller.java:52) [xstream-1.4.20.jar:1.4.20]
	at com.thoughtworks.xstream.converters.collections.AbstractCollectionConverter.readBareItem(AbstractCollectionConverter.java:132) [xstream-1.4.20.jar:1.4.20]
	at org.apache.jmeter.save.converters.HashTreeConverter.unmarshal(HashTreeConverter.java:66) [ApacheJMeter_core.jar:5.6.3]
	at com.thoughtworks.xstream.core.TreeUnmarshaller.convert(TreeUnmarshaller.java:74) [xstream-1.4.20.jar:1.4.20]
	at com.thoughtworks.xstream.core.AbstractReferenceUnmarshaller.convert(AbstractReferenceUnmarshaller.java:72) [xstream-1.4.20.jar:1.4.20]
	at com.thoughtworks.xstream.core.TreeUnmarshaller.convertAnother(TreeUnmarshaller.java:68) [xstream-1.4.20.jar:1.4.20]
	at com.thoughtworks.xstream.core.TreeUnmarshaller.convertAnother(TreeUnmarshaller.java:52) [xstream-1.4.20.jar:1.4.20]
	at com.thoughtworks.xstream.converters.collections.AbstractCollectionConverter.readBareItem(AbstractCollectionConverter.java:132) [xstream-1.4.20.jar:1.4.20]
	at org.apache.jmeter.save.converters.HashTreeConverter.unmarshal(HashTreeConverter.java:66) [ApacheJMeter_core.jar:5.6.3]
	at com.thoughtworks.xstream.core.TreeUnmarshaller.convert(TreeUnmarshaller.java:74) [xstream-1.4.20.jar:1.4.20]
	at com.thoughtworks.xstream.core.AbstractReferenceUnmarshaller.convert(AbstractReferenceUnmarshaller.java:72) [xstream-1.4.20.jar:1.4.20]
	at com.thoughtworks.xstream.core.TreeUnmarshaller.convertAnother(TreeUnmarshaller.java:68) [xstream-1.4.20.jar:1.4.20]
	at com.thoughtworks.xstream.core.TreeUnmarshaller.convertAnother(TreeUnmarshaller.java:52) [xstream-1.4.20.jar:1.4.20]
	at org.apache.jmeter.save.ScriptWrapperConverter.unmarshal(ScriptWrapperConverter.java:93) [ApacheJMeter_core.jar:5.6.3]
	at com.thoughtworks.xstream.core.TreeUnmarshaller.convert(TreeUnmarshaller.java:74) [xstream-1.4.20.jar:1.4.20]
	at com.thoughtworks.xstream.core.AbstractReferenceUnmarshaller.convert(AbstractReferenceUnmarshaller.java:72) [xstream-1.4.20.jar:1.4.20]
	at com.thoughtworks.xstream.core.TreeUnmarshaller.convertAnother(TreeUnmarshaller.java:68) [xstream-1.4.20.jar:1.4.20]
	at com.thoughtworks.xstream.core.TreeUnmarshaller.convertAnother(TreeUnmarshaller.java:52) [xstream-1.4.20.jar:1.4.20]
	at com.thoughtworks.xstream.core.TreeUnmarshaller.start(TreeUnmarshaller.java:136) [xstream-1.4.20.jar:1.4.20]
	at com.thoughtworks.xstream.core.AbstractTreeMarshallingStrategy.unmarshal(AbstractTreeMarshallingStrategy.java:32) [xstream-1.4.20.jar:1.4.20]
	at com.thoughtworks.xstream.XStream.unmarshal(XStream.java:1464) [xstream-1.4.20.jar:1.4.20]
	at com.thoughtworks.xstream.XStream.unmarshal(XStream.java:1441) [xstream-1.4.20.jar:1.4.20]
	at com.thoughtworks.xstream.XStream.fromXML(XStream.java:1321) [xstream-1.4.20.jar:1.4.20]
	at org.apache.jmeter.save.SaveService.readTree(SaveService.java:446) [ApacheJMeter_core.jar:5.6.3]
	at org.apache.jmeter.save.SaveService.loadTree(SaveService.java:429) [ApacheJMeter_core.jar:5.6.3]
	at org.apache.jmeter.JMeter.runNonGui(JMeter.java:954) [ApacheJMeter_core.jar:5.6.3]
	at org.apache.jmeter.JMeter.startNonGui(JMeter.java:940) [ApacheJMeter_core.jar:5.6.3]
	at org.apache.jmeter.JMeter.start(JMeter.java:508) [ApacheJMeter_core.jar:5.6.3]
	at java.base/jdk.internal.reflect.DirectMethodHandleAccessor.invoke(DirectMethodHandleAccessor.java:103) ~[?:?]
	at java.base/java.lang.reflect.Method.invoke(Method.java:580) ~[?:?]
	at org.apache.jmeter.NewDriver.main(NewDriver.java:259) [ApacheJMeter.jar:5.6.3]
2026-10-09 09:47:43,898 INFO o.a.j.JMeter: Creating summariser <summary>
2026-10-09 09:47:43,921 INFO o.a.j.r.d.ReportGenerator: ReportGenerator will use for Parsing the separator: ','
2026-10-09 09:47:43,921 INFO o.a.j.r.d.ReportGenerator: Will generate report at end of test from  results file: C:\Users\joseb\Desktop\prueba\pruebas\jmeter\resultados\render-20261009-094740\resultados.jtl
2026-10-09 09:47:43,922 INFO o.a.j.r.d.ReportGenerator: Reading report generator properties from: C:\Users\joseb\Desktop\apache-jmeter-5.6.3\bin\reportgenerator.properties
2026-10-09 09:47:43,922 INFO o.a.j.r.d.ReportGenerator: Merging with JMeter properties
2026-10-09 09:47:43,928 INFO o.a.j.r.c.ReportGeneratorConfiguration: Property 'jmeter.reportgenerator.temp_dir' not found, using default value 'temp' instead.
2026-10-09 09:47:43,935 INFO o.a.j.r.c.ReportGeneratorConfiguration: Property 'jmeter.reportgenerator.apdex_per_transaction' not found, using default value 'null' instead.
2026-10-09 09:47:43,935 INFO o.a.j.r.c.ReportGeneratorConfiguration: apdex_per_transaction is empty, not APDEX per transaction customization
2026-10-09 09:47:43,935 INFO o.a.j.r.c.ReportGeneratorConfiguration: Property 'jmeter.reportgenerator.sample_filter' not found, using default value 'null' instead.
2026-10-09 09:47:43,938 INFO o.a.j.r.c.ReportGeneratorConfiguration: Property 'jmeter.reportgenerator.report_title' not found, using default value 'null' instead.
2026-10-09 09:47:43,938 INFO o.a.j.r.c.ReportGeneratorConfiguration: Property 'jmeter.reportgenerator.start_date' not found, using default value 'null' instead.
2026-10-09 09:47:43,938 INFO o.a.j.r.c.ReportGeneratorConfiguration: Property 'jmeter.reportgenerator.end_date' not found, using default value 'null' instead.
2026-10-09 09:47:43,938 INFO o.a.j.r.c.ReportGeneratorConfiguration: Property 'jmeter.reportgenerator.date_format' not found, using default value 'null' instead.
2026-10-09 09:47:43,938 INFO o.a.j.r.c.ReportGeneratorConfiguration: Will use date range start date: null, end date: null
2026-10-09 09:47:43,943 INFO o.a.j.r.c.ReportGeneratorConfiguration: Property 'jmeter.reportgenerator.graph.totalTPS.exclude_controllers' not found, using default value 'false' instead.
2026-10-09 09:47:43,943 INFO o.a.j.r.c.ReportGeneratorConfiguration: Property 'jmeter.reportgenerator.graph.activeThreadsOverTime.exclude_controllers' not found, using default value 'false' instead.
2026-10-09 09:47:43,943 INFO o.a.j.r.c.ReportGeneratorConfiguration: Property 'jmeter.reportgenerator.graph.timeVsThreads.exclude_controllers' not found, using default value 'false' instead.
2026-10-09 09:47:43,943 INFO o.a.j.r.c.ReportGeneratorConfiguration: Property 'jmeter.reportgenerator.graph.responseTimeDistribution.exclude_controllers' not found, using default value 'false' instead.
2026-10-09 09:47:43,943 INFO o.a.j.r.c.ReportGeneratorConfiguration: Property 'jmeter.reportgenerator.graph.transactionsPerSecond.exclude_controllers' not found, using default value 'false' instead.
2026-10-09 09:47:43,943 INFO o.a.j.r.c.ReportGeneratorConfiguration: Property 'jmeter.reportgenerator.graph.responseTimePercentiles.exclude_controllers' not found, using default value 'false' instead.
2026-10-09 09:47:43,943 INFO o.a.j.r.c.ReportGeneratorConfiguration: Property 'jmeter.reportgenerator.graph.responseTimePercentilesOverTime.exclude_controllers' not found, using default value 'false' instead.
2026-10-09 09:47:43,943 INFO o.a.j.r.c.ReportGeneratorConfiguration: Property 'jmeter.reportgenerator.graph.responseTimesOverTime.exclude_controllers' not found, using default value 'false' instead.
2026-10-09 09:47:43,943 INFO o.a.j.r.c.ReportGeneratorConfiguration: Property 'jmeter.reportgenerator.graph.connectTimeOverTime.exclude_controllers' not found, using default value 'false' instead.
2026-10-09 09:47:43,943 INFO o.a.j.r.c.ReportGeneratorConfiguration: Property 'jmeter.reportgenerator.graph.latenciesOverTime.exclude_controllers' not found, using default value 'false' instead.
2026-10-09 09:47:43,950 INFO o.a.j.r.c.ReportGeneratorConfiguration: Property 'jmeter.reportgenerator.exporter.json.filters_only_sample_series' not found, using default value 'true' instead.
2026-10-09 09:47:43,950 INFO o.a.j.r.c.ReportGeneratorConfiguration: Property 'jmeter.reportgenerator.exporter.json.series_filter' not found, using default value '' instead.
2026-10-09 09:47:43,950 INFO o.a.j.r.c.ReportGeneratorConfiguration: Property 'jmeter.reportgenerator.exporter.json.show_controllers_only' not found, using default value 'false' instead.
2026-10-09 09:47:43,951 INFO o.a.j.r.c.ReportGeneratorConfiguration: Property 'jmeter.reportgenerator.exporter.html.filters_only_sample_series' not found, using default value 'true' instead.
2026-10-09 09:47:43,951 INFO o.a.j.r.c.ReportGeneratorConfiguration: Property 'jmeter.reportgenerator.exporter.html.series_filter' not found, using default value '' instead.
2026-10-09 09:47:43,951 INFO o.a.j.r.c.ReportGeneratorConfiguration: Property 'jmeter.reportgenerator.exporter.html.show_controllers_only' not found, using default value 'false' instead.
2026-10-09 09:47:43,971 INFO o.a.j.e.StandardJMeterEngine: Running the test!
2026-10-09 09:47:43,974 INFO o.a.j.s.SampleEvent: List of sample_variables: []
2026-10-09 09:47:43,974 INFO o.a.j.s.SampleEvent: List of sample_variables: []
2026-10-09 09:47:43,982 INFO o.a.j.e.u.CompoundVariable: Note: Function class names must contain the string: '.functions.'
2026-10-09 09:47:43,982 INFO o.a.j.e.u.CompoundVariable: Note: Function class names must not contain the string: '.gui.'
2026-10-09 09:47:44,454 INFO o.a.j.JMeter: Running test (1791560864454)
2026-10-09 09:47:44,478 INFO o.a.j.e.StandardJMeterEngine: Starting ThreadGroup: 1 : 01 - Flujo funcional secuencial
2026-10-09 09:47:44,478 INFO o.a.j.e.StandardJMeterEngine: Starting 1 threads for group 01 - Flujo funcional secuencial.
2026-10-09 09:47:44,478 INFO o.a.j.e.StandardJMeterEngine: Thread will continue on error
2026-10-09 09:47:44,478 INFO o.a.j.t.ThreadGroup: Starting thread group... number=1 threads=1 ramp-up=1 delayedStart=false
2026-10-09 09:47:44,495 INFO o.a.j.t.ThreadGroup: Started thread group number 1
2026-10-09 09:47:44,495 INFO o.a.j.e.StandardJMeterEngine: Waiting for thread group: 01 - Flujo funcional secuencial to finish before starting next group
2026-10-09 09:47:44,502 INFO o.a.j.t.JMeterThread: Thread started: 01 - Flujo funcional secuencial 1-1
2026-10-09 09:47:44,532 INFO o.a.j.p.h.s.HTTPHCAbstractImpl: Local host = DESKTOP-1QP6N77
2026-10-09 09:47:44,543 INFO o.a.j.p.h.s.HTTPHC4Impl: HTTP request retry count = 0
2026-10-09 09:47:44,544 INFO o.a.j.s.SampleResult: Note: Sample TimeStamps are START times
2026-10-09 09:47:44,544 INFO o.a.j.s.SampleResult: sampleresult.default.encoding is set to UTF-8
2026-10-09 09:47:44,544 INFO o.a.j.s.SampleResult: sampleresult.useNanoTime=true
2026-10-09 09:47:44,544 INFO o.a.j.s.SampleResult: sampleresult.nanoThreadSleep=5000
2026-10-09 09:47:45,821 INFO o.a.j.t.JMeterThread: Thread is done: 01 - Flujo funcional secuencial 1-1
2026-10-09 09:47:45,821 INFO o.a.j.t.JMeterThread: Thread finished: 01 - Flujo funcional secuencial 1-1
2026-10-09 09:47:45,823 INFO o.a.j.e.StandardJMeterEngine: Starting ThreadGroup: 2 : 02 - Carga baja GET código postal
2026-10-09 09:47:45,823 INFO o.a.j.e.StandardJMeterEngine: Starting 3 threads for group 02 - Carga baja GET código postal.
2026-10-09 09:47:45,823 INFO o.a.j.e.StandardJMeterEngine: Thread will continue on error
2026-10-09 09:47:45,823 INFO o.a.j.t.ThreadGroup: Starting thread group... number=2 threads=3 ramp-up=3 delayedStart=false
2026-10-09 09:47:45,825 INFO o.a.j.t.ThreadGroup: Started thread group number 2
2026-10-09 09:47:45,825 INFO o.a.j.e.StandardJMeterEngine: All thread groups have been started
2026-10-09 09:47:45,825 INFO o.a.j.t.JMeterThread: Thread started: 02 - Carga baja GET código postal 2-1
2026-10-09 09:47:45,830 INFO o.a.j.t.JMeterThread: Thread is done: 02 - Carga baja GET código postal 2-1
2026-10-09 09:47:45,830 INFO o.a.j.t.JMeterThread: Thread finished: 02 - Carga baja GET código postal 2-1
2026-10-09 09:47:46,828 INFO o.a.j.t.JMeterThread: Thread started: 02 - Carga baja GET código postal 2-2
2026-10-09 09:47:46,833 INFO o.a.j.t.JMeterThread: Thread is done: 02 - Carga baja GET código postal 2-2
2026-10-09 09:47:46,833 INFO o.a.j.t.JMeterThread: Thread finished: 02 - Carga baja GET código postal 2-2
2026-10-09 09:47:47,826 INFO o.a.j.t.JMeterThread: Thread started: 02 - Carga baja GET código postal 2-3
2026-10-09 09:47:47,827 INFO o.a.j.t.JMeterThread: Thread is done: 02 - Carga baja GET código postal 2-3
2026-10-09 09:47:47,827 INFO o.a.j.t.JMeterThread: Thread finished: 02 - Carga baja GET código postal 2-3
2026-10-09 09:47:47,827 INFO o.a.j.e.StandardJMeterEngine: Notifying test listeners of end of test
2026-10-09 09:47:47,840 INFO o.a.j.r.Summariser: summary =     43 in 00:00:03 =   12.7/s Avg:     0 Min:     0 Max:     0 Err:    43 (100.00%)
2026-10-09 09:47:47,840 INFO o.a.j.JMeter: Generating Dashboard
2026-10-09 09:47:47,840 INFO o.a.j.r.d.ReportGenerator: Flushing result collector before report Generation
2026-10-09 09:47:47,867 INFO o.a.j.r.p.NormalizerSampleConsumer: Using format, 'ms', to parse timeStamp field
2026-10-09 09:47:48,071 INFO o.a.j.r.p.AbstractSampleConsumer: class org.apache.jmeter.report.processor.AggregateConsumer#stopProducing(): beginDate produced 0 samples
2026-10-09 09:47:48,072 INFO o.a.j.r.p.AbstractSampleConsumer: class org.apache.jmeter.report.processor.AggregateConsumer#stopProducing(): endDate produced 0 samples
2026-10-09 09:47:48,075 INFO o.a.j.r.p.AbstractSampleConsumer: class org.apache.jmeter.report.processor.ApdexSummaryConsumer#stopProducing(): apdexSummary produced 0 samples
2026-10-09 09:47:48,075 INFO o.a.j.r.p.AbstractSampleConsumer: class org.apache.jmeter.report.processor.RequestsSummaryConsumer#stopProducing(): requestsSummary produced 0 samples
2026-10-09 09:47:48,078 INFO o.a.j.r.p.AbstractSampleConsumer: class org.apache.jmeter.report.processor.StatisticsSummaryConsumer#stopProducing(): statisticsSummary produced 0 samples
2026-10-09 09:47:48,087 INFO o.a.j.r.p.AbstractSampleConsumer: class org.apache.jmeter.report.processor.Top5ErrorsBySamplerConsumer#stopProducing(): top5ErrorsBySampler produced 0 samples
2026-10-09 09:47:48,087 INFO o.a.j.r.p.AbstractSampleConsumer: class org.apache.jmeter.report.processor.ErrorsSummaryConsumer#stopProducing(): errorsSummary produced 0 samples
2026-10-09 09:47:48,087 INFO o.a.j.r.p.AbstractSampleConsumer: class org.apache.jmeter.report.processor.graph.impl.HitsPerSecondGraphConsumer#stopProducing(): hitsPerSecond produced 0 samples
2026-10-09 09:47:48,115 INFO o.a.j.r.p.AbstractSampleConsumer: class org.apache.jmeter.report.processor.graph.impl.LatencyVSRequestGraphConsumer#stopProducing(): latencyVsRequest produced 0 samples
2026-10-09 09:47:48,115 INFO o.a.j.r.p.AbstractSampleConsumer: class org.apache.jmeter.report.processor.graph.impl.SyntheticResponseTimeDistributionGraphConsumer#stopProducing(): syntheticResponseTimeDistribution produced 0 samples
2026-10-09 09:47:48,115 INFO o.a.j.r.p.AbstractSampleConsumer: class org.apache.jmeter.report.processor.graph.impl.BytesThroughputGraphConsumer#stopProducing(): bytesThroughputOverTime produced 0 samples
2026-10-09 09:47:48,115 INFO o.a.j.r.p.AbstractSampleConsumer: class org.apache.jmeter.report.processor.graph.impl.CodesPerSecondGraphConsumer#stopProducing(): codesPerSecond produced 0 samples
2026-10-09 09:47:48,125 INFO o.a.j.r.p.AbstractSampleConsumer: class org.apache.jmeter.report.processor.graph.impl.ResponseTimeVSRequestGraphConsumer#stopProducing(): responseTimeVsRequest produced 0 samples
2026-10-09 09:47:48,125 INFO o.a.j.r.p.AbstractSampleConsumer: class org.apache.jmeter.report.processor.FilterConsumer#stopProducing(): startIntervalControlerFilter produced 301 samples
2026-10-09 09:47:48,125 INFO o.a.j.r.p.AbstractSampleConsumer: class org.apache.jmeter.report.processor.graph.impl.TotalTPSGraphConsumer#stopProducing(): totalTPS produced 0 samples
2026-10-09 09:47:48,125 INFO o.a.j.r.p.AbstractSampleConsumer: class org.apache.jmeter.report.processor.graph.impl.ActiveThreadsGraphConsumer#stopProducing(): activeThreadsOverTime produced 0 samples
2026-10-09 09:47:48,125 INFO o.a.j.r.p.AbstractSampleConsumer: class org.apache.jmeter.report.processor.graph.impl.TimeVSThreadGraphConsumer#stopProducing(): timeVsThreads produced 0 samples
2026-10-09 09:47:48,127 INFO o.a.j.r.p.AbstractSampleConsumer: class org.apache.jmeter.report.processor.graph.impl.ResponseTimeDistributionGraphConsumer#stopProducing(): responseTimeDistribution produced 0 samples
2026-10-09 09:47:48,127 INFO o.a.j.r.p.AbstractSampleConsumer: class org.apache.jmeter.report.processor.graph.impl.TransactionsPerSecondGraphConsumer#stopProducing(): transactionsPerSecond produced 0 samples
2026-10-09 09:47:48,127 INFO o.a.j.r.p.AbstractSampleConsumer: class org.apache.jmeter.report.processor.graph.impl.ResponseTimePercentilesGraphConsumer#stopProducing(): responseTimePercentiles produced 0 samples
2026-10-09 09:47:48,138 INFO o.a.j.r.p.AbstractSampleConsumer: class org.apache.jmeter.report.processor.graph.impl.ResponseTimePercentilesOverTimeGraphConsumer#stopProducing(): responseTimePercentilesOverTime produced 0 samples
2026-10-09 09:47:48,138 INFO o.a.j.r.p.AbstractSampleConsumer: class org.apache.jmeter.report.processor.graph.impl.ResponseTimeOverTimeGraphConsumer#stopProducing(): responseTimesOverTime produced 0 samples
2026-10-09 09:47:48,138 INFO o.a.j.r.p.AbstractSampleConsumer: class org.apache.jmeter.report.processor.graph.impl.ConnectTimeOverTimeGraphConsumer#stopProducing(): connectTimeOverTime produced 0 samples
2026-10-09 09:47:48,138 INFO o.a.j.r.p.AbstractSampleConsumer: class org.apache.jmeter.report.processor.graph.impl.LatencyOverTimeGraphConsumer#stopProducing(): latenciesOverTime produced 0 samples
2026-10-09 09:47:48,138 INFO o.a.j.r.p.AbstractSampleConsumer: class org.apache.jmeter.report.processor.FilterConsumer#stopProducing(): nameFilter produced 645 samples
2026-10-09 09:47:48,138 INFO o.a.j.r.p.AbstractSampleConsumer: class org.apache.jmeter.report.processor.FilterConsumer#stopProducing(): dateRangeFilter produced 129 samples
2026-10-09 09:47:48,138 INFO o.a.j.r.p.AbstractSampleConsumer: class org.apache.jmeter.report.processor.NormalizerSampleConsumer#stopProducing(): normalizer produced 43 samples
2026-10-09 09:47:48,140 INFO o.a.j.r.p.CsvFileSampleSource: produce(): 43 samples produced in 225ms on channel 0
2026-10-09 09:47:48,140 INFO o.a.j.r.d.ReportGenerator: Exporting data using exporter:'json' of className:'org.apache.jmeter.report.dashboard.JsonExporter'
2026-10-09 09:47:48,275 INFO o.a.j.r.d.JsonExporter: Found data for consumer statisticsSummary in context
2026-10-09 09:47:48,275 INFO o.a.j.r.d.JsonExporter: Creating statistics for overall
2026-10-09 09:47:48,280 INFO o.a.j.r.d.JsonExporter: Creating statistics for other transactions
2026-10-09 09:47:48,280 INFO o.a.j.r.d.JsonExporter: Checking output folder
2026-10-09 09:47:48,283 INFO o.a.j.r.d.JsonExporter: Writing statistics JSON to C:\Users\joseb\Desktop\prueba\pruebas\jmeter\resultados\render-20261009-094740\html\statistics.json
2026-10-09 09:47:48,404 INFO o.a.j.r.d.ReportGenerator: Exporting data using exporter:'html' of className:'org.apache.jmeter.report.dashboard.HtmlTemplateExporter'
2026-10-09 09:47:48,413 INFO o.a.j.r.d.HtmlTemplateExporter: Will generate dashboard in folder: C:\Users\joseb\Desktop\prueba\pruebas\jmeter\resultados\render-20261009-094740\html
2026-10-09 09:47:48,724 INFO o.a.j.r.d.HtmlTemplateExporter: Report will be generated in: C:\Users\joseb\Desktop\prueba\pruebas\jmeter\resultados\render-20261009-094740\html, creating folder structure
2026-10-09 09:47:48,727 INFO o.a.j.r.d.TemplateVisitor: Copying folder from 'C:\Users\joseb\Desktop\apache-jmeter-5.6.3\bin\report-template' to 'C:\Users\joseb\Desktop\prueba\pruebas\jmeter\resultados\render-20261009-094740\html', got message: C:\Users\joseb\Desktop\prueba\pruebas\jmeter\resultados\render-20261009-094740\html, found non empty folder with following content [C:\Users\joseb\Desktop\prueba\pruebas\jmeter\resultados\render-20261009-094740\html\statistics.json], will be ignored
2026-10-09 09:47:49,486 INFO o.a.j.JMeter: Dashboard generated
